version 2
JvmtiExport can_access_local_variables 0
JvmtiExport can_hotswap_or_post_breakpoint 1
JvmtiExport can_post_on_exceptions 0
# 229 ciObject found
instanceKlass sun/nio/ch/SelectorImpl
ciInstanceKlass java/lang/Cloneable 1 0 7 100 1 100 1 1 1
instanceKlass io/netty/handler/codec/compression/EncoderUtil
instanceKlass io/netty/handler/codec/http/websocketx/WebSocketProtocolHandler$1
instanceKlass io/netty/buffer/PooledUnsafeHeapByteBuf$1
instanceKlass io/netty/buffer/PooledHeapByteBuf$1
instanceKlass io/netty/handler/codec/compression/JdkZlibEncoder$2
instanceKlass io/netty/util/internal/RecyclableArrayList$1
instanceKlass io/netty/channel/embedded/EmbeddedChannel$1
instanceKlass io/netty/channel/embedded/EmbeddedChannel$EmbeddedUnsafe$1
instanceKlass io/netty/channel/embedded/EmbeddedChannelId
instanceKlass java/util/zip/Deflater$DeflaterZStreamRef
instanceKlass java/util/zip/Deflater
instanceKlass com/google/gson/internal/bind/EnumTypeAdapter$1
instanceKlass com/google/gson/internal/bind/TypeAdapters$31
instanceKlass java/util/Currency
instanceKlass java/util/UUID
instanceKlass com/google/gson/internal/bind/TypeAdapters$32
instanceKlass java/util/concurrent/atomic/AtomicIntegerArray
instanceKlass com/google/gson/internal/bind/TypeAdapters$30
instanceKlass com/google/gson/internal/bind/TypeAdapters$29
instanceKlass com/google/gson/stream/JsonReader
instanceKlass com/google/gson/TypeAdapterFactory
instanceKlass com/google/gson/TypeAdapter
instanceKlass com/google/gson/internal/bind/TypeAdapters
instanceKlass com/google/gson/FormattingStyle
instanceKlass com/google/gson/internal/Streams$AppendableWriter$CurrentWrite
instanceKlass com/google/gson/internal/Streams
instanceKlass com/google/gson/stream/JsonWriter
instanceKlass java/util/concurrent/ConcurrentLinkedQueue$Itr
instanceKlass  @bci com/google/cloud/datastore/emulator/firestore/websocket/WebSocketChannelHandler$1 userEventTriggered (Lio/netty/channel/ChannelHandlerContext;Ljava/lang/Object;)V 16 <appendix> member <vmtarget> ; # com/google/cloud/datastore/emulator/firestore/websocket/WebSocketChannelHandler$1$$Lambda+0x0000000016343990
instanceKlass io/netty/handler/codec/http/websocketx/WebSocketServerProtocolHandler$HandshakeComplete
instanceKlass io/netty/handler/codec/http/websocketx/WebSocketServerProtocolHandshakeHandler$1
instanceKlass io/netty/handler/codec/http/websocketx/WebSocketServerHandshaker$1
instanceKlass io/netty/handler/codec/http/websocketx/extensions/WebSocketExtensionFilter$2
instanceKlass io/netty/handler/codec/http/websocketx/extensions/WebSocketExtensionFilter$1
instanceKlass io/netty/handler/codec/http/websocketx/extensions/WebSocketExtensionFilter
instanceKlass io/netty/util/internal/PromiseNotificationUtil
instanceKlass io/netty/channel/ChannelOutboundBuffer$Entry$1
instanceKlass io/netty/handler/codec/http/HttpHeadersEncoder
instanceKlass io/netty/handler/codec/DefaultHeaders$HeaderIterator
instanceKlass io/netty/handler/codec/http/websocketx/extensions/WebSocketServerExtensionHandler$2
instanceKlass io/netty/handler/codec/http/websocketx/extensions/WebSocketServerExtensionHandler$1
instanceKlass java/util/Base64$Encoder
instanceKlass java/util/Base64
instanceKlass io/netty/handler/codec/http/websocketx/WebSocketUtil
instanceKlass io/netty/handler/codec/http/websocketx/WebSocketFrameEncoder
instanceKlass io/netty/handler/codec/http/websocketx/WebSocketFrameDecoder
instanceKlass io/netty/handler/codec/http/websocketx/WebSocketServerHandshakerFactory
instanceKlass io/netty/handler/codec/http/websocketx/extensions/compression/PerMessageDeflateServerExtensionHandshaker$PermessageDeflateExtension
instanceKlass io/netty/handler/codec/http/websocketx/extensions/WebSocketExtensionData
instanceKlass io/netty/util/AsciiStringUtil
instanceKlass io/netty/handler/codec/http/websocketx/extensions/WebSocketExtensionUtil
instanceKlass io/netty/util/ReferenceCountUtil
instanceKlass io/netty/buffer/CompositeByteBuf$Component
instanceKlass io/netty/buffer/CompositeByteBuf$2
instanceKlass io/netty/buffer/CompositeByteBuf$1
instanceKlass io/netty/buffer/CompositeByteBuf$ByteWrapper
instanceKlass io/netty/handler/codec/DefaultHeaders$ValueIterator
instanceKlass io/netty/handler/codec/HeadersUtils
instanceKlass io/netty/handler/codec/http/HttpMethod$EnumNameMap$Node
instanceKlass io/netty/handler/codec/http/HttpMethod$EnumNameMap
instanceKlass io/netty/handler/codec/http/HttpMethod
instanceKlass io/netty/util/internal/SWARUtil
instanceKlass io/netty/handler/codec/CodecOutputList$CodecOutputLists
instanceKlass io/netty/handler/codec/CodecOutputList$1
instanceKlass io/netty/handler/codec/CodecOutputList$CodecOutputListRecycler
instanceKlass  @bci com/google/cloud/datastore/emulator/firestore/websocket/WebSocketChannelHandler initChannel (Lio/netty/channel/socket/SocketChannel;)V 149 <appendix> member <vmtarget> ; # com/google/cloud/datastore/emulator/firestore/websocket/WebSocketChannelHandler$$Lambda+0x0000000016331568
instanceKlass io/netty/buffer/DefaultByteBufHolder
instanceKlass io/netty/handler/codec/http/websocketx/WebSocketCloseStatus
instanceKlass io/netty/handler/codec/http/websocketx/WebSocketServerProtocolConfig$Builder
instanceKlass io/netty/handler/codec/http/websocketx/WebSocketServerProtocolConfig
instanceKlass io/netty/handler/codec/http/websocketx/WebSocketDecoderConfig$Builder
instanceKlass io/netty/handler/codec/http/websocketx/WebSocketDecoderConfig
instanceKlass io/netty/handler/codec/http/websocketx/WebSocketServerHandshaker
instanceKlass io/netty/handler/codec/http/websocketx/extensions/compression/DeflateFrameServerExtensionHandshaker
instanceKlass io/netty/handler/codec/http/websocketx/extensions/WebSocketExtensionFilterProvider$1
instanceKlass io/netty/handler/codec/http/websocketx/extensions/WebSocketExtensionFilterProvider
instanceKlass io/netty/handler/codec/compression/ZlibCodecFactory
instanceKlass io/netty/handler/codec/http/websocketx/extensions/WebSocketServerExtension
instanceKlass io/netty/handler/codec/http/websocketx/extensions/WebSocketExtension
instanceKlass io/netty/handler/codec/http/websocketx/extensions/compression/PerMessageDeflateServerExtensionHandshaker
instanceKlass io/netty/handler/codec/http/websocketx/extensions/WebSocketServerExtensionHandshaker
instanceKlass io/netty/channel/CombinedChannelDuplexHandler$DelegatingChannelHandlerContext
instanceKlass io/netty/handler/codec/http/HttpServerUpgradeHandler$SourceCodec
instanceKlass  @bci sun/net/httpserver/ServerImpl$IdleTimeoutTask closeConnections (Ljava/util/Set;J)V 20 <adapter> ; # java/lang/invoke/LambdaForm$MH+0x0000000016330c00
# instanceKlass java/lang/invoke/LambdaForm$DMH+0x0000000016330800
instanceKlass  @bci sun/net/httpserver/ServerImpl$IdleTimeoutTask closeConnections (Ljava/util/Set;J)V 20 <appendix> form vmentry <vmtarget> ; # java/lang/invoke/LambdaForm$DMH+0x0000000016330400
instanceKlass  @bci sun/net/httpserver/ServerImpl$IdleTimeoutTask closeConnections (Ljava/util/Set;J)V 20 <appendix> member <vmtarget> ; # sun/net/httpserver/ServerImpl$IdleTimeoutTask$$Lambda+0x000000001632c4c0
instanceKlass  @cpi sun/net/httpserver/ServerImpl$IdleTimeoutTask 149 form vmentry <vmtarget> ; # java/lang/invoke/LambdaForm$DMH+0x0000000016330000
instanceKlass sun/net/httpserver/HttpConnection
instanceKlass  @bci sun/net/httpserver/ServerImpl$Dispatcher run ()V 175 <appendix> argL0 ; # sun/net/httpserver/ServerImpl$Dispatcher$$Lambda+0x000000001632c000
instanceKlass io/netty/channel/AbstractChannel$AbstractUnsafe$7
instanceKlass io/netty/buffer/PoolThreadCache$MemoryRegionCache$Entry
instanceKlass io/netty/buffer/PoolThreadCache$1
instanceKlass io/netty/buffer/LongLongHashMap
instanceKlass io/netty/buffer/IntPriorityQueue
instanceKlass io/netty/buffer/PoolChunk
instanceKlass io/netty/buffer/PoolChunkMetric
instanceKlass io/netty/util/internal/shaded/org/jctools/queues/MessagePassingQueueUtil
instanceKlass io/netty/util/Recycler$LocalPool
instanceKlass io/netty/util/internal/shaded/org/jctools/queues/MessagePassingQueue$Consumer
instanceKlass io/netty/buffer/PooledUnsafeDirectByteBuf$1
instanceKlass io/netty/buffer/PoolThreadCache$FreeOnFinalize
instanceKlass io/netty/util/Recycler$EnhancedHandle
instanceKlass io/netty/util/Recycler$Handle
instanceKlass io/netty/util/internal/ObjectPool$Handle
instanceKlass io/netty/util/Recycler
instanceKlass io/netty/util/internal/ObjectPool
instanceKlass io/netty/buffer/PoolThreadCache$MemoryRegionCache$1
instanceKlass io/netty/util/internal/ObjectPool$ObjectCreator
instanceKlass io/netty/buffer/PoolThreadCache$MemoryRegionCache
instanceKlass io/netty/handler/codec/http/HttpUtil
instanceKlass io/netty/handler/codec/http/HttpHeaderValidationUtil
instanceKlass io/netty/handler/codec/http/HttpHeaderNames
instanceKlass io/netty/handler/codec/DefaultHeaders$HeaderEntry
instanceKlass io/netty/handler/codec/CharSequenceValueConverter
instanceKlass io/netty/handler/codec/http/EmptyHttpHeaders$InstanceInitializer
instanceKlass io/netty/handler/codec/DefaultHeaders
instanceKlass io/netty/handler/codec/ValueConverter
instanceKlass io/netty/handler/codec/http/HttpResponseStatus
instanceKlass  @bci io/netty/handler/codec/http/HttpVersion <init> (Ljava/lang/String;IIZZ)V 99 <adapter> ; # java/lang/invoke/LambdaForm$MH+0x0000000016320c00
instanceKlass  @bci io/netty/handler/codec/http/HttpVersion <init> (Ljava/lang/String;IIZZ)V 99 <appendix> form vmentry <vmtarget> ; # java/lang/invoke/LambdaForm$MH+0x0000000016320800
instanceKlass  @bci io/netty/handler/codec/http/HttpVersion <init> (Ljava/lang/String;IIZZ)V 99 <appendix> form names 6 function resolvedHandle form vmentry <vmtarget> ; # java/lang/invoke/LambdaForm$DMH+0x0000000016320400
instanceKlass  @bci java/util/regex/CharPredicates ASCII_DIGIT ()Ljava/util/regex/Pattern$BmpCharPredicate; 0 <appendix> argL0 ; # java/util/regex/CharPredicates$$Lambda+0x800000024
instanceKlass io/netty/handler/codec/http/HttpVersion
instanceKlass io/netty/handler/codec/http/LastHttpContent$1
instanceKlass io/netty/handler/codec/http/DefaultHttpObject
instanceKlass io/netty/handler/codec/http/HttpObjectAggregator$AggregatedFullHttpMessage
instanceKlass io/netty/handler/codec/http/HttpHeaderValues
instanceKlass io/netty/buffer/UnsafeByteBufUtil
instanceKlass io/netty/buffer/AbstractByteBufAllocator$1
instanceKlass io/netty/handler/codec/http/HttpObjectDecoder$HeaderParser
instanceKlass io/netty/util/ResourceLeakDetectorFactory
instanceKlass io/netty/buffer/UnpooledByteBufAllocator$UnpooledByteBufAllocatorMetric
instanceKlass io/netty/buffer/Unpooled
instanceKlass io/netty/handler/codec/DefaultHeaders$ValueValidator$1
instanceKlass io/netty/handler/codec/DefaultHeaders$NameValidator$1
instanceKlass io/netty/handler/codec/http/DefaultHttpHeadersFactory$3
instanceKlass io/netty/handler/codec/http/DefaultHttpHeadersFactory$2
instanceKlass io/netty/handler/codec/http/DefaultHttpHeadersFactory$1
instanceKlass io/netty/handler/codec/http/HttpHeaders
instanceKlass io/netty/handler/codec/DefaultHeaders$ValueValidator
instanceKlass io/netty/handler/codec/DefaultHeaders$NameValidator
instanceKlass io/netty/handler/codec/http/DefaultHttpHeadersFactory
instanceKlass io/netty/handler/codec/http/HttpHeadersFactory
instanceKlass io/netty/handler/codec/http/HttpDecoderConfig
instanceKlass io/netty/handler/codec/http/HttpObjectDecoder$1
instanceKlass io/netty/handler/codec/ByteToMessageDecoder$2
instanceKlass io/netty/handler/codec/ByteToMessageDecoder$1
instanceKlass io/netty/handler/codec/DecoderResult
instanceKlass io/netty/handler/codec/ByteToMessageDecoder$Cumulator
instanceKlass io/netty/bootstrap/ServerBootstrap$ServerBootstrapAcceptor$2
instanceKlass sun/nio/ch/SocketChannelImpl$DefaultOptionsHolder
instanceKlass java/net/Socket
instanceKlass io/netty/channel/nio/AbstractNioByteChannel$1
instanceKlass io/netty/util/internal/SocketUtils$5
instanceKlass io/netty/channel/DefaultMaxMessagesRecvByteBufAllocator$MaxMessageHandle$1
instanceKlass io/netty/util/UncheckedBooleanSupplier
instanceKlass io/netty/util/BooleanSupplier
instanceKlass io/netty/channel/DefaultMaxMessagesRecvByteBufAllocator$MaxMessageHandle
instanceKlass io/netty/channel/RecvByteBufAllocator$ExtendedHandle
instanceKlass io/netty/util/concurrent/GenericProgressiveFutureListener
instanceKlass io/grpc/netty/NettyServer$3
instanceKlass io/netty/util/internal/SocketUtils$7
instanceKlass io/grpc/netty/NettyServer$ListenSocket
instanceKlass io/grpc/netty/NettyServer$2
instanceKlass io/grpc/internal/ServerTransport
instanceKlass io/grpc/netty/Utils$ByteBufAllocatorPreferDirectHolder
instanceKlass io/grpc/internal/ServerTransportListener
instanceKlass io/grpc/internal/ServerImpl$ServerListenerImpl
instanceKlass io/netty/channel/group/CombinedIterator
instanceKlass io/netty/channel/group/VoidChannelGroupFuture
instanceKlass io/netty/channel/group/DefaultChannelGroup$1
instanceKlass io/netty/channel/group/ChannelGroupFuture
instanceKlass io/netty/channel/group/ChannelGroup
instanceKlass io/grpc/netty/NettyServer
instanceKlass  @bci jdk/internal/reflect/DirectMethodHandleAccessor invokeImpl (Ljava/lang/Object;[Ljava/lang/Object;)Ljava/lang/Object; 92 <adapter> ; # java/lang/invoke/LambdaForm$MH+0x0000000016301400
# instanceKlass java/lang/invoke/LambdaForm$MH+0x0000000016301000
# instanceKlass java/lang/invoke/LambdaForm$MH+0x0000000016300c00
# instanceKlass java/lang/invoke/LambdaForm$BMH+0x0000000016300800
# instanceKlass java/lang/invoke/LambdaForm$DMH+0x0000000016300400
# instanceKlass java/lang/invoke/LambdaForm$DMH+0x0000000016300000
instanceKlass io/grpc/internal/ServerImpl$NoopListener
instanceKlass io/grpc/Context$Key
instanceKlass io/grpc/Context
instanceKlass io/grpc/internal/ServerListener
instanceKlass io/grpc/internal/ServerStreamListener
instanceKlass io/grpc/internal/StreamListener
instanceKlass io/grpc/reflection/v1alpha/ServerReflectionGrpc$ServerReflectionBaseDescriptorSupplier
instanceKlass io/grpc/reflection/v1alpha/ErrorResponseOrBuilder
instanceKlass io/grpc/reflection/v1alpha/FileDescriptorResponseOrBuilder
instanceKlass io/grpc/reflection/v1alpha/ExtensionNumberResponseOrBuilder
instanceKlass io/grpc/reflection/v1alpha/ListServiceResponseOrBuilder
instanceKlass io/grpc/reflection/v1alpha/ServerReflectionResponseOrBuilder
instanceKlass io/grpc/reflection/v1alpha/ExtensionRequestOrBuilder
instanceKlass io/grpc/reflection/v1alpha/ServerReflectionRequestOrBuilder
instanceKlass io/grpc/reflection/v1alpha/ServerReflectionGrpc
instanceKlass io/grpc/reflection/v1/ServerReflectionGrpc$MethodHandlers
instanceKlass io/grpc/reflection/v1/ErrorResponseOrBuilder
instanceKlass io/grpc/reflection/v1/FileDescriptorResponseOrBuilder
instanceKlass io/grpc/reflection/v1/ExtensionNumberResponseOrBuilder
instanceKlass io/grpc/reflection/v1/ListServiceResponseOrBuilder
instanceKlass io/grpc/reflection/v1/ServerReflectionResponseOrBuilder
instanceKlass io/grpc/reflection/v1/ExtensionRequestOrBuilder
instanceKlass io/grpc/reflection/v1/ServerReflectionRequestOrBuilder
instanceKlass io/grpc/reflection/v1/ServerReflectionGrpc$ServerReflectionBaseDescriptorSupplier
instanceKlass io/grpc/reflection/v1/ServerReflectionGrpc
instanceKlass io/grpc/reflection/v1/ServerReflectionGrpc$ServerReflectionImplBase
instanceKlass io/grpc/reflection/v1/ServerReflectionGrpc$AsyncService
instanceKlass io/grpc/netty/ProtocolNegotiators$PlaintextProtocolNegotiatorServerFactory
instanceKlass io/grpc/internal/InternalHandlerRegistry$Builder
instanceKlass io/grpc/internal/InternalServer
instanceKlass io/grpc/netty/NettyServerBuilder$NettyClientTransportServersBuilder
instanceKlass io/grpc/Server
instanceKlass io/grpc/HandlerRegistry
instanceKlass io/grpc/Attributes
instanceKlass io/grpc/internal/ServerImplBuilder$ClientTransportServersBuilder
instanceKlass io/grpc/ServerBuilder
instanceKlass com/google/common/flogger/backend/google/ShutdownChecker
instanceKlass java/time/LocalTime$1
instanceKlass java/text/DateFormatSymbols
instanceKlass java/time/ZonedDateTime$1
instanceKlass java/util/Calendar
instanceKlass java/util/Formatter$DateTime
instanceKlass  @bci jdk/internal/module/SystemModuleFinders$SystemModuleReader open (Ljava/lang/String;)Ljava/util/Optional; 6 <appendix> member <vmtarget> ; # jdk/internal/module/SystemModuleFinders$SystemModuleReader$$Lambda+0x00000000162cb0a0
instanceKlass jdk/internal/module/SystemModuleFinders
instanceKlass java/util/ResourceBundle$CacheKeyReference
instanceKlass java/util/ResourceBundle$CacheKey
instanceKlass java/util/logging/Level$RbAccess
instanceKlass java/time/LocalDate$1
instanceKlass  @bci java/time/temporal/TemporalAdjusters nextOrSame (Ljava/time/DayOfWeek;)Ljava/time/temporal/TemporalAdjuster; 6 <appendix> member <vmtarget> ; # java/time/temporal/TemporalAdjusters$$Lambda+0x00000000162ca0e8
instanceKlass  @cpi java/time/temporal/TemporalAdjusters 209 form vmentry <vmtarget> ; # java/lang/invoke/LambdaForm$DMH+0x00000000162b4400
instanceKlass java/time/temporal/TemporalAdjusters
instanceKlass java/time/ZonedDateTime
instanceKlass java/time/chrono/ChronoZonedDateTime
instanceKlass  @bci java/time/format/DateTimeFormatter <clinit> ()V 1075 <appendix> argL0 ; # java/time/format/DateTimeFormatter$$Lambda+0x80000001b
instanceKlass  @bci java/time/format/DateTimeFormatter <clinit> ()V 1067 <appendix> argL0 ; # java/time/format/DateTimeFormatter$$Lambda+0x80000001a
instanceKlass java/time/Period
instanceKlass java/time/chrono/ChronoPeriod
instanceKlass java/time/format/DateTimeFormatterBuilder$TextPrinterParser
instanceKlass java/time/format/DateTimeTextProvider$1
instanceKlass java/time/format/DateTimeTextProvider
instanceKlass java/time/format/DateTimeTextProvider$LocaleStore
instanceKlass java/time/format/DateTimeFormatterBuilder$InstantPrinterParser
instanceKlass java/time/format/DateTimeFormatterBuilder$StringLiteralPrinterParser
instanceKlass java/time/format/DateTimeFormatterBuilder$ZoneIdPrinterParser
instanceKlass java/time/format/DateTimeFormatterBuilder$OffsetIdPrinterParser
instanceKlass java/time/format/DecimalStyle
instanceKlass java/time/format/DateTimeFormatterBuilder$CharLiteralPrinterParser
instanceKlass java/time/format/DateTimeFormatter
instanceKlass java/time/format/DateTimeFormatterBuilder$CompositePrinterParser
instanceKlass java/time/format/DateTimeFormatterBuilder$NumberPrinterParser
instanceKlass java/time/format/DateTimeFormatterBuilder$DateTimePrinterParser
instanceKlass java/time/temporal/JulianFields
instanceKlass java/time/temporal/IsoFields
instanceKlass  @bci java/time/format/DateTimeFormatterBuilder <clinit> ()V 0 <appendix> argL0 ; # java/time/format/DateTimeFormatterBuilder$$Lambda+0x80000001c
instanceKlass java/time/temporal/TemporalQuery
instanceKlass java/time/format/DateTimeFormatterBuilder
instanceKlass java/time/Year
instanceKlass java/time/chrono/AbstractChronology
instanceKlass java/time/chrono/Chronology
instanceKlass java/time/LocalDate
instanceKlass java/time/chrono/ChronoLocalDate
instanceKlass java/time/zone/ZoneOffsetTransition
instanceKlass java/time/temporal/ValueRange
instanceKlass java/time/temporal/TemporalField
instanceKlass java/time/LocalTime
instanceKlass java/time/LocalDateTime
instanceKlass java/time/chrono/ChronoLocalDateTime
instanceKlass java/time/zone/ZoneOffsetTransitionRule
instanceKlass java/time/zone/ZoneRules
instanceKlass java/time/zone/Ser
instanceKlass java/io/Externalizable
instanceKlass java/time/zone/ZoneRulesProvider
instanceKlass sun/util/calendar/CalendarUtils
instanceKlass sun/util/calendar/ZoneInfoFile$ZoneOffsetTransitionRule
instanceKlass jdk/internal/util/ByteArray
instanceKlass sun/util/calendar/ZoneInfoFile
instanceKlass java/util/TimeZone
instanceKlass java/time/ZoneId
instanceKlass java/util/logging/LogManager$CloseOnReset
instanceKlass java/util/logging/ErrorManager
instanceKlass jdk/internal/logger/SimpleConsoleLogger$Formatting
instanceKlass sun/util/logging/PlatformLogger
instanceKlass  @bci java/util/logging/SimpleFormatter <init> ()V 5 <appendix> argL0 ; # java/util/logging/SimpleFormatter$$Lambda+0x00000000162c39f8
instanceKlass com/google/common/flogger/backend/MessageUtils
instanceKlass com/google/common/flogger/backend/BaseMessageFormatter$1
instanceKlass  @bci io/grpc/netty/Utils createByteBufAllocator (Z)Lio/netty/buffer/ByteBufAllocator; 11 <appendix> form vmentry <vmtarget> ; # java/lang/invoke/LambdaForm$MH+0x00000000162b4000
instanceKlass com/google/common/flogger/backend/FormatOptions
instanceKlass com/google/common/flogger/parser/MessageBuilder
instanceKlass com/google/common/flogger/parameter/ParameterVisitor
instanceKlass com/google/common/flogger/backend/google/SimpleCustomFormatter$FormatContext$2
instanceKlass com/google/common/flogger/backend/google/SimpleCustomFormatter$FormatContext$1
instanceKlass com/google/common/flogger/MetadataKey$KeyValueHandler
instanceKlass com/google/common/flogger/backend/google/SimpleCustomFormatter$FormatContext
instanceKlass com/google/common/flogger/backend/SimpleMessageFormatter
instanceKlass com/google/common/flogger/backend/MetadataProcessor
instanceKlass java/util/logging/Formatter
instanceKlass  @bci com/google/protobuf/ProtobufToStringOutput <clinit> ()V 0 <appendix> argL0 ; # com/google/protobuf/ProtobufToStringOutput$$Lambda+0x00000000162ada58
instanceKlass com/google/protobuf/ProtobufToStringOutput
instanceKlass  @bci com/google/common/flogger/backend/google/GoogleLoggerBackend$BackendImpl log (Lcom/google/common/flogger/backend/LogData;)V 2 <appendix> member <vmtarget> ; # com/google/common/flogger/backend/google/GoogleLoggerBackend$BackendImpl$$Lambda+0x00000000162ad3c8
instanceKlass com/google/common/flogger/util/RecursionDepth
instanceKlass com/google/common/flogger/context/Tags$LightweightTagMap$1
instanceKlass com/google/common/flogger/context/Tags$2
instanceKlass com/google/common/flogger/context/Tags$1
instanceKlass com/google/common/flogger/parameter/Parameter
instanceKlass com/google/common/flogger/backend/TemplateContext
instanceKlass com/google/common/flogger/LazyArg
instanceKlass com/google/common/flogger/LogSite
instanceKlass com/google/common/flogger/parser/MessageParser
instanceKlass com/google/common/flogger/LogSiteKey
instanceKlass com/google/common/flogger/backend/Metadata
instanceKlass io/netty/channel/ChannelFutureListener$3
instanceKlass io/netty/channel/ChannelFutureListener$2
instanceKlass com/google/common/flogger/LogContext
instanceKlass io/netty/channel/ChannelFutureListener$1
instanceKlass com/google/common/flogger/backend/LogData
instanceKlass io/netty/channel/AbstractChannel$AbstractUnsafe$2
instanceKlass io/netty/bootstrap/AbstractBootstrap$2
instanceKlass io/netty/util/concurrent/DefaultPromise$1
instanceKlass io/netty/bootstrap/ServerBootstrap$ServerBootstrapAcceptor$1
instanceKlass io/netty/bootstrap/AbstractBootstrap$1
instanceKlass io/netty/bootstrap/ServerBootstrap$1$1
instanceKlass io/netty/util/concurrent/FastThreadLocalRunnable
instanceKlass io/netty/util/internal/ThreadExecutorMap$2
instanceKlass io/netty/util/concurrent/SingleThreadEventExecutor$4
instanceKlass io/netty/util/internal/shaded/org/jctools/queues/LinkedArrayQueueUtil
instanceKlass io/netty/channel/AbstractChannel$AbstractUnsafe$1
instanceKlass io/netty/bootstrap/ChannelInitializerExtensions
instanceKlass io/netty/buffer/ByteBufUtil$2
instanceKlass io/netty/buffer/PooledByteBufAllocatorMetric
instanceKlass io/netty/buffer/PoolChunkList
instanceKlass io/netty/buffer/PoolChunkListMetric
instanceKlass io/netty/buffer/PoolSubpage
instanceKlass io/netty/buffer/PoolSubpageMetric
instanceKlass io/netty/buffer/PoolThreadCache
instanceKlass io/netty/buffer/SizeClasses
instanceKlass io/netty/buffer/PoolArena
instanceKlass io/netty/buffer/PoolArenaMetric
instanceKlass io/netty/buffer/SizeClassesMetric
instanceKlass io/netty/buffer/PooledByteBufAllocator$1
instanceKlass io/netty/buffer/ByteBufAllocatorMetric
instanceKlass io/netty/buffer/AbstractByteBufAllocator
instanceKlass io/netty/buffer/ByteBufAllocatorMetricProvider
instanceKlass io/netty/util/CharsetUtil
instanceKlass io/netty/buffer/ByteBuf
instanceKlass io/netty/buffer/ByteBufConvertible
instanceKlass io/netty/util/ByteProcessor
instanceKlass io/netty/buffer/ByteBufUtil
instanceKlass io/netty/channel/RecvByteBufAllocator$Handle
instanceKlass io/netty/channel/DefaultMaxMessagesRecvByteBufAllocator
instanceKlass io/netty/channel/MaxMessagesRecvByteBufAllocator
instanceKlass io/netty/channel/WriteBufferWaterMark
instanceKlass io/netty/channel/DefaultMessageSizeEstimator$HandleImpl
instanceKlass io/netty/channel/DefaultMessageSizeEstimator
instanceKlass io/netty/channel/MessageSizeEstimator
instanceKlass io/netty/channel/RecvByteBufAllocator
instanceKlass io/netty/channel/DefaultChannelConfig
instanceKlass io/netty/channel/nio/AbstractNioChannel$1
instanceKlass io/netty/channel/ChannelHandlerMask$Skip
instanceKlass io/netty/channel/ChannelHandlerMask$2
instanceKlass io/netty/channel/ChannelHandlerMask
instanceKlass io/netty/channel/AbstractChannelHandlerContext$Tasks
instanceKlass io/netty/channel/VoidChannelPromise$1
instanceKlass io/netty/channel/MessageSizeEstimator$Handle
instanceKlass io/netty/channel/DefaultChannelPipeline$PendingHandlerCallback
instanceKlass io/netty/channel/ChannelProgressivePromise
instanceKlass io/netty/channel/ChannelProgressiveFuture
instanceKlass io/netty/channel/AbstractChannelHandlerContext
instanceKlass io/netty/util/ResourceLeakHint
instanceKlass io/netty/channel/ChannelHandlerContext
instanceKlass io/netty/channel/DefaultChannelPipeline
instanceKlass io/netty/channel/ChannelOutboundBuffer$Entry
instanceKlass java/util/concurrent/atomic/AtomicLongFieldUpdater
instanceKlass io/netty/channel/ChannelOutboundBuffer
instanceKlass io/netty/util/internal/SocketUtils$13
instanceKlass io/netty/util/NetUtil$SoMaxConnAction
instanceKlass io/netty/util/NetUtilInitializations$NetworkIfaceAndInetAddress
instanceKlass io/netty/util/internal/SocketUtils$11
instanceKlass io/netty/util/NetUtilInitializations
instanceKlass io/netty/util/NetUtil
instanceKlass io/netty/util/internal/MacAddressUtil
# instanceKlass java/lang/invoke/LambdaForm$DMH+0x0000000016288c00
instanceKlass  @bci java/lang/ProcessHandleImpl initReaper ()Ljava/util/concurrent/Executor; 45 <appendix> form vmentry <vmtarget> ; # java/lang/invoke/LambdaForm$DMH+0x0000000016288800
instanceKlass  @bci java/lang/ProcessHandleImpl initReaper ()Ljava/util/concurrent/Executor; 45 <appendix> member <vmtarget> ; # java/lang/ProcessHandleImpl$$Lambda+0x00000000162c1460
instanceKlass  @cpi java/lang/ProcessHandleImpl 358 form vmentry <vmtarget> ; # java/lang/invoke/LambdaForm$DMH+0x0000000016288400
# instanceKlass java/lang/invoke/LambdaForm$DMH+0x0000000016288000
instanceKlass java/lang/ProcessHandleImpl
instanceKlass java/util/concurrent/CompletableFuture
instanceKlass java/util/concurrent/CompletionStage
instanceKlass java/lang/ProcessHandle$Info
instanceKlass java/lang/ProcessHandle
instanceKlass io/netty/channel/DefaultChannelId
instanceKlass io/netty/channel/ChannelFlushPromiseNotifier$FlushCheckpoint
instanceKlass io/netty/channel/ChannelFutureListener
instanceKlass java/nio/channels/MulticastChannel
instanceKlass io/netty/channel/socket/nio/SelectorProviderUtil
instanceKlass io/netty/channel/ChannelMetadata
instanceKlass io/netty/util/internal/SocketUtils$10
instanceKlass io/netty/util/internal/SocketUtils
instanceKlass io/netty/channel/socket/ServerSocketChannelConfig
instanceKlass io/netty/channel/socket/ServerSocketChannel
instanceKlass io/netty/bootstrap/AbstractBootstrapConfig
instanceKlass io/netty/bootstrap/AbstractBootstrap
instanceKlass java/util/concurrent/RunnableScheduledFuture
instanceKlass java/util/concurrent/Executors$DelegatedExecutorService
instanceKlass io/netty/util/ConstantPool
instanceKlass io/netty/util/AbstractConstant
instanceKlass io/netty/util/Constant
instanceKlass com/google/net/webchannel/server/WebChannelOptions
instanceKlass com/google/net/webchannel/server/WebChannelOptions$Builder
instanceKlass com/google/net/webchannel/server/common/ChannelInternalSupport
instanceKlass com/google/net/webchannel/server/v8/CorsFilter
instanceKlass com/google/net/webchannel/server/common/Event
instanceKlass com/google/net/http/HttpTransactionHandler
instanceKlass com/google/net/webchannel/server/common/HttpTransactionFilter
instanceKlass com/google/net/webchannel/server/AsyncWebChannel$Handler
instanceKlass com/google/net/webchannel/server/AsyncWebChannel
instanceKlass com/google/cloud/datastore/emulator/firestore/webchannel/FirestoreV1WebChannelAdapter$FirestoreServerHandler
instanceKlass java/util/LinkedList$Node
instanceKlass java/util/LinkedList$ListItr
instanceKlass com/sun/net/httpserver/Filter
instanceKlass com/google/net/http/HttpTransaction
instanceKlass com/google/net/http/jdkserver/HttpServerSupportInternal$HandlerInternal
instanceKlass java/util/Timer$ThreadReaper
instanceKlass java/lang/Thread$ThreadNumbering
instanceKlass java/util/TaskQueue
instanceKlass java/util/Timer
instanceKlass sun/net/httpserver/ServerImpl$Dispatcher
instanceKlass java/lang/invoke/ConstantBootstraps
instanceKlass sun/net/httpserver/ContextList
instanceKlass sun/util/logging/PlatformLogger$ConfigurableBridge$LoggerConfiguration
instanceKlass jdk/internal/logger/LoggerFinderLoader
instanceKlass jdk/internal/logger/LazyLoggers$LazyLoggerFactories
instanceKlass jdk/internal/logger/LazyLoggers$1
instanceKlass jdk/internal/logger/LazyLoggers
instanceKlass sun/net/httpserver/ServerConfig
instanceKlass sun/net/httpserver/Event
instanceKlass java/util/TimerTask
instanceKlass sun/net/httpserver/ServerImpl
instanceKlass com/sun/net/httpserver/HttpContext
instanceKlass com/sun/net/httpserver/spi/HttpServerProvider
instanceKlass com/sun/net/httpserver/HttpServer
instanceKlass com/google/net/http/ServerOptions
instanceKlass com/google/net/http/ServerOptions$Builder
instanceKlass com/sun/net/httpserver/HttpHandler
instanceKlass com/google/net/http/HttpServerSupport
instanceKlass com/google/net/http/HttpServers
instanceKlass com/google/net/webchannel/server/common/HttpServerHandler
instanceKlass com/google/net/http/HttpServerSupport$ServerHandler
instanceKlass com/google/net/webchannel/server/WebChannelServerSupport
instanceKlass com/google/net/webchannel/server/WebChannelServers
instanceKlass com/google/net/webchannel/server/WebChannelServerSupport$ServerHandler
instanceKlass com/google/cloud/datastore/emulator/firestore/webchannel/FirestoreV1WebChannelAdapter
instanceKlass sun/net/NetHooks
instanceKlass  @bci sun/nio/ch/NioSocketImpl closerFor (Ljava/io/FileDescriptor;)Ljava/lang/Runnable; 1 <appendix> member <vmtarget> ; # sun/nio/ch/NioSocketImpl$$Lambda+0x00000000160f8c98
instanceKlass  @cpi sun/nio/ch/NioSocketImpl 895 form vmentry <vmtarget> ; # java/lang/invoke/LambdaForm$DMH+0x000000001627c000
instanceKlass java/net/InetSocketAddress$InetSocketAddressHolder
instanceKlass sun/net/PlatformSocketImpl
instanceKlass java/net/SocketImpl
instanceKlass java/net/SocketOptions
instanceKlass java/net/ServerSocket
instanceKlass io/netty/handler/codec/http/FullHttpRequest
instanceKlass io/netty/handler/codec/http/HttpRequest
instanceKlass io/netty/util/internal/TypeParameterMatcher
instanceKlass jdk/internal/foreign/MemorySessionImpl
instanceKlass java/lang/foreign/MemorySegment$Scope
instanceKlass com/google/cloud/datastore/emulator/firestore/FirestoreRuleCoverageHandler$ErrorPage
instanceKlass com/google/common/io/Resources
instanceKlass com/google/cloud/datastore/emulator/firestore/FirestoreRuleCoverageHandler$RuleCoverageReportPage
instanceKlass io/netty/channel/ChannelHandler$Sharable
instanceKlass io/grpc/protobuf/services/ProtoReflectionService
instanceKlass com/google/firestore/emulator/v1/FirestoreEmulatorGrpc$1
instanceKlass com/google/api/ResourceDescriptor$ResourceNameDescriptorOrBuilder
instanceKlass com/google/api/ResourceContainerRuleOrBuilder
instanceKlass com/google/api/ResourceReferenceOrBuilder
instanceKlass com/google/api/ResourceDescriptor$1
instanceKlass com/google/api/ResourceDescriptorOrBuilder
instanceKlass com/google/firestore/admin/v1/IndexProtoInternalDescriptors
instanceKlass com/google/api/ResourceProtoInternalDescriptors
instanceKlass com/google/firebase/rules/v1/SourceProtoInternalDescriptors
instanceKlass com/google/firebase/rules/runtime/v1/RuntimeProtoInternalDescriptors
instanceKlass com/google/firestore/emulator/v1/FirestoreEmulatorProtoInternalDescriptors
instanceKlass com/google/firestore/v1beta1/WriteOrBuilder
instanceKlass com/google/firestore/v1beta1/FirestoreGrpc$1
instanceKlass com/google/firestore/v1beta1/BloomFilterProtoInternalDescriptors
instanceKlass com/google/firestore/v1beta1/WriteProtoInternalDescriptors
instanceKlass com/google/firestore/v1beta1/QueryProfileProtoInternalDescriptors
instanceKlass com/google/firestore/v1beta1/QueryProtoInternalDescriptors
instanceKlass com/google/firestore/v1beta1/PipelineProtoInternalDescriptors
instanceKlass com/google/firestore/v1beta1/ExplainStatsProtoInternalDescriptors
instanceKlass com/google/firestore/v1beta1/CommonProtoInternalDescriptors
instanceKlass com/google/firestore/v1beta1/DocumentProtoInternalDescriptors
instanceKlass com/google/firestore/v1beta1/AggregationResultProtoInternalDescriptors
instanceKlass com/google/firestore/v1beta1/FirestoreProtoInternalDescriptors
instanceKlass com/google/firestore/v1/WriteOrBuilder
instanceKlass com/google/firestore/v1/FirestoreGrpc$1
instanceKlass com/google/api/PolicyAspectOrBuilder
instanceKlass com/google/api/CustomErrorRuleOrBuilder
instanceKlass com/google/protobuf/DescriptorProtos$MethodOptions$SecurityLevel$1
instanceKlass com/google/protobuf/EmptyProtoInternalDescriptors
instanceKlass com/google/firestore/v1/BloomFilterProtoInternalDescriptors
instanceKlass com/google/firestore/v1/WriteProtoInternalDescriptors
instanceKlass com/google/firestore/v1/QueryProfileProtoInternalDescriptors
instanceKlass com/google/firestore/v1/QueryProtoInternalDescriptors
instanceKlass com/google/firestore/v1/PipelineProtoInternalDescriptors
instanceKlass com/google/api/ErrorFormatProtoInternalDescriptors
instanceKlass com/google/firestore/v1/ExplainStatsProtoInternalDescriptors
instanceKlass com/google/firestore/v1/CommonProtoInternalDescriptors
instanceKlass com/google/firestore/v1/DocumentProtoInternalDescriptors
instanceKlass com/google/firestore/v1/AggregationResultProtoInternalDescriptors
instanceKlass com/google/cloud/datastore/billing/BillingProtoInternalDescriptors
instanceKlass com/google/cloud/datastore/internal/DatastoreInternalInlineExtensionsInternalDescriptors
instanceKlass com/google/firestore/v1/FirestoreProtoInternalDescriptors
instanceKlass com/google/datastore/v1/MutationOrBuilder
instanceKlass com/google/datastore/v1/KeyOrBuilder
instanceKlass io/gapi/gax/protobuf/ProtoReflectionUtil
instanceKlass io/gapi/gax/protobuf/PathTemplate$Segment
instanceKlass com/google/common/base/NullnessCasts
instanceKlass com/google/common/base/AbstractIterator
instanceKlass com/google/common/base/Splitter$5
instanceKlass io/gapi/gax/protobuf/PathTemplate
instanceKlass com/google/protobuf/AbstractMessageLite$InternalOneOfEnum
instanceKlass io/gapi/emulators/protobuf/HttpConfig$1
# instanceKlass java/lang/invoke/LambdaForm$MH+0x000000001623ac00
instanceKlass com/google/protobuf/DescriptorProtos$UninterpretedOption$NamePartOrBuilder
instanceKlass com/google/protobuf/GeneratedMessage$FieldAccessorTable$RepeatedFieldAccessor$MethodHandleInvoker
instanceKlass com/google/protobuf/GeneratedMessage$FieldAccessorTable$RepeatedFieldAccessor$ReflectionInvoker
instanceKlass com/google/protobuf/GeneratedMessage$FieldAccessorTable$RepeatedFieldAccessor$MethodInvoker
# instanceKlass java/lang/invoke/LambdaForm$MH+0x000000001623a800
# instanceKlass java/lang/invoke/LambdaForm$MH+0x000000001623a400
# instanceKlass java/lang/invoke/LambdaForm$MH+0x000000001623a000
# instanceKlass java/lang/invoke/LambdaForm$MH+0x0000000016239c00
# instanceKlass java/lang/invoke/LambdaForm$BMH+0x0000000016239800
# instanceKlass java/lang/invoke/LambdaForm$DMH+0x0000000016239400
# instanceKlass java/lang/invoke/LambdaForm$DMH+0x0000000016239000
# instanceKlass java/lang/invoke/LambdaForm$MH+0x0000000016238c00
# instanceKlass java/lang/invoke/LambdaForm$MH+0x0000000016238800
# instanceKlass java/lang/invoke/LambdaForm$BMH+0x0000000016238400
# instanceKlass java/lang/invoke/LambdaForm$DMH+0x0000000016238000
# instanceKlass java/lang/invoke/LambdaForm$DMH+0x0000000016237c00
# instanceKlass java/lang/invoke/LambdaForm$MH+0x0000000016237800
# instanceKlass java/lang/invoke/LambdaForm$MH+0x0000000016237400
# instanceKlass java/lang/invoke/LambdaForm$MH+0x0000000016237000
# instanceKlass java/lang/invoke/LambdaForm$MH+0x0000000016236c00
# instanceKlass java/lang/invoke/LambdaForm$MH+0x0000000016236800
# instanceKlass java/lang/invoke/LambdaForm$MH+0x0000000016236400
# instanceKlass java/lang/invoke/LambdaForm$MH+0x0000000016236000
# instanceKlass java/lang/invoke/LambdaForm$BMH+0x0000000016235c00
# instanceKlass java/lang/invoke/LambdaForm$DMH+0x0000000016235800
# instanceKlass java/lang/invoke/LambdaForm$DMH+0x0000000016235400
# instanceKlass java/lang/invoke/LambdaForm$MH+0x0000000016235000
# instanceKlass java/lang/invoke/LambdaForm$MH+0x0000000016234c00
# instanceKlass java/lang/invoke/LambdaForm$BMH+0x0000000016234800
# instanceKlass java/lang/invoke/LambdaForm$DMH+0x0000000016234400
# instanceKlass java/lang/invoke/LambdaForm$DMH+0x0000000016234000
instanceKlass com/google/common/base/Suppliers$SupplierOfInstance
instanceKlass com/google/common/base/Suppliers
instanceKlass io/gapi/emulators/protobuf/HttpConfig
instanceKlass io/grpc/ClientCall$Listener
instanceKlass io/grpc/stub/ClientCalls
instanceKlass io/grpc/CallOptions$Builder
instanceKlass io/grpc/CallOptions
instanceKlass com/google/datastore/v1/DatastoreGrpc$1
instanceKlass com/google/protobuf/CodedInputStream$1
instanceKlass com/google/api/RoutingParameterOrBuilder
instanceKlass com/google/api/CrossOriginValidationOrBuilder
instanceKlass com/google/api/RoutingRuleOrBuilder
instanceKlass com/google/protobuf/GeneratedMessage$5
# instanceKlass java/lang/invoke/LambdaForm$MH+0x0000000016227c00
# instanceKlass java/lang/invoke/LambdaForm$MH+0x0000000016227800
instanceKlass java/lang/classfile/CodeBuilder$1
# instanceKlass java/lang/invoke/LambdaForm$MH+0x0000000016227400
instanceKlass java/lang/invoke/MethodHandleImpl$Makers$2
instanceKlass java/lang/invoke/MethodHandleImpl$Makers$1
instanceKlass java/lang/invoke/MethodHandleImpl$Makers
# instanceKlass java/lang/invoke/LambdaForm$MH+0x0000000016227000
# instanceKlass java/lang/invoke/LambdaForm$MH+0x0000000016226c00
# instanceKlass java/lang/invoke/LambdaForm$MH+0x0000000016226800
# instanceKlass java/lang/invoke/LambdaForm$DMH+0x0000000016226400
# instanceKlass java/lang/invoke/LambdaForm$MH+0x0000000016226000
# instanceKlass java/lang/invoke/LambdaForm$DMH+0x0000000016225c00
# instanceKlass java/lang/invoke/LambdaForm$DMH+0x0000000016225800
# instanceKlass java/lang/invoke/LambdaForm$DMH+0x0000000016225400
# instanceKlass java/lang/invoke/LambdaForm$MH+0x0000000016225000
instanceKlass com/google/protobuf/GeneratedMessage$FieldAccessorTable$MethodHandleConstants
instanceKlass com/google/protobuf/GeneratedMessage$FieldAccessorTable$RepeatedFieldAccessor
# instanceKlass java/lang/invoke/LambdaForm$MH+0x0000000016224c00
# instanceKlass java/lang/invoke/LambdaForm$MH+0x0000000016224800
# instanceKlass java/lang/invoke/LambdaForm$MH+0x0000000016224400
# instanceKlass java/lang/invoke/LambdaForm$MH+0x0000000016224000
instanceKlass com/google/protobuf/GeneratedMessage$FieldAccessorTable$SingularFieldAccessor$MethodHandleInvoker
instanceKlass com/google/protobuf/GeneratedMessage$FieldAccessorTable$SingularFieldAccessor$ReflectionInvoker
instanceKlass com/google/protobuf/GeneratedMessage$FieldAccessorTable$SingularFieldAccessor$MethodInvoker
instanceKlass com/google/protobuf/GeneratedMessage$FieldAccessorTable$SingularFieldAccessor
instanceKlass com/google/protos/datapol/classification/DatapolClassification$OptionsOrBuilder
instanceKlass com/google/protos/datapol/SemanticAnnotations$EnumDetailsOrBuilder
instanceKlass com/google/protos/datapol/SemanticAnnotations$MessageDetails$1
instanceKlass com/google/protos/datapol/SemanticAnnotations$MessageDetailsOrBuilder
instanceKlass com/google/protos/datapol/RetentionAnnotations$RetentionSpecOrBuilder
instanceKlass com/google/protos/datapol/SemanticAnnotations$FieldDetails$1
instanceKlass com/google/protos/datapol/SemanticAnnotations$AnnotationsDetailsOrBuilder
instanceKlass com/google/protos/datapol/SemanticAnnotations$FieldDetailsOrBuilder
instanceKlass com/google/protos/datapol/SemanticAnnotations$LocationQualifierOrBuilder
instanceKlass com/google/protos/datapol/SemanticAnnotations$QualifierOrBuilder
instanceKlass com/google/api/MetadataPolicyOrBuilder
instanceKlass com/google/api/OrgPolicyOrBuilder
instanceKlass com/google/api/MethodPolicyOrBuilder
instanceKlass com/google/api/FieldPolicyOrBuilder
instanceKlass com/google/protobuf/GeneratedMessage$ExtendableMessage$NoOpExtensionSerializer
instanceKlass com/google/protobuf/ByteString$CodedBuilder
instanceKlass com/google/protobuf/ByteOutput
instanceKlass com/google/api/VisibilityRuleOrBuilder
instanceKlass com/google/api/ApiInclusionOrBuilder
instanceKlass com/google/api/AuthorizationRuleOrBuilder
instanceKlass com/google/api/MediaUploadOrBuilder
instanceKlass com/google/api/CustomHttpPatternOrBuilder
instanceKlass com/google/api/MediaDownloadOrBuilder
instanceKlass com/google/api/HttpRuleOrBuilder
instanceKlass com/google/protobuf/DescriptorProtos$MethodOptions$TokenUnit$1
instanceKlass com/google/protobuf/DescriptorProtos$MethodOptionsOrBuilder
instanceKlass com/google/protobuf/DescriptorProtos$MethodDescriptorProtoOrBuilder
instanceKlass com/google/protobuf/DescriptorProtos$ServiceOptionsOrBuilder
instanceKlass com/google/rpc/StatusProtoInternalDescriptors
instanceKlass com/google/protobuf/AnyProtoInternalDescriptors
instanceKlass com/google/datastore/v1/QueryProfileProtoInternalDescriptors
instanceKlass com/google/net/proto2/contrib/annotatedfingerprint/FingerprintingAnnotationsInternalDescriptors
instanceKlass com/google/protobuf/DescriptorProtos$FieldOptions$CType$1
instanceKlass com/google/protobuf/WrappersProtoInternalDescriptors
instanceKlass com/google/datastore/v1/QueryProtoInternalDescriptors
instanceKlass com/google/type/LatLngProtoInternalDescriptors
instanceKlass com/google/protobuf/TimestampProtoInternalDescriptors
instanceKlass com/google/datastore/v1/EntityProtoInternalDescriptors
instanceKlass com/google/datastore/v1/AggregationResultProtoInternalDescriptors
instanceKlass com/google/api/RoutingProtoInternalDescriptors
instanceKlass com/google/api/FieldBehaviorProtoInternalDescriptors
instanceKlass com/google/protos/datapol/classification/DatapolClassificationInternalDescriptors
instanceKlass com/google/protos/datapol/RetentionAnnotationsInternalDescriptors
instanceKlass com/google/protos/datapol/SemanticAnnotationsInternalDescriptors
instanceKlass com/google/protobuf/DurationProtoInternalDescriptors
instanceKlass com/google/protobuf/StructProtoInternalDescriptors
instanceKlass com/google/api/PolicyProtoInternalDescriptors
instanceKlass com/google/api/LaunchStageProtoInternalDescriptors
instanceKlass com/google/api/ClientProtoInternalDescriptors
instanceKlass com/google/protobuf/DescriptorProtos$OneofOptionsOrBuilder
instanceKlass com/google/api/MediaProtoInternalDescriptors
instanceKlass com/google/protobuf/UnknownFieldSet$Field$Builder
instanceKlass com/google/protobuf/UnknownFieldSet$Field
instanceKlass com/google/protobuf/Proto1FeaturesProto$Proto1Features$NestInFileClassFeature$NestInFileClass$1
instanceKlass com/google/protobuf/JavaFeaturesProto$JavaFeatures$NestInFileClassFeature$NestInFileClass$1
instanceKlass com/google/protobuf/JavaFeaturesProto$JavaFeatures$Utf8Validation$1
instanceKlass com/google/protobuf/DescriptorProtos$FeatureSet$VisibilityFeature$DefaultSymbolVisibility$1
instanceKlass com/google/protobuf/DescriptorProtos$FeatureSet$EnforceNamingStyle$1
instanceKlass com/google/protobuf/DescriptorProtos$FeatureSet$JsonFormat$1
instanceKlass com/google/protobuf/DescriptorProtos$FeatureSet$MessageEncoding$1
instanceKlass com/google/protobuf/DescriptorProtos$FeatureSet$Utf8Validation$1
instanceKlass com/google/protobuf/DescriptorProtos$FeatureSet$RepeatedFieldEncoding$1
instanceKlass com/google/protobuf/DescriptorProtos$FeatureSet$EnumType$1
instanceKlass com/google/protobuf/DescriptorProtos$FeatureSet$FieldPresence$1
instanceKlass com/google/protobuf/SmallSortedMap$Entry
instanceKlass com/google/protobuf/LazyFieldLite
instanceKlass com/google/protobuf/FieldSet$1
instanceKlass com/google/protobuf/MessageReflection$1
instanceKlass com/google/protobuf/MessageReflection
instanceKlass com/google/protobuf/MessageReflection$ExtensionBuilderAdapter
instanceKlass com/google/protobuf/DescriptorProtos$FeatureSetDefaults$FeatureSetEditionDefaultOrBuilder
instanceKlass com/google/protobuf/Proto1FeaturesProtoInternalDescriptors
instanceKlass com/google/protobuf/Proto1FeaturesProto$Proto1FeaturesOrBuilder
instanceKlass com/google/protobuf/ExtensionRegistry$DescriptorIntPair
instanceKlass com/google/protobuf/ExtensionRegistry$1
instanceKlass com/google/protobuf/GeneratedMessage$GeneratedExtension$1
instanceKlass com/google/protobuf/JavaFeaturesProtoInternalDescriptors
instanceKlass com/google/protobuf/JavaFeaturesProto$JavaFeaturesOrBuilder
instanceKlass com/google/protobuf/DescriptorProtos$FeatureSetDefaultsOrBuilder
instanceKlass com/google/protobuf/SmallSortedMap$EntryIterator
instanceKlass java/util/AbstractMap$KeyIterator
instanceKlass com/google/protobuf/GeneratedMessage$FieldAccessorTable$OneofAccessor
instanceKlass com/google/protobuf/GeneratedMessage$FieldAccessorTable$FieldAccessor
instanceKlass com/google/protobuf/GeneratedMessage$FieldAccessorTable
instanceKlass com/google/protobuf/UnknownFieldSet$Builder
instanceKlass com/google/protobuf/FieldSet$Builder
instanceKlass com/google/protobuf/TypeRegistry$EmptyTypeRegistryHolder
instanceKlass com/google/protobuf/TypeRegistry
instanceKlass com/google/protobuf/TextFormat$Parser$Builder
instanceKlass com/google/protobuf/TextFormat$Parser
instanceKlass com/google/protobuf/TextFormat
instanceKlass  @bci com/google/protobuf/Descriptors$EnumValueDescriptor <clinit> ()V 10 <appendix> argL0 ; # com/google/protobuf/Descriptors$EnumValueDescriptor$$Lambda+0x00000000161ee2b0
instanceKlass com/google/protobuf/Descriptors$EnumValueDescriptor$1
instanceKlass  @bci java/util/DualPivotQuicksort sort (Ljava/util/DualPivotQuicksort$Sorter;[IIII)V 63 <appendix> argL0 ; # java/util/DualPivotQuicksort$$Lambda+0x00000000160f6f28
instanceKlass  @cpi java/util/DualPivotQuicksort 405 form vmentry <vmtarget> ; # java/lang/invoke/LambdaForm$DMH+0x00000000161ec000
instanceKlass java/util/DualPivotQuicksort$SortOperation
instanceKlass java/util/DualPivotQuicksort
instanceKlass  @bci com/google/protobuf/Descriptors$FieldDescriptor <clinit> ()V 0 <appendix> argL0 ; # com/google/protobuf/Descriptors$FieldDescriptor$$Lambda+0x00000000161e9c38
instanceKlass java/util/function/ToIntFunction
instanceKlass com/google/protobuf/UnsafeUtil$1
instanceKlass com/google/protobuf/UnsafeUtil$MemoryAccessor
instanceKlass java/security/PrivilegedExceptionAction
instanceKlass com/google/protobuf/UnsafeUtil
instanceKlass com/google/protobuf/Utf8$Processor
instanceKlass com/google/protobuf/Utf8
instanceKlass com/google/protobuf/Descriptors
instanceKlass java/util/IdentityHashMap$IdentityHashMapIterator
instanceKlass com/google/protobuf/Descriptors$FileDescriptorTables
instanceKlass com/google/protobuf/DescriptorProtos$FileOptions$OptimizeMode$1
instanceKlass com/google/protobuf/DescriptorProtos$Edition$1
instanceKlass com/google/protobuf/DescriptorProtos$FieldOptions$OptionTargetType$1
instanceKlass com/google/protobuf/DescriptorProtos$EnumValueOptionsOrBuilder
instanceKlass com/google/protobuf/DescriptorProtos$EnumDescriptorProto$EnumReservedRangeOrBuilder
instanceKlass com/google/protobuf/DescriptorProtos$EnumValueDescriptorProtoOrBuilder
instanceKlass com/google/protobuf/DescriptorProtos$EnumOptionsOrBuilder
instanceKlass com/google/protobuf/DescriptorProtos$FieldOptions$OptionRetention$1
instanceKlass com/google/protobuf/DescriptorProtos$UninterpretedOptionOrBuilder
instanceKlass com/google/protobuf/DescriptorProtos$FieldOptions$EditionDefaultOrBuilder
instanceKlass com/google/protobuf/DescriptorProtos$FieldOptions$UpgradedOptionOrBuilder
instanceKlass com/google/protobuf/GeneratedMessage$Builder$BuilderParentImpl
instanceKlass com/google/protobuf/FieldSet
instanceKlass com/google/protobuf/DescriptorProtos$FieldOptions$1
instanceKlass com/google/protobuf/DescriptorProtos$FieldOptions$FeatureSupportOrBuilder
instanceKlass com/google/protobuf/DescriptorProtos$FeatureSetOrBuilder
instanceKlass com/google/protobuf/Internal$IntListAdapter$IntConverter
instanceKlass com/google/protobuf/GeneratedMessage$ExtendableMessage$ExtensionSerializer
instanceKlass com/google/protobuf/SingleFieldBuilder
instanceKlass com/google/protobuf/DescriptorProtos$ExtensionRangeOptionsOrBuilder
instanceKlass com/google/protobuf/DescriptorProtos$FieldDescriptorProto$Type$1
instanceKlass com/google/protobuf/DescriptorProtos$FieldDescriptorProto$Label$1
instanceKlass com/google/protobuf/DescriptorProtos$FieldOptionsOrBuilder
instanceKlass com/google/protobuf/DescriptorProtos$DescriptorProto$ReservedRangeOrBuilder
instanceKlass com/google/protobuf/DescriptorProtos$OneofDescriptorProtoOrBuilder
instanceKlass com/google/protobuf/DescriptorProtos$DescriptorProto$ExtensionRangeOrBuilder
instanceKlass com/google/protobuf/DescriptorProtos$MessageOptionsOrBuilder
instanceKlass com/google/protobuf/WireFormat
instanceKlass com/google/protobuf/DescriptorProtos$FieldDescriptorProtoOrBuilder
instanceKlass com/google/protobuf/DescriptorProtos$ServiceDescriptorProtoOrBuilder
instanceKlass com/google/protobuf/DescriptorProtos$EnumDescriptorProtoOrBuilder
instanceKlass com/google/protobuf/DescriptorProtos$DescriptorProtoOrBuilder
instanceKlass com/google/protobuf/PrimitiveNonBoxingCollection
instanceKlass com/google/protobuf/DescriptorProtos$SourceCodeInfoOrBuilder
instanceKlass com/google/protobuf/DescriptorProtos$FileOptionsOrBuilder
instanceKlass com/google/protobuf/GeneratedMessage$ExtendableMessageOrBuilder
instanceKlass com/google/protobuf/DescriptorProtos$FileDescriptorProtoOrBuilder
instanceKlass com/google/protobuf/DescriptorProtosInternalDescriptors
instanceKlass com/google/api/VisibilityProtoInternalDescriptors
instanceKlass com/google/api/InclusionProtoInternalDescriptors
instanceKlass com/google/api/AuthzProtoInternalDescriptors
instanceKlass com/google/api/HttpProtoInternalDescriptors
instanceKlass com/google/api/AnnotationsProtoInternalDescriptors
instanceKlass com/google/datastore/v1/DatastoreProtoInternalDescriptors
instanceKlass io/gapi/emulators/grpc/JsonFormat$Parser
instanceKlass io/gapi/emulators/grpc/JsonFormat$Printer
instanceKlass io/gapi/emulators/grpc/JsonFormat
instanceKlass io/gapi/emulators/grpc/JsonFormat$TypeRegistry$EmptyTypeRegistryHolder
instanceKlass io/gapi/emulators/grpc/JsonFormat$TypeRegistry
instanceKlass io/netty/handler/codec/http/FullHttpResponse
instanceKlass io/netty/handler/codec/http/FullHttpMessage
instanceKlass io/netty/handler/codec/http/LastHttpContent
instanceKlass io/netty/handler/codec/http/HttpContent
instanceKlass io/netty/handler/codec/http/HttpResponse
instanceKlass io/netty/handler/codec/http/HttpMessage
instanceKlass io/netty/handler/codec/http/HttpObject
instanceKlass io/netty/handler/codec/DecoderResultProvider
instanceKlass io/gapi/emulators/grpc/HttpAdapter$MethodHandler
instanceKlass io/gapi/emulators/util/Observer
instanceKlass io/netty/channel/ChannelOutboundHandler
instanceKlass jdk/internal/util/random/RandomSupport
instanceKlass java/util/concurrent/ThreadLocalRandom$Access$1
instanceKlass jdk/internal/access/JavaUtilConcurrentTLRAccess
instanceKlass java/util/concurrent/ThreadLocalRandom$Access
instanceKlass io/grpc/internal/ReflectionLongAdderCounter
instanceKlass io/grpc/internal/LongCounter
instanceKlass io/grpc/internal/LongCounterFactory
instanceKlass io/grpc/internal/CallTracer$1
instanceKlass io/grpc/internal/CallTracer
instanceKlass io/grpc/internal/ManagedChannelImpl$1ChannelCallTracerFactory
instanceKlass io/grpc/internal/ManagedChannelImpl$IdleModeTimer
instanceKlass io/grpc/internal/Rescheduler
instanceKlass io/grpc/ClientInterceptors
instanceKlass io/grpc/internal/DelayedClientTransport$3
instanceKlass io/grpc/internal/DelayedClientTransport$2
instanceKlass io/grpc/internal/DelayedClientTransport$1
instanceKlass io/grpc/internal/DelayedClientTransport$PickerState
instanceKlass io/grpc/LoadBalancer$PickSubchannelArgs
instanceKlass io/grpc/internal/DelayedClientTransport
instanceKlass io/grpc/internal/BackoffPolicyRetryScheduler
instanceKlass io/grpc/internal/RetryScheduler
instanceKlass io/grpc/internal/FixedObjectPool
instanceKlass com/google/common/base/Ticker
instanceKlass com/google/common/base/Stopwatch
instanceKlass com/sun/jndi/dns/DnsContextFactory
instanceKlass javax/naming/spi/InitialContextFactory
instanceKlass javax/naming/InitialContext
instanceKlass javax/naming/directory/DirContext
instanceKlass javax/naming/Context
instanceKlass io/grpc/internal/DnsNameResolver$ResourceResolver
instanceKlass io/grpc/internal/JndiResourceResolverFactory$RecordFetcher
instanceKlass io/grpc/internal/JndiResourceResolverFactory
instanceKlass io/grpc/internal/DnsNameResolver$ResourceResolverFactory
instanceKlass io/grpc/internal/DnsNameResolver$AddressResolver
instanceKlass io/grpc/NameResolver$Args$Builder
instanceKlass io/grpc/NameResolver$Args
instanceKlass io/grpc/MetricInstrument
instanceKlass io/grpc/MetricInstrumentRegistry
instanceKlass io/grpc/MetricRecorder$BatchRecorder
instanceKlass io/grpc/internal/MetricRecorderImpl
instanceKlass com/google/common/base/MoreObjects$ToStringHelper$ValueHolder
instanceKlass com/google/common/base/MoreObjects$ToStringHelper
instanceKlass io/grpc/grpclb/SubchannelPool
instanceKlass io/grpc/LoadBalancerRegistry$LoadBalancerPriorityAccessor
instanceKlass io/grpc/NameResolver$ConfigOrError
instanceKlass io/grpc/LoadBalancerProvider$UnknownConfig
instanceKlass io/grpc/LoadBalancer
instanceKlass io/grpc/LoadBalancer$Factory
instanceKlass io/grpc/LoadBalancerRegistry
instanceKlass io/grpc/internal/AutoConfiguredLoadBalancerFactory
instanceKlass io/grpc/internal/ChannelTracer$2
instanceKlass io/grpc/InternalChannelz$ChannelTrace$Event
instanceKlass io/grpc/InternalChannelz$ChannelTrace$Event$Builder
instanceKlass com/google/common/math/LongMath
instanceKlass io/grpc/internal/ChannelTracer
instanceKlass io/grpc/internal/ManagedChannelImpl$RestrictedScheduledExecutor
instanceKlass io/grpc/internal/CallCredentialsApplyingTransportFactory
instanceKlass io/grpc/internal/ManagedChannelImpl$ExecutorHolder
instanceKlass java/util/concurrent/LinkedTransferQueue$DualNode
instanceKlass java/util/concurrent/ForkJoinPool$ManagedBlocker
instanceKlass java/util/concurrent/TransferQueue
instanceKlass io/grpc/InternalLogId
instanceKlass io/grpc/internal/ClientStream
instanceKlass io/grpc/internal/Stream
instanceKlass io/grpc/internal/ManagedChannelImpl$ChannelStreamProvider
instanceKlass io/grpc/internal/ClientCallImpl$ClientStreamProvider
instanceKlass io/grpc/internal/ManagedChannelImpl$DelayedTransportListener
instanceKlass io/grpc/Deadline$Ticker
instanceKlass io/grpc/Deadline
instanceKlass io/grpc/internal/RetriableStream$ChannelBufferMeter
instanceKlass io/grpc/internal/ManagedChannelImpl$UncommittedRetriableStreamsRegistry
instanceKlass io/grpc/internal/ConnectivityStateManager
instanceKlass io/grpc/internal/ManagedChannelImpl$3
instanceKlass io/grpc/SynchronizationContext
instanceKlass io/grpc/census/CensusTracingModule$1
instanceKlass io/grpc/census/CensusTracingModule$TracingClientInterceptor
instanceKlass io/opencensus/trace/propagation/BinaryFormat
instanceKlass io/opencensus/trace/propagation/PropagationComponent
instanceKlass io/opencensus/trace/SpanBuilder
instanceKlass io/opencensus/trace/Tracer
instanceKlass io/opencensus/internal/Utils
instanceKlass io/opencensus/trace/export/SampledSpanStore$PerSpanNameSummary
instanceKlass io/opencensus/trace/export/SampledSpanStore
instanceKlass io/opencensus/trace/export/ExportComponent
instanceKlass io/opencensus/common/Clock
instanceKlass io/opencensus/trace/TraceComponent
instanceKlass io/opencensus/trace/Tracing
instanceKlass io/grpc/ServerCall
instanceKlass io/opencensus/trace/Span
instanceKlass io/grpc/census/CensusTracingModule
instanceKlass io/grpc/census/InternalCensusTracingAccessor
instanceKlass io/grpc/ClientStreamTracer$Factory
instanceKlass io/grpc/census/CensusStatsModule$StatsClientInterceptor
instanceKlass io/grpc/census/CensusStatsModule$1
instanceKlass io/opencensus/common/Timestamp
instanceKlass io/opencensus/stats/ViewManager
instanceKlass io/opencensus/stats/MeasureMap
instanceKlass io/opencensus/stats/NoopStats
instanceKlass io/opencensus/stats/StatsComponent
instanceKlass io/opencensus/stats/Stats
instanceKlass io/opencensus/tags/propagation/TagPropagationComponent
instanceKlass io/opencensus/tags/propagation/TagContextTextFormat
instanceKlass io/opencensus/tags/NoopTags
instanceKlass io/opencensus/tags/TagsComponent
instanceKlass io/opencensus/tags/Tags
instanceKlass io/grpc/census/CensusStatsModule
# instanceKlass java/lang/invoke/LambdaForm$MH+0x00000000161aa800
# instanceKlass java/lang/invoke/LambdaForm$MH+0x00000000161aa400
# instanceKlass java/lang/invoke/LambdaForm$MH+0x00000000161aa000
# instanceKlass java/lang/invoke/LambdaForm$DMH+0x00000000161a9c00
# instanceKlass java/lang/invoke/LambdaForm$DMH+0x00000000161a9800
# instanceKlass java/lang/invoke/LambdaForm$DMH+0x00000000161a9400
instanceKlass java/lang/ClassValue$RemovalToken
instanceKlass java/lang/invoke/MethodHandleImpl$ArrayAccessor
instanceKlass java/lang/invoke/MethodHandleImpl$CasesHolder
instanceKlass java/lang/invoke/MethodHandleImpl$LoopClauses
# instanceKlass java/lang/invoke/LambdaForm$MH+0x00000000161a9000
instanceKlass java/lang/invoke/LambdaFormEditor$1
# instanceKlass java/lang/invoke/LambdaForm$BMH+0x00000000161a8c00
# instanceKlass java/lang/invoke/LambdaForm$DMH+0x00000000161a8800
# instanceKlass java/lang/invoke/LambdaForm$MH+0x00000000161a8400
# instanceKlass java/lang/invoke/LambdaForm$DMH+0x00000000161a8000
instanceKlass java/lang/invoke/ClassSpecializer$Factory$1$5$1
instanceKlass java/lang/invoke/ClassSpecializer$Factory$1$5
instanceKlass java/lang/invoke/ClassSpecializer$Factory$1$4
instanceKlass java/lang/invoke/ClassSpecializer$Factory$1$3
instanceKlass java/lang/invoke/ClassSpecializer$Factory$1$2
instanceKlass java/lang/invoke/ClassSpecializer$Factory$1$1Var
instanceKlass java/lang/invoke/ClassSpecializer$Factory$1$1
instanceKlass java/lang/invoke/ClassSpecializer$Factory$1
instanceKlass java/lang/invoke/MethodHandles$1
instanceKlass sun/invoke/util/ValueConversions$1
instanceKlass io/grpc/internal/BackoffPolicy
instanceKlass io/grpc/internal/ExponentialBackoffPolicy$Provider
instanceKlass io/grpc/internal/ManagedChannelImpl$2
instanceKlass io/grpc/Attributes$Key
instanceKlass io/grpc/internal/ManagedChannelServiceConfig
instanceKlass com/google/common/base/ExtraObjectsMethodsForWeb
instanceKlass io/grpc/Status$StatusMessageMarshaller
instanceKlass io/grpc/Status$StatusCodeMarshaller
instanceKlass java/util/TreeMap$PrivateEntryIterator
instanceKlass io/grpc/NameResolver$Listener2
instanceKlass io/grpc/NameResolver$Listener
instanceKlass io/grpc/LoadBalancer$Helper
instanceKlass com/google/common/util/concurrent/ListenableFuture
instanceKlass io/grpc/LoadBalancer$SubchannelPicker
instanceKlass io/grpc/ClientCall
instanceKlass io/grpc/LoadBalancer$PickDetailsConsumer
instanceKlass io/grpc/InternalConfigSelector
instanceKlass io/grpc/internal/CallTracer$Factory
instanceKlass io/grpc/NameResolver$ServiceConfigParser
instanceKlass io/grpc/MetricRecorder
instanceKlass io/grpc/ChannelLogger
instanceKlass io/grpc/internal/InUseStateAggregator
instanceKlass io/grpc/internal/ManagedClientTransport$Listener
instanceKlass io/grpc/internal/ManagedChannelImplBuilder$ResolvedNameResolver
instanceKlass jdk/internal/util/Exceptions$SensitiveInfo
instanceKlass io/grpc/netty/NettyChannelBuilder$LocalSocketPicker
instanceKlass io/grpc/internal/AtomicBackoff
instanceKlass io/grpc/internal/SharedResourceHolder$Instance
instanceKlass io/grpc/internal/SharedResourceHolder$1
instanceKlass io/grpc/internal/SharedResourceHolder$ScheduledExecutorFactory
instanceKlass io/grpc/internal/SharedResourceHolder
instanceKlass io/grpc/internal/ConnectionClientTransport
instanceKlass io/grpc/internal/ManagedClientTransport
instanceKlass io/grpc/netty/NettyChannelBuilder$NettyTransportFactory
instanceKlass io/grpc/netty/ProtocolNegotiators$PlaintextProtocolNegotiator
instanceKlass javax/net/ssl/X509ExtendedTrustManager
instanceKlass javax/net/ssl/X509TrustManager
instanceKlass javax/net/ssl/TrustManager
instanceKlass io/grpc/netty/ProtocolNegotiator$ServerFactory
instanceKlass io/grpc/netty/ProtocolNegotiator
instanceKlass javax/net/ssl/TrustManagerFactory
instanceKlass javax/net/ssl/KeyManagerFactory
instanceKlass io/grpc/netty/ProtocolNegotiators
instanceKlass io/grpc/netty/NettyChannelBuilder$1
instanceKlass io/grpc/ConfiguratorRegistry
instanceKlass io/grpc/InternalConfiguratorRegistry
instanceKlass io/grpc/InternalChannelz
instanceKlass com/google/common/collect/CollectPreconditions
instanceKlass com/google/common/collect/Iterables
instanceKlass java/util/Collections$ReverseComparator2
instanceKlass java/util/Collections$ReverseComparator
instanceKlass io/grpc/ServiceProviders$1
instanceKlass io/grpc/grpclb/SecretGrpclbNameResolverProvider
instanceKlass sun/net/www/MessageHeader
instanceKlass sun/net/www/protocol/jar/JarFileFactory
instanceKlass sun/net/www/protocol/jar/URLJarFile$URLJarFileCloseController
instanceKlass java/net/URLConnection
instanceKlass io/grpc/NameResolverRegistry$NameResolverPriorityAccessor
instanceKlass io/grpc/ServiceProviders
instanceKlass io/grpc/InternalServiceProviders
instanceKlass io/grpc/NameResolver
instanceKlass io/grpc/ServiceProviders$PriorityAccessor
instanceKlass io/grpc/NameResolverRegistry
instanceKlass io/grpc/netty/NettyChannelBuilder$NettyChannelDefaultPortProvider
instanceKlass io/grpc/netty/NettyChannelBuilder$NettyChannelTransportFactoryBuilder
instanceKlass io/grpc/ServerStreamTracer$Factory
instanceKlass io/grpc/ClientInterceptor
instanceKlass io/opencensus/stats/StatsRecorder
instanceKlass io/opencensus/tags/propagation/TagContextBinarySerializer
instanceKlass io/opencensus/tags/Tagger
instanceKlass io/grpc/census/InternalCensusStatsAccessor$1
instanceKlass io/grpc/census/InternalCensusStatsAccessor
instanceKlass io/grpc/CompressorRegistry
instanceKlass io/grpc/Codec$Identity
instanceKlass java/util/Collections$UnmodifiableMap$UnmodifiableEntrySet$UnmodifiableEntry
instanceKlass java/util/Collections$UnmodifiableMap$UnmodifiableEntrySet$1
instanceKlass io/grpc/DecompressorRegistry$DecompressorInfo
instanceKlass io/grpc/Codec$Gzip
instanceKlass io/grpc/Codec
instanceKlass io/grpc/Compressor
instanceKlass com/google/common/base/Joiner
instanceKlass io/grpc/Decompressor
instanceKlass io/grpc/DecompressorRegistry
instanceKlass io/grpc/internal/BackoffPolicy$Provider
instanceKlass io/grpc/NameResolver$Factory
instanceKlass io/grpc/netty/NettyChannelBuilder$DefaultProtocolNegotiator
instanceKlass io/grpc/internal/InstantTimeProvider
instanceKlass io/grpc/internal/TimeProviderResolverFactory
instanceKlass io/grpc/internal/TimeProvider
instanceKlass io/grpc/internal/TransportTracer$Factory
instanceKlass io/grpc/internal/TransportTracer
instanceKlass io/grpc/internal/SharedResourcePool
instanceKlass io/netty/channel/socket/SocketChannelConfig
instanceKlass io/netty/channel/socket/DuplexChannelConfig
instanceKlass io/netty/channel/ChannelConfig
instanceKlass io/netty/channel/nio/AbstractNioChannel$NioUnsafe
instanceKlass io/netty/channel/AbstractChannel$AbstractUnsafe
instanceKlass io/netty/channel/ChannelId
instanceKlass io/netty/channel/ChannelPipeline
instanceKlass io/netty/channel/ChannelInboundInvoker
instanceKlass io/netty/channel/Channel$Unsafe
instanceKlass io/netty/util/Attribute
instanceKlass io/netty/util/DefaultAttributeMap
instanceKlass io/netty/channel/socket/SocketChannel
instanceKlass io/netty/channel/socket/DuplexChannel
instanceKlass io/netty/channel/ServerChannel
instanceKlass io/netty/channel/Channel
instanceKlass io/netty/channel/ChannelOutboundInvoker
instanceKlass io/netty/util/AttributeMap
instanceKlass io/grpc/netty/Utils$1
# instanceKlass java/lang/invoke/LambdaForm$MH+0x0000000016194c00
# instanceKlass java/lang/invoke/LambdaForm$MH+0x0000000016194800
# instanceKlass java/lang/invoke/LambdaForm$BMH+0x0000000016194400
instanceKlass sun/nio/ch/ExtendedSocketOption$1
instanceKlass sun/nio/ch/ExtendedSocketOption
instanceKlass sun/nio/ch/OptionKey
instanceKlass sun/nio/ch/SocketOptionRegistry$LazyInitialization
instanceKlass sun/nio/ch/SocketOptionRegistry$RegistryKey
instanceKlass sun/nio/ch/SocketOptionRegistry
instanceKlass java/net/StandardSocketOptions$StdSocketOption
instanceKlass java/net/StandardSocketOptions
instanceKlass  @bci sun/nio/ch/Net shouldShutdownWriteBeforeClose ()Z 3 <appendix> argL0 ; # sun/nio/ch/Net$$Lambda+0x00000000160e98a8
instanceKlass java/lang/invoke/TypeConvertingMethodAdapter$BoxHolder
instanceKlass java/lang/invoke/TypeConvertingMethodAdapter$1
instanceKlass  @cpi sun/nio/ch/Net 689 form vmentry <vmtarget> ; # java/lang/invoke/LambdaForm$DMH+0x0000000016194000
instanceKlass io/netty/channel/DefaultAddressedEnvelope
instanceKlass io/netty/channel/AddressedEnvelope
instanceKlass io/netty/buffer/ByteBufHolder
instanceKlass io/netty/util/internal/ReferenceCountUpdater
instanceKlass io/netty/util/internal/ClassInitializerUtil
instanceKlass io/netty/channel/epoll/NativeDatagramPacketArray$NativeDatagramPacket
instanceKlass io/netty/util/AbstractReferenceCounted
instanceKlass io/netty/channel/FileRegion
instanceKlass io/netty/util/ReferenceCounted
instanceKlass io/netty/channel/unix/PeerCredentials
instanceKlass io/netty/channel/epoll/Native
instanceKlass io/netty/channel/epoll/Epoll
instanceKlass io/grpc/netty/Utils$DefaultEventLoopGroupResource
instanceKlass io/grpc/internal/GrpcUtil$5
instanceKlass io/grpc/internal/GrpcUtil$4
instanceKlass io/grpc/internal/GrpcUtil$3
instanceKlass io/grpc/CallOptions$Key
instanceKlass io/grpc/internal/GrpcUtil$1
instanceKlass io/grpc/internal/ProxyDetectorImpl$2
instanceKlass io/grpc/internal/ProxyDetectorImpl$1
instanceKlass io/grpc/internal/ProxyDetectorImpl$AuthenticationProvider
instanceKlass io/grpc/internal/ProxyDetectorImpl
instanceKlass  @bci com/google/common/base/Splitter on (Lcom/google/common/base/CharMatcher;)Lcom/google/common/base/Splitter; 10 <appendix> member <vmtarget> ; # com/google/common/base/Splitter$$Lambda+0x000000001618bf98
instanceKlass com/google/common/base/Splitter$Strategy
instanceKlass com/google/common/base/CharMatcher
instanceKlass com/google/common/base/Splitter
instanceKlass io/grpc/InternalMetadata
instanceKlass io/grpc/internal/GrpcUtil$AcceptEncodingMarshaller
instanceKlass io/grpc/Metadata$2
instanceKlass io/grpc/Metadata$1
instanceKlass io/grpc/Metadata
instanceKlass io/grpc/Metadata$Key
instanceKlass io/grpc/internal/GrpcUtil$TimeoutMarshaller
instanceKlass io/grpc/Status
instanceKlass io/grpc/internal/ClientTransport
instanceKlass io/grpc/InternalInstrumented
instanceKlass io/grpc/InternalWithLogId
instanceKlass io/grpc/StreamTracer
instanceKlass io/grpc/ProxyDetector
instanceKlass io/grpc/InternalMetadata$TrustedAsciiMarshaller
instanceKlass io/grpc/Metadata$TrustedAsciiMarshaller
instanceKlass io/grpc/Metadata$AsciiMarshaller
instanceKlass io/grpc/internal/GrpcUtil
instanceKlass io/netty/util/AsciiString$2
instanceKlass io/netty/util/AsciiString$1
instanceKlass io/netty/util/internal/MathUtil
instanceKlass io/netty/util/AsciiString$CharEqualityComparator
instanceKlass io/netty/util/HashingStrategy
instanceKlass io/netty/handler/codec/http2/Http2Headers
instanceKlass io/netty/handler/codec/Headers
instanceKlass io/netty/buffer/ByteBufAllocator
instanceKlass io/grpc/internal/SharedResourceHolder$Resource
instanceKlass io/grpc/netty/Utils
instanceKlass io/netty/channel/ReflectiveChannelFactory
instanceKlass io/grpc/internal/ClientTransportFactory
instanceKlass io/grpc/internal/ObjectPool
instanceKlass io/netty/channel/ChannelFactory
instanceKlass io/netty/bootstrap/ChannelFactory
instanceKlass io/grpc/internal/ManagedChannelImplBuilder$ClientTransportFactoryBuilder
instanceKlass io/grpc/internal/ManagedChannelImplBuilder$ChannelBuilderDefaultPortProvider
instanceKlass io/grpc/netty/ProtocolNegotiator$ClientFactory
instanceKlass io/grpc/ManagedChannelBuilder
instanceKlass com/google/common/util/concurrent/ThreadFactoryBuilder$1
instanceKlass com/google/common/util/concurrent/ThreadFactoryBuilder
instanceKlass io/gapi/emulators/netty/NettyUtil
instanceKlass com/google/common/collect/Platform
instanceKlass com/google/datastore/v1/DatastoreGrpc$MethodHandlers
instanceKlass com/google/datastore/v1/ReserveIdsResponseOrBuilder
instanceKlass com/google/datastore/v1/ReserveIdsRequestOrBuilder
instanceKlass com/google/datastore/v1/TransactionOptionsOrBuilder
instanceKlass com/google/datastore/v1/AggregationResultBatchOrBuilder
instanceKlass com/google/datastore/v1/AggregationQueryOrBuilder
instanceKlass com/google/datastore/v1/QueryResultBatchOrBuilder
instanceKlass com/google/datastore/v1/ExplainMetricsOrBuilder
instanceKlass com/google/datastore/v1/GqlQueryOrBuilder
instanceKlass com/google/datastore/v1/PartitionIdOrBuilder
instanceKlass com/google/datastore/v1/QueryOrBuilder
instanceKlass com/google/datastore/v1/ExplainOptionsOrBuilder
instanceKlass com/google/datastore/v1/ReadOptionsOrBuilder
instanceKlass com/google/datastore/v1/PropertyMaskOrBuilder
instanceKlass com/google/datastore/v1/BeginTransactionResponseOrBuilder
instanceKlass com/google/datastore/v1/RunAggregationQueryResponseOrBuilder
instanceKlass com/google/rpc/StatusOrBuilder
instanceKlass com/google/datastore/v1/LookupResponseOrBuilder
instanceKlass com/google/datastore/v1/CommitResponseOrBuilder
instanceKlass com/google/datastore/v1/AllocateIdsResponseOrBuilder
instanceKlass com/google/datastore/v1/RunQueryResponseOrBuilder
instanceKlass com/google/datastore/v1/RollbackResponseOrBuilder
instanceKlass com/google/datastore/v1/DatastoreResponseOrBuilder
instanceKlass com/google/datastore/v1/BeginTransactionRequestOrBuilder
instanceKlass com/google/datastore/v1/RunAggregationQueryRequestOrBuilder
instanceKlass com/google/datastore/v1/LookupRequestOrBuilder
instanceKlass com/google/datastore/v1/CommitRequestOrBuilder
instanceKlass com/google/datastore/v1/AllocateIdsRequestOrBuilder
instanceKlass com/google/protobuf/DurationOrBuilder
instanceKlass com/google/datastore/v1/RunQueryRequestOrBuilder
instanceKlass com/google/datastore/v1/RollbackRequestOrBuilder
instanceKlass com/google/datastore/v1/DatastoreRequestOrBuilder
instanceKlass com/google/datastore/v1/DatastoreGrpc$DatastoreBaseDescriptorSupplier
instanceKlass com/google/datastore/v1/DatastoreGrpc
instanceKlass com/google/datastore/v1/DatastoreGrpc$DatastoreImplBase
instanceKlass com/google/datastore/v1/DatastoreGrpc$AsyncService
instanceKlass com/google/cloud/datastore/emulator/firestore/cloudv1/CloudDatastoreV1GrpcAdapter
instanceKlass com/google/firestore/emulator/v1/FirestoreEmulatorGrpc$MethodHandlers
instanceKlass com/google/firestore/emulator/v1/EventarcTrigger$DocumentOrBuilder
instanceKlass com/google/firestore/emulator/v1/EventarcTriggerOrBuilder
instanceKlass com/google/firestore/emulator/v1/CreateEventarcTriggerRequestOrBuilder
instanceKlass com/google/firestore/emulator/v1/CreateTriggerResponseOrBuilder
instanceKlass com/google/firestore/emulator/v1/EventTriggerOrBuilder
instanceKlass com/google/firestore/emulator/v1/CreateTriggerRequestOrBuilder
instanceKlass com/google/firestore/emulator/v1/RuleCoverageReportOrBuilder
instanceKlass com/google/firestore/emulator/v1/GetRuleCoverageRequestOrBuilder
instanceKlass com/google/firestore/emulator/v1/GetIndexUsageResponseOrBuilder
instanceKlass com/google/firestore/emulator/v1/GetIndexUsageRequestOrBuilder
instanceKlass com/google/firestore/emulator/v1/BulkDeleteRequestOrBuilder
instanceKlass com/google/firestore/emulator/v1/ExportDataRequestOrBuilder
instanceKlass com/google/firestore/emulator/v1/ImportDataRequestOrBuilder
instanceKlass com/google/firestore/emulator/v1/ClearDataRequestOrBuilder
instanceKlass com/google/firestore/emulator/v1/GetSecurityRulesResponseOrBuilder
instanceKlass com/google/firestore/emulator/v1/GetSecurityRulesRequestOrBuilder
instanceKlass com/google/firestore/emulator/v1/SetSecurityRulesResponseOrBuilder
instanceKlass com/google/firestore/emulator/v1/SetSecurityRulesRequestOrBuilder
instanceKlass com/google/firestore/emulator/v1/FirestoreEmulatorGrpc$FirestoreEmulatorBaseDescriptorSupplier
instanceKlass com/google/firestore/emulator/v1/FirestoreEmulatorGrpc
instanceKlass com/google/firestore/emulator/v1/FirestoreEmulatorGrpc$FirestoreEmulatorImplBase
instanceKlass com/google/firestore/emulator/v1/FirestoreEmulatorGrpc$AsyncService
instanceKlass com/google/cloud/datastore/emulator/firestore/EmulatorAuxiliaryGrpcAdapter
instanceKlass com/google/firestore/v1beta1/FirestoreGrpc$MethodHandlers
instanceKlass com/google/firestore/v1beta1/CreateDocumentRequestOrBuilder
instanceKlass com/google/firestore/v1beta1/BatchWriteRequestOrBuilder
instanceKlass com/google/firestore/v1beta1/ListCollectionIdsRequestOrBuilder
instanceKlass com/google/firestore/v1beta1/TargetOrBuilder
instanceKlass com/google/firestore/v1beta1/ListenRequestOrBuilder
instanceKlass com/google/firestore/v1beta1/InitializeStreamRequestOrBuilder
instanceKlass com/google/firestore/v1beta1/WriteRequestOrBuilder
instanceKlass com/google/firestore/v1beta1/PartitionQueryResponseOrBuilder
instanceKlass com/google/firestore/v1beta1/PartitionQueryRequestOrBuilder
instanceKlass com/google/firestore/v1beta1/AggregationResultOrBuilder
instanceKlass com/google/firestore/v1beta1/RunAggregationQueryResponseOrBuilder
instanceKlass com/google/firestore/v1beta1/StructuredAggregationQueryOrBuilder
instanceKlass com/google/firestore/v1beta1/RunAggregationQueryRequestOrBuilder
instanceKlass com/google/firestore/v1beta1/ExplainStatsOrBuilder
instanceKlass com/google/firestore/v1beta1/ExecutePipelineResponseOrBuilder
instanceKlass com/google/firestore/v1beta1/StructuredPipelineOrBuilder
instanceKlass com/google/firestore/v1beta1/ExecutePipelineRequestOrBuilder
instanceKlass com/google/firestore/v1beta1/ExplainOptionsOrBuilder
instanceKlass com/google/firestore/v1beta1/StructuredQueryOrBuilder
instanceKlass com/google/firestore/v1beta1/RunQueryRequestOrBuilder
instanceKlass com/google/firestore/v1beta1/RollbackRequestOrBuilder
instanceKlass com/google/firestore/v1beta1/CommitRequestOrBuilder
instanceKlass com/google/firestore/v1beta1/BeginTransactionRequestOrBuilder
instanceKlass com/google/firestore/v1beta1/TransactionOptionsOrBuilder
instanceKlass com/google/firestore/v1beta1/BatchGetDocumentsRequestOrBuilder
instanceKlass com/google/firestore/v1beta1/DeleteDocumentRequestOrBuilder
instanceKlass com/google/firestore/v1beta1/PreconditionOrBuilder
instanceKlass com/google/firestore/v1beta1/UpdateDocumentRequestOrBuilder
instanceKlass com/google/firestore/v1beta1/ListDocumentsRequestOrBuilder
instanceKlass com/google/firestore/v1beta1/GetDocumentRequestOrBuilder
instanceKlass com/google/firestore/v1beta1/DocumentMaskOrBuilder
instanceKlass com/google/firestore/v1beta1/GetOrListDocumentsRequestOrBuilder
instanceKlass com/google/firestore/v1beta1/FirestoreGrpc$FirestoreBaseDescriptorSupplier
instanceKlass com/google/firestore/v1beta1/FirestoreGrpc
instanceKlass com/google/firestore/v1beta1/BatchWriteResponseOrBuilder
instanceKlass com/google/firestore/v1beta1/ListCollectionIdsResponseOrBuilder
instanceKlass com/google/firestore/v1beta1/DocumentRemoveOrBuilder
instanceKlass com/google/firestore/v1beta1/DocumentChangeOrBuilder
instanceKlass com/google/firestore/v1beta1/DocumentDeleteOrBuilder
instanceKlass com/google/firestore/v1beta1/TargetChangeOrBuilder
instanceKlass com/google/firestore/v1beta1/ExistenceFilterOrBuilder
instanceKlass com/google/firestore/v1beta1/ListenResponseOrBuilder
instanceKlass com/google/firestore/v1beta1/InitializeStreamResponseOrBuilder
instanceKlass com/google/firestore/v1beta1/WriteResponseOrBuilder
instanceKlass com/google/firestore/v1beta1/ExplainMetricsOrBuilder
instanceKlass com/google/firestore/v1beta1/RunQueryResponseOrBuilder
instanceKlass com/google/firestore/v1beta1/CommitResponseOrBuilder
instanceKlass com/google/firestore/v1beta1/BeginTransactionResponseOrBuilder
instanceKlass com/google/firestore/v1beta1/BatchGetDocumentsResponseOrBuilder
instanceKlass com/google/firestore/v1beta1/ListDocumentsResponseOrBuilder
instanceKlass com/google/firestore/v1beta1/DocumentOrBuilder
instanceKlass com/google/firestore/v1beta1/GetOrListDocumentsResponseOrBuilder
instanceKlass com/google/firestore/v1beta1/FirestoreGrpc$FirestoreImplBase
instanceKlass com/google/firestore/v1beta1/FirestoreGrpc$AsyncService
instanceKlass com/google/cloud/datastore/emulator/firestore/v1beta1/FirestoreV1Beta1GrpcAdapter
instanceKlass io/grpc/ServerInterceptors$InterceptCallHandler
instanceKlass io/grpc/ServerInterceptors
instanceKlass com/google/cloud/datastore/emulator/firestore/CloudFirestore$FirebaseDatabaseRefInterceptor
instanceKlass com/google/cloud/datastore/emulator/firestore/CloudFirestore$FirebaseAuthInterceptor
instanceKlass io/grpc/ServerInterceptor
instanceKlass io/grpc/stub/ServerCalls$StreamingServerCallHandler
instanceKlass io/grpc/ServerMethodDefinition
instanceKlass io/grpc/ServerCall$Listener
instanceKlass io/grpc/stub/ServerCalls$UnaryServerCallHandler
instanceKlass io/grpc/ServerCallHandler
instanceKlass io/grpc/stub/ServerCalls
instanceKlass com/google/firestore/v1/FirestoreGrpc$MethodHandlers
instanceKlass io/grpc/stub/ServerCalls$ClientStreamingMethod
instanceKlass io/grpc/ServerServiceDefinition$Builder
instanceKlass io/grpc/ServerServiceDefinition
instanceKlass com/google/firestore/v1/CreateDocumentRequestOrBuilder
instanceKlass com/google/firestore/v1/BatchWriteResponseOrBuilder
instanceKlass com/google/firestore/v1/BatchWriteRequestOrBuilder
instanceKlass com/google/firestore/v1/ListCollectionIdsResponseOrBuilder
instanceKlass com/google/firestore/v1/ListCollectionIdsRequestOrBuilder
instanceKlass com/google/firestore/v1/DocumentRemoveOrBuilder
instanceKlass com/google/firestore/v1/DocumentChangeOrBuilder
instanceKlass com/google/firestore/v1/DocumentDeleteOrBuilder
instanceKlass com/google/firestore/v1/TargetChangeOrBuilder
instanceKlass com/google/firestore/v1/ExistenceFilterOrBuilder
instanceKlass com/google/firestore/v1/ListenResponseOrBuilder
instanceKlass com/google/firestore/v1/TargetOrBuilder
instanceKlass com/google/firestore/v1/ListenRequestOrBuilder
instanceKlass com/google/firestore/v1/InitializeStreamResponseOrBuilder
instanceKlass com/google/firestore/v1/WriteResponseOrBuilder
instanceKlass com/google/firestore/v1/InitializeStreamRequestOrBuilder
instanceKlass com/google/firestore/v1/WriteRequestOrBuilder
instanceKlass com/google/firestore/v1/PartitionQueryResponseOrBuilder
instanceKlass com/google/firestore/v1/PartitionQueryRequestOrBuilder
instanceKlass com/google/firestore/v1/AggregationResultOrBuilder
instanceKlass com/google/firestore/v1/RunAggregationQueryResponseOrBuilder
instanceKlass com/google/firestore/v1/StructuredAggregationQueryOrBuilder
instanceKlass com/google/firestore/v1/RunAggregationQueryRequestOrBuilder
instanceKlass com/google/firestore/v1/ExplainStatsOrBuilder
instanceKlass com/google/firestore/v1/ExecutePipelineResponseOrBuilder
instanceKlass com/google/firestore/v1/StructuredPipelineOrBuilder
instanceKlass com/google/firestore/v1/ExecutePipelineRequestOrBuilder
instanceKlass com/google/firestore/v1/ExplainMetricsOrBuilder
instanceKlass com/google/cloud/datastore/internal/InternalResponseExtensionOrBuilder
instanceKlass com/google/firestore/v1/RunQueryResponseOrBuilder
instanceKlass com/google/firestore/v1/ExplainOptionsOrBuilder
instanceKlass com/google/firestore/v1/StructuredQueryOrBuilder
instanceKlass com/google/firestore/v1/RunQueryRequestOrBuilder
instanceKlass com/google/firestore/v1/RollbackRequestOrBuilder
instanceKlass com/google/firestore/v1/CommitResponseOrBuilder
instanceKlass com/google/firestore/v1/CommitRequestOrBuilder
instanceKlass com/google/firestore/v1/BeginTransactionResponseOrBuilder
instanceKlass com/google/firestore/v1/BeginTransactionRequestOrBuilder
instanceKlass com/google/firestore/v1/BatchGetDocumentsResponseOrBuilder
instanceKlass com/google/firestore/v1/TransactionOptionsOrBuilder
instanceKlass com/google/firestore/v1/BatchGetDocumentsRequestOrBuilder
instanceKlass com/google/protobuf/EmptyOrBuilder
instanceKlass com/google/firestore/v1/DeleteDocumentRequestOrBuilder
instanceKlass com/google/firestore/v1/PreconditionOrBuilder
instanceKlass com/google/firestore/v1/UpdateDocumentRequestOrBuilder
instanceKlass com/google/firestore/v1/ListDocumentsResponseOrBuilder
instanceKlass com/google/firestore/v1/ListDocumentsRequestOrBuilder
instanceKlass com/google/firestore/v1/DocumentOrBuilder
instanceKlass com/google/firestore/v1/GetDocumentRequestOrBuilder
instanceKlass io/grpc/protobuf/ProtoMethodDescriptorSupplier
instanceKlass com/google/firestore/v1/GetOrListDocumentsResponseOrBuilder
instanceKlass io/grpc/KnownLength
instanceKlass io/grpc/Drainable
instanceKlass io/grpc/protobuf/lite/ProtoLiteUtils$MessageMarshaller
instanceKlass io/grpc/MethodDescriptor$PrototypeMarshaller
instanceKlass io/grpc/MethodDescriptor$ReflectableMarshaller
instanceKlass io/grpc/Metadata$BinaryMarshaller
instanceKlass io/grpc/MethodDescriptor$Marshaller
instanceKlass io/grpc/protobuf/lite/ProtoLiteUtils
instanceKlass io/grpc/protobuf/ProtoUtils
instanceKlass com/google/protobuf/TimestampOrBuilder
instanceKlass com/google/firestore/v1/DocumentMaskOrBuilder
instanceKlass com/google/firestore/v1/GetOrListDocumentsRequestOrBuilder
instanceKlass io/grpc/MethodDescriptor$Builder
instanceKlass io/grpc/MethodDescriptor
instanceKlass com/google/firestore/v1/FirestoreGrpc$FirestoreBaseDescriptorSupplier
instanceKlass io/grpc/protobuf/ProtoServiceDescriptorSupplier
instanceKlass io/grpc/protobuf/ProtoFileDescriptorSupplier
instanceKlass io/grpc/ServiceDescriptor$Builder
instanceKlass io/grpc/ServiceDescriptor
instanceKlass io/grpc/stub/ServerCalls$BidiStreamingMethod
instanceKlass io/grpc/stub/ServerCalls$StreamingRequestMethod
instanceKlass io/grpc/stub/ServerCalls$ServerStreamingMethod
instanceKlass io/grpc/stub/ServerCalls$UnaryMethod
instanceKlass io/grpc/stub/ServerCalls$UnaryRequestMethod
instanceKlass io/grpc/stub/AbstractStub$StubFactory
instanceKlass com/google/firestore/v1/FirestoreGrpc
instanceKlass io/grpc/stub/StreamObserver
instanceKlass com/google/firestore/v1/FirestoreGrpc$FirestoreImplBase
instanceKlass com/google/firestore/v1/FirestoreGrpc$AsyncService
instanceKlass io/grpc/BindableService
instanceKlass com/google/cloud/datastore/emulator/firestore/v1/FirestoreV1GrpcAdapter
instanceKlass com/google/cloud/datastore/emulator/impl/firestore/cloudv1/CloudDatastoreV1Router
instanceKlass com/google/cloud/datastore/core/query/ConditionNormalizer
instanceKlass com/google/cloud/datastore/core/names/ProjectIdAppIdResolver$ProjectIdResolver
instanceKlass com/google/cloud/datastore/core/rep/converter/GoogleSqlPropertyPathFromRepConverter
instanceKlass com/google/common/io/BaseEncoding$Alphabet
instanceKlass com/google/common/io/BaseEncoding
instanceKlass com/google/cloud/datastore/core/firestorev1/converter/FirestoreV1RecommendedIndexFormatter
instanceKlass com/google/cloud/datastore/core/firestorev1/converter/FirestoreV1ResourceRefFromRepConverter
instanceKlass com/google/storage/onestore/v3/proto2api/OnestoreEntity$IndexPostfixOrBuilder
instanceKlass com/google/cloud/datastore/core/firestorev1/converter/FirestoreV1ResponseFromRepConverter
instanceKlass com/google/cloud/datastore/core/firestorev1/converter/FirestoreV1EntityFromRepConverter
instanceKlass com/google/cloud/datastore/core/appengv3/converter/AppEngV3EntityFromRepConverter
instanceKlass com/google/cloud/datastore/core/firestorev1/converter/FirestoreV1RequestToRepConverter
instanceKlass java/util/AbstractMap$SimpleImmutableEntry
instanceKlass com/google/common/collect/ImmutableMap$Builder
instanceKlass com/google/cloud/datastore/core/util/ContextlessConverter
instanceKlass com/google/cloud/datastore/core/firestorev1/converter/FirestoreV1AggregationQueryToRepConverter
instanceKlass com/google/firestore/v1/StructuredQuery$UnaryFilter$Operator$1
instanceKlass com/google/common/collect/Hashing
instanceKlass com/google/common/math/IntMath$1
instanceKlass com/google/common/math/MathPreconditions
instanceKlass com/google/common/math/IntMath
instanceKlass com/google/common/collect/ImmutableSet$SetBuilderImpl
instanceKlass com/google/firestore/v1/StructuredQuery$FieldFilter$Operator$1
instanceKlass com/google/cloud/datastore/core/firestorev1/converter/FirestoreV1QueryToRepConverter
instanceKlass com/google/cloud/datastore/core/rep/ValueOrder
instanceKlass com/google/cloud/datastore/core/firestorev1/converter/FirestoreV1TransformationToRepConverter
instanceKlass com/google/re2j/Characters
instanceKlass com/google/re2j/UnicodeTables
instanceKlass com/google/re2j/Unicode
instanceKlass com/google/re2j/CharGroup
instanceKlass com/google/re2j/Compiler$1
instanceKlass com/google/re2j/Compiler$Frag
instanceKlass com/google/re2j/Inst
instanceKlass com/google/re2j/Prog
instanceKlass com/google/re2j/Compiler
instanceKlass com/google/re2j/Simplify$1
instanceKlass com/google/re2j/Simplify
instanceKlass com/google/re2j/Utils
instanceKlass com/google/re2j/CharClass
instanceKlass com/google/re2j/Regexp
instanceKlass com/google/re2j/Parser$StringIterator
instanceKlass com/google/re2j/Parser
instanceKlass com/google/re2j/RE2$DeliverFunc
instanceKlass com/google/re2j/RE2$ReplaceFunc
instanceKlass com/google/re2j/RE2
instanceKlass com/google/re2j/Pattern
instanceKlass com/google/cloud/datastore/core/rep/PropertyPath
instanceKlass com/google/common/base/Converter
instanceKlass com/google/common/collect/ImmutableMap
instanceKlass com/google/common/collect/BiMap
instanceKlass com/google/common/collect/SortedMapDifference
instanceKlass com/google/common/collect/MapDifference
instanceKlass com/google/common/collect/Maps
instanceKlass com/google/common/base/Ascii
instanceKlass com/google/cloud/datastore/core/rep/PropertyName
instanceKlass com/google/cloud/datastore/core/names/Names
instanceKlass com/google/cloud/datastore/core/rep/PropertyPathSegment
instanceKlass com/google/cloud/datastore/core/rep/converter/GoogleSqlPropertyPathToRepConverter
instanceKlass com/google/cloud/datastore/core/firestorev1/converter/FirestoreV1PropertyPathToRepConverter
instanceKlass com/google/cloud/datastore/core/rep/validator/PropertyPathValidator
instanceKlass com/google/cloud/datastore/core/appengv3/converter/AppEngV3IndexValueToRepConverter
instanceKlass com/google/cloud/datastore/core/appengv3/converter/AppEngV3ToRepConverter$DefaultMeaningRemoverOneLevelVisitor
instanceKlass com/google/cloud/datastore/core/appengv3/RecursiveEntityVisitor$NoopVisitor
instanceKlass com/google/cloud/datastore/core/appengv3/RecursiveEntityVisitor$Visitor$Builder
instanceKlass com/google/cloud/datastore/core/appengv3/RecursiveEntityVisitor$Visitor
instanceKlass com/google/cloud/datastore/core/appengv3/RecursiveEntityVisitor
instanceKlass com/google/cloud/datastore/core/rep/Condition
instanceKlass com/google/cloud/datastore/core/appengv3/RecursiveEntityVisitor$OneLevelVisitor
instanceKlass com/google/cloud/datastore/core/appengv3/converter/AppEngV3ToRepConverter
instanceKlass com/google/cloud/datastore/core/rep/converter/Converter
instanceKlass com/google/cloud/datastore/core/firestorev1/converter/FirestoreV1EntityToRepConverter
instanceKlass com/google/cloud/datastore/core/appengv3/converter/AppEngV3EntityToRepConverter
instanceKlass com/google/protobuf/GeneratedFile
instanceKlass com/google/cloud/datastore/core/rep/values/Number
instanceKlass com/google/cloud/datastore/core/rep/values/Value
instanceKlass com/google/cloud/datastore/core/common/memory/MemorySize
instanceKlass com/google/cloud/datastore/core/appengv3/converter/AppEngV3ResourceRefToRepConverter
instanceKlass com/google/cloud/datastore/core/rep/ResourceRef
instanceKlass com/google/cloud/datastore/core/firestorev1/converter/FirestoreV1ResourceRefToRepConverter
instanceKlass com/google/cloud/datastore/core/rep/converter/UserIdObfuscator$1
instanceKlass com/google/cloud/datastore/core/rep/converter/UserIdObfuscator
instanceKlass com/google/firestore/admin/v1/Index$SearchIndexOptionsOrBuilder
instanceKlass com/google/firestore/admin/v1/IndexOrBuilder
instanceKlass com/google/storage/onestore/v3/proto2api/OnestoreEntity$UserOrBuilder
instanceKlass com/google/storage/onestore/v3/proto2api/OnestoreEntity$ReferenceOrBuilder
instanceKlass com/google/storage/onestore/v3/proto2api/OnestoreEntity$PathOrBuilder
instanceKlass com/google/storage/onestore/v3/proto2api/OnestoreEntity$EntityProtoOrBuilder
instanceKlass com/google/cloud/datastore/core/rep/converter/EquivalentMessageConverter
instanceKlass java/util/concurrent/atomic/AtomicReferenceArray
instanceKlass com/google/common/collect/MapMakerInternalMap$StrongValueEntry
instanceKlass com/google/common/collect/MapMakerInternalMap$WeakKeyDummyValueEntry$Helper
instanceKlass com/google/common/base/MoreObjects
instanceKlass com/google/common/collect/MapMakerInternalMap$InternalEntry
instanceKlass com/google/common/collect/MapMakerInternalMap$1
instanceKlass com/google/common/collect/MapMakerInternalMap$InternalEntryHelper
instanceKlass com/google/common/collect/MapMakerInternalMap$WeakValueReference
instanceKlass com/google/common/base/Equivalence
instanceKlass java/util/function/BiPredicate
instanceKlass com/google/common/collect/Interners$InternerImpl
instanceKlass com/google/common/collect/MapMaker
instanceKlass com/google/common/collect/Interner
instanceKlass com/google/common/collect/Interners$InternerBuilder
instanceKlass com/google/common/collect/Interners
instanceKlass com/google/io/protocol/ProtoString
instanceKlass com/google/io/protocol/ProtocolSupport
instanceKlass com/google/storage/onestore/v3/OnestoreEntity
instanceKlass java/util/Formatter$FormatSpecifierParser
instanceKlass  @bci java/util/regex/CharPredicates ASCII_WORD ()Ljava/util/regex/Pattern$BmpCharPredicate; 0 <appendix> argL0 ; # java/util/regex/CharPredicates$$Lambda+0x00000000160e7f98
instanceKlass  @bci java/util/regex/CharPredicates ASCII_SPACE ()Ljava/util/regex/Pattern$BmpCharPredicate; 0 <appendix> argL0 ; # java/util/regex/CharPredicates$$Lambda+0x800000025
instanceKlass java/util/regex/CharPredicates
instanceKlass  @bci java/util/regex/Pattern DOT ()Ljava/util/regex/Pattern$CharPredicate; 0 <appendix> argL0 ; # java/util/regex/Pattern$$Lambda+0x00000000160e7d30
instanceKlass  @bci java/util/regex/Pattern ALL ()Ljava/util/regex/Pattern$CharPredicate; 0 <appendix> argL0 ; # java/util/regex/Pattern$$Lambda+0x00000000160e7ac8
instanceKlass java/lang/StackTraceElement$HashedModules
instanceKlass com/google/common/flags/FlagInfo
instanceKlass com/google/common/flags/Flags
instanceKlass  @bci java/util/regex/Pattern SingleI (II)Ljava/util/regex/Pattern$BmpCharPredicate; 2 <appendix> member <vmtarget> ; # java/util/regex/Pattern$$Lambda+0x00000000160e7040
instanceKlass com/google/common/flags/Flag
instanceKlass com/google/common/collect/Multimap
instanceKlass com/google/io/protocol/ProtocolMessage$AbstractVisitor
instanceKlass com/google/io/protocol/MessageVisitor
instanceKlass com/google/io/protocol/ProtocolType$Visitor
instanceKlass com/google/protobuf/MessageReflection$MergeTarget
instanceKlass com/google/protobuf/AbstractMutableMessageLite
instanceKlass com/google/protobuf/MutableMessage
instanceKlass com/google/cloud/datastore/core/firestorev1/converter/FirestoreV1KeystoreClient$1
instanceKlass com/google/cloud/datastore/core/firestorev1/converter/FirestoreV1KeystoreClient
instanceKlass com/google/cloud/datastore/internal/InternalHeader$ApiVersion$1
instanceKlass com/google/protobuf/Internal$EnumLiteMap
instanceKlass com/google/protobuf/ProtocolMessageEnum
instanceKlass com/google/protobuf/Internal$EnumLite
instanceKlass com/google/cloud/datastore/core/exception/Problem
instanceKlass com/google/cloud/datastore/core/names/ProjectIdAppIdResolver
instanceKlass com/google/cloud/datastore/emulator/impl/util/FirestoreEmulatorConverters
instanceKlass com/google/cloud/datastore/emulator/impl/firestore/CloudFirestoreV1Router
instanceKlass io/netty/util/concurrent/MultithreadEventExecutorGroup$1
instanceKlass io/netty/util/concurrent/DefaultEventExecutorChooserFactory$PowerOfTwoEventExecutorChooser
instanceKlass io/netty/channel/nio/NioEventLoop$SelectorTuple
instanceKlass io/netty/channel/nio/NioEventLoop$4
instanceKlass java/nio/channels/SelectionKey
instanceKlass io/netty/channel/nio/NioEventLoop$3
instanceKlass java/nio/BufferMismatch
instanceKlass jdk/net/ExtendedSocketOptions$2
instanceKlass jdk/net/ExtendedSocketOptions$PlatformSocketOptions
instanceKlass jdk/net/ExtendedSocketOptions$ExtSocketOption
instanceKlass java/net/SocketOption
instanceKlass jdk/net/ExtendedSocketOptions
instanceKlass sun/net/ext/ExtendedSocketOptions
instanceKlass jdk/internal/lang/stable/StableValueImpl
instanceKlass java/lang/StableValue
instanceKlass sun/nio/ch/Net$1
instanceKlass sun/nio/ch/Net
instanceKlass sun/security/provider/AbstractDrbg$NonceProvider
instanceKlass  @bci sun/security/provider/AbstractDrbg$SeederHolder <clinit> ()V 42 <appendix> member <vmtarget> ; # sun/security/provider/AbstractDrbg$SeederHolder$$Lambda+0x00000000160e1d10
instanceKlass  @cpi sun/security/provider/AbstractDrbg$SeederHolder 91 form vmentry <vmtarget> ; # java/lang/invoke/LambdaForm$DMH+0x00000000160c8400
# instanceKlass java/lang/invoke/LambdaForm$DMH+0x00000000160c8000
instanceKlass sun/nio/fs/BasicFileAttributesHolder
instanceKlass sun/nio/fs/WindowsDirectoryStream$WindowsDirectoryIterator
instanceKlass sun/nio/fs/WindowsDirectoryStream
instanceKlass java/nio/file/DirectoryStream
instanceKlass java/nio/file/Files$AcceptAllFilter
instanceKlass java/nio/file/DirectoryStream$Filter
instanceKlass java/net/NetworkInterface$1
instanceKlass java/net/DefaultInterface
instanceKlass java/net/Inet6Address$Inet6AddressHolder
instanceKlass java/net/InetAddress$PlatformResolver
instanceKlass java/net/spi/InetAddressResolver
instanceKlass java/net/spi/InetAddressResolver$LookupPolicy
instanceKlass java/net/Inet4AddressImpl
instanceKlass java/net/Inet6AddressImpl
instanceKlass java/net/InetAddressImpl
instanceKlass java/util/concurrent/ConcurrentSkipListMap$Node
instanceKlass java/util/concurrent/ConcurrentSkipListMap$Index
instanceKlass java/util/concurrent/ConcurrentNavigableMap
instanceKlass java/util/NavigableSet
instanceKlass java/util/SortedSet
instanceKlass java/net/InetAddress$InetAddressHolder
instanceKlass sun/security/util/SecurityProperties
instanceKlass jdk/internal/util/Exceptions
instanceKlass java/net/InetAddress$1
instanceKlass jdk/internal/access/JavaNetInetAddressAccess
instanceKlass java/net/InetAddress
instanceKlass java/net/InterfaceAddress
instanceKlass java/net/NetworkInterface
instanceKlass java/lang/invoke/VarHandle$AccessDescriptor
instanceKlass sun/security/provider/ByteArrayAccess$BE
instanceKlass sun/security/provider/ByteArrayAccess
instanceKlass sun/security/util/MessageDigestSpi2
instanceKlass sun/security/jca/GetInstance$Instance
instanceKlass java/security/MessageDigestSpi
instanceKlass sun/security/provider/SeedGenerator
instanceKlass sun/security/provider/AbstractDrbg$SeederHolder
instanceKlass java/security/DrbgParameters$NextBytes
instanceKlass java/net/ProtocolFamily
instanceKlass sun/security/smartcardio/SunPCSC$1
instanceKlass org/jcp/xml/dsig/internal/dom/XMLDSigRI$2
instanceKlass org/jcp/xml/dsig/internal/dom/XMLDSigRI$1
instanceKlass  @bci sun/security/pkcs11/SunPKCS11 register (Lsun/security/pkcs11/SunPKCS11$Descriptor;)V 27 <appendix> argL0 ; # sun/security/pkcs11/SunPKCS11$$Lambda+0x00000000160c2000
instanceKlass sun/security/pkcs11/SunPKCS11$Descriptor
instanceKlass javax/security/auth/Subject
instanceKlass javax/security/auth/callback/CallbackHandler
instanceKlass sun/security/jca/ProviderConfig$ProviderLoader
instanceKlass java/security/spec/ECFieldF2m
instanceKlass sun/security/util/ObjectIdentifier
instanceKlass sun/util/calendar/CalendarSystem$GregorianHolder
instanceKlass sun/util/calendar/CalendarSystem
instanceKlass sun/security/util/ByteArrayTagOrder
instanceKlass sun/security/util/ByteArrayLexOrder
instanceKlass sun/security/util/DerEncoder
instanceKlass java/security/spec/ECParameterSpec
instanceKlass java/security/spec/AlgorithmParameterSpec
instanceKlass java/security/spec/ECPoint
instanceKlass java/security/spec/EllipticCurve
instanceKlass java/security/spec/ECFieldFp
instanceKlass java/security/spec/ECField
instanceKlass sun/security/util/CurveDB
instanceKlass sun/security/rsa/SunRsaSignEntries
instanceKlass sun/security/jca/GetInstance
instanceKlass sun/net/NetProperties
instanceKlass sun/nio/ch/UnixDomainSocketsUtil
instanceKlass sun/nio/ch/UnixDomainSockets
instanceKlass sun/nio/ch/PipeImpl$Initializer$LoopbackConnector
instanceKlass sun/nio/ch/PipeImpl$Initializer
instanceKlass  @bci sun/security/provider/AbstractDrbg <clinit> ()V 12 <appendix> argL0 ; # sun/security/provider/AbstractDrbg$$Lambda+0x0000000016035e48
instanceKlass  @cpi sun/security/provider/AbstractDrbg 383 form vmentry <vmtarget> ; # java/lang/invoke/LambdaForm$DMH+0x00000000160c0800
# instanceKlass java/lang/invoke/LambdaForm$DMH+0x00000000160c0400
instanceKlass sun/security/provider/EntropySource
instanceKlass sun/security/provider/AbstractDrbg
instanceKlass java/security/DrbgParameters$Instantiation
instanceKlass java/security/DrbgParameters
instanceKlass sun/security/provider/MoreDrbgParameters
instanceKlass java/security/SecureRandomSpi
instanceKlass jdk/internal/event/Event
instanceKlass sun/security/util/SecurityProviderConstants
instanceKlass java/security/Provider$UString
instanceKlass java/security/Provider$Service
instanceKlass sun/security/provider/NativePRNG$NonBlocking
instanceKlass sun/security/provider/NativePRNG$Blocking
instanceKlass sun/security/provider/NativePRNG
instanceKlass sun/security/provider/SunEntries
instanceKlass java/security/Permission
instanceKlass java/security/Guard
instanceKlass sun/security/util/SecurityConstants
instanceKlass java/util/AbstractList$Itr
instanceKlass java/security/Security$2
instanceKlass jdk/internal/access/JavaSecurityPropertiesAccess
instanceKlass sun/nio/ch/SelChImpl
instanceKlass java/nio/channels/NetworkChannel
instanceKlass sun/nio/ch/Streams
instanceKlass java/nio/channels/Channels
instanceKlass sun/nio/ch/FileChannelImpl$Closer
instanceKlass sun/nio/fs/WindowsChannelFactory$Flags
instanceKlass sun/nio/fs/WindowsChannelFactory$1
instanceKlass sun/nio/fs/WindowsChannelFactory
instanceKlass sun/nio/fs/WindowsSecurityDescriptor
instanceKlass sun/nio/fs/WindowsLinkSupport
instanceKlass java/security/Security$SecPropLoader
instanceKlass java/security/Security
instanceKlass jdk/internal/math/FloatingDecimal$ASCIIToBinaryBuffer
instanceKlass jdk/internal/math/MathUtils
instanceKlass jdk/internal/math/FloatingDecimal$PreparedASCIIToBinaryBuffer
instanceKlass jdk/internal/math/FloatingDecimal$ASCIIToBinaryConverter
instanceKlass jdk/internal/math/FloatingDecimal$BinaryToASCIIBuffer
instanceKlass jdk/internal/math/FloatingDecimal$ExceptionalBinaryToASCIIBuffer
instanceKlass jdk/internal/math/FloatingDecimal$BinaryToASCIIConverter
instanceKlass jdk/internal/math/FloatingDecimal
instanceKlass javax/security/auth/login/Configuration$Parameters
instanceKlass java/security/Policy$Parameters
instanceKlass javax/crypto/KDFParameters
instanceKlass java/security/cert/CertStoreParameters
instanceKlass java/security/SecureRandomParameters
instanceKlass java/security/Provider$EngineDescription
instanceKlass  @bci java/security/Provider <clinit> ()V 28 <appendix> argL0 ; # java/security/Provider$$Lambda+0x000000001602f518
instanceKlass  @cpi com/google/protobuf/ProtobufToStringOutput 223 form vmentry <vmtarget> ; # java/lang/invoke/LambdaForm$DMH+0x00000000160c0000
instanceKlass java/security/Provider$ServiceKey
instanceKlass sun/security/jca/ProviderConfig
instanceKlass sun/security/jca/ProviderList
instanceKlass sun/security/jca/Providers
instanceKlass java/nio/channels/Pipe
instanceKlass sun/nio/ch/WEPoll
instanceKlass sun/nio/ch/Util$2
instanceKlass java/nio/channels/spi/AbstractSelector$1
instanceKlass io/netty/channel/nio/NioEventLoop$1
instanceKlass io/netty/util/internal/ThreadExecutorMap$1
instanceKlass io/netty/util/internal/shaded/org/jctools/util/UnsafeRefArrayAccess
instanceKlass io/netty/util/internal/shaded/org/jctools/util/Pow2
instanceKlass io/netty/util/internal/shaded/org/jctools/util/RangeUtil
instanceKlass io/netty/util/internal/shaded/org/jctools/util/UnsafeAccess
instanceKlass io/netty/util/internal/PlatformDependent$Mpsc$1
instanceKlass io/netty/util/internal/PlatformDependent$Mpsc
instanceKlass io/netty/channel/DefaultSelectStrategy
instanceKlass io/netty/channel/SelectStrategy
instanceKlass io/netty/util/internal/PlatformDependent$4
instanceKlass java/util/Arrays$ArrayItr
# instanceKlass java/lang/invoke/LambdaForm$MH+0x00000000160b4400
instanceKlass io/netty/util/internal/CleanerJava9$1
instanceKlass io/netty/util/internal/CleanerJava9
instanceKlass io/netty/util/internal/PlatformDependent$2
instanceKlass io/netty/util/internal/PlatformDependent$1
instanceKlass  @bci java/util/regex/Pattern union (Ljava/util/regex/Pattern$CharPredicate;Ljava/util/regex/Pattern$CharPredicate;Z)Ljava/util/regex/Pattern$CharPredicate; 6 <appendix> member <vmtarget> ; # java/util/regex/Pattern$$Lambda+0x800000030
instanceKlass  @bci java/util/regex/Pattern Range (II)Ljava/util/regex/Pattern$CharPredicate; 23 <appendix> member <vmtarget> ; # java/util/regex/Pattern$$Lambda+0x800000028
instanceKlass io/netty/util/internal/PlatformDependent0$9
instanceKlass io/netty/util/internal/PlatformDependent0$7
instanceKlass io/netty/util/internal/PlatformDependent0$6
instanceKlass io/netty/util/internal/PlatformDependent0$5
instanceKlass java/lang/foreign/MemorySegment
instanceKlass io/netty/util/internal/PlatformDependent0$4
instanceKlass io/netty/util/internal/PlatformDependent0$3
instanceKlass java/util/stream/WhileOps$DropWhileSink
instanceKlass java/util/stream/Node$Builder
instanceKlass java/util/stream/AbstractSpinedBuffer
instanceKlass java/util/stream/Node$OfDouble
instanceKlass java/util/stream/Node$OfLong
instanceKlass java/util/stream/Node$OfInt
instanceKlass java/util/stream/Node$OfPrimitive
instanceKlass java/util/stream/Nodes$EmptyNode
instanceKlass java/util/stream/Node
instanceKlass java/util/stream/Nodes
instanceKlass  @bci java/util/stream/ReferencePipeline toArray ()[Ljava/lang/Object; 1 <appendix> argL0 ; # java/util/stream/ReferencePipeline$$Lambda+0x0000000016029f30
instanceKlass java/util/function/IntFunction
instanceKlass java/util/stream/SliceOps
instanceKlass java/util/stream/WhileOps$DropWhileOp
instanceKlass java/util/stream/WhileOps
instanceKlass  @bci sun/misc/Unsafe lambda$beforeMemoryAccessSlow$0 (Ljava/util/stream/Stream;)Ljava/util/List; 1 <appendix> argL0 ; # sun/misc/Unsafe$$Lambda+0x0000000016028c00
instanceKlass java/lang/StackStreamFactory$FrameBuffer
instanceKlass java/lang/StackStreamFactory
instanceKlass  @bci sun/misc/Unsafe beforeMemoryAccessSlow ()V 26 <appendix> argL0 ; # sun/misc/Unsafe$$Lambda+0x0000000016027188
instanceKlass sun/misc/Unsafe$StackWalkerHolder
instanceKlass io/netty/util/internal/PlatformDependent0$2
instanceKlass io/netty/util/internal/ReflectionUtil
instanceKlass sun/misc/Unsafe
instanceKlass io/netty/util/internal/PlatformDependent0$1
# instanceKlass java/lang/invoke/LambdaForm$MH+0x00000000160b4000
instanceKlass sun/invoke/util/ValueConversions$WrapperCache
instanceKlass java/lang/Thread$Builder$OfVirtual
instanceKlass java/lang/Thread$Builder$OfPlatform
instanceKlass java/lang/Thread$Builder
instanceKlass io/netty/util/internal/PlatformDependent0
instanceKlass io/netty/util/internal/shaded/org/jctools/queues/SupportsIterator
instanceKlass io/netty/util/internal/shaded/org/jctools/queues/QueueProgressIndicators
instanceKlass io/netty/util/internal/shaded/org/jctools/queues/IndexedQueueSizeUtil$IndexedQueue
instanceKlass io/netty/util/internal/shaded/org/jctools/queues/MessagePassingQueue
instanceKlass io/netty/util/internal/LongCounter
instanceKlass io/netty/util/internal/PlatformDependent$ThreadLocalRandomProvider
instanceKlass io/netty/util/internal/Cleaner
instanceKlass io/netty/util/internal/PlatformDependent
instanceKlass java/util/concurrent/CountDownLatch
instanceKlass java/util/concurrent/atomic/AtomicIntegerFieldUpdater
instanceKlass io/netty/util/concurrent/SingleThreadEventExecutor$1
instanceKlass java/nio/channels/Selector
instanceKlass io/netty/util/IntSupplier
instanceKlass io/netty/channel/ChannelPromise
instanceKlass io/netty/channel/ChannelFuture
instanceKlass io/netty/util/concurrent/ThreadProperties
instanceKlass io/netty/util/concurrent/ThreadPerTaskExecutor
instanceKlass io/netty/util/internal/ThreadExecutorMap$3
instanceKlass io/netty/util/internal/UnpaddedInternalThreadLocalMap
instanceKlass io/netty/util/concurrent/FastThreadLocal
instanceKlass io/netty/util/internal/ThreadExecutorMap
instanceKlass io/netty/util/internal/StringUtil
instanceKlass io/netty/util/concurrent/DefaultThreadFactory
instanceKlass io/netty/util/concurrent/GlobalEventExecutor$TaskRunner
instanceKlass java/util/concurrent/Executors$RunnableAdapter
instanceKlass java/util/concurrent/Callable
instanceKlass io/netty/util/concurrent/GlobalEventExecutor$1
instanceKlass io/netty/util/concurrent/PromiseTask$SentinelRunnable
instanceKlass io/netty/util/internal/PriorityQueueNode
instanceKlass io/netty/util/concurrent/AbstractScheduledEventExecutor$2
instanceKlass io/netty/util/concurrent/AbstractScheduledEventExecutor$1
instanceKlass io/netty/util/internal/PriorityQueue
instanceKlass io/netty/util/concurrent/ScheduledFuture
instanceKlass io/netty/util/concurrent/ProgressivePromise
instanceKlass io/netty/util/concurrent/ProgressiveFuture
instanceKlass java/util/concurrent/RunnableFuture
instanceKlass io/netty/util/internal/ThrowableUtil
instanceKlass sun/reflect/misc/ReflectUtil
instanceKlass io/netty/util/concurrent/DefaultFutureListeners
instanceKlass io/netty/util/concurrent/DefaultPromise$CauseHolder
instanceKlass java/util/concurrent/atomic/AtomicReferenceFieldUpdater
instanceKlass io/netty/util/concurrent/AbstractFuture
instanceKlass io/netty/util/concurrent/EventExecutorChooserFactory$EventExecutorChooser
instanceKlass io/netty/util/concurrent/DefaultEventExecutorChooserFactory
instanceKlass io/netty/util/concurrent/RejectedExecutionHandlers$1
instanceKlass io/netty/util/concurrent/RejectedExecutionHandler
instanceKlass io/netty/util/concurrent/RejectedExecutionHandlers
instanceKlass io/netty/channel/DefaultSelectStrategyFactory
instanceKlass io/netty/channel/SelectStrategyFactory
instanceKlass sun/nio/ch/DefaultSelectorProvider
instanceKlass java/nio/channels/spi/SelectorProvider$Holder
instanceKlass java/nio/channels/spi/SelectorProvider
instanceKlass io/netty/util/NettyRuntime$AvailableProcessorsHolder
instanceKlass io/netty/util/NettyRuntime
instanceKlass io/netty/channel/EventLoop
instanceKlass io/netty/util/concurrent/OrderedEventExecutor
instanceKlass io/netty/util/concurrent/EventExecutorChooserFactory
instanceKlass io/netty/util/concurrent/FutureListener
instanceKlass io/netty/util/concurrent/Promise
instanceKlass io/netty/util/concurrent/Future
instanceKlass io/netty/util/concurrent/EventExecutor
instanceKlass java/util/concurrent/ScheduledFuture
instanceKlass java/util/concurrent/Future
instanceKlass java/util/concurrent/Delayed
instanceKlass io/netty/util/concurrent/AbstractEventExecutorGroup
instanceKlass java/util/concurrent/ConcurrentLinkedQueue$Node
instanceKlass  @bci com/google/cloud/datastore/emulator/firestore/websocket/WebSocketChannelHandler <init> (Lcom/google/common/time/TimeSource;)V 21 <appendix> member <vmtarget> ; # com/google/cloud/datastore/emulator/firestore/websocket/WebSocketChannelHandler$$Lambda+0x000000001608cd38
instanceKlass com/google/gson/JsonElement
instanceKlass com/google/cloud/datastore/emulator/firestore/websocket/BufferingRequestListener
instanceKlass io/netty/util/concurrent/GenericFutureListener
instanceKlass java/util/EventListener
instanceKlass io/netty/channel/ChannelHandlerAdapter
instanceKlass io/netty/channel/ChannelInboundHandler
instanceKlass java/time/Instant
instanceKlass java/time/temporal/TemporalAdjuster
instanceKlass java/time/temporal/Temporal
instanceKlass java/time/temporal/TemporalAccessor
instanceKlass com/google/cloud/datastore/emulator/impl/config/FirestoreEmulatorConfig$MicrosecondMonotonicTimeSourceWrapper
instanceKlass com/google/cloud/datastore/emulator/impl/util/EmulatorRequestsListener
instanceKlass io/netty/channel/EventLoopGroup
instanceKlass io/netty/util/concurrent/EventExecutorGroup
instanceKlass java/util/concurrent/ScheduledExecutorService
instanceKlass com/google/cloud/datastore/emulator/firestore/websocket/WebSocketServer
instanceKlass com/google/common/collect/PeekingIterator
instanceKlass com/google/common/collect/Iterators
instanceKlass com/google/common/collect/ObjectArrays
instanceKlass com/google/apphosting/client/adminjobsv3/SingleExportMetadataPointerOrBuilder
instanceKlass com/google/apphosting/client/adminjobsv3/OverallExportMetadataOrBuilder
instanceKlass com/google/common/base/Optional
instanceKlass com/google/common/io/ByteBuffers
instanceKlass com/google/cloud/datastore/util/leveldb/LevelDBLogReaderChannel$1
instanceKlass com/google/cloud/datastore/util/leveldb/LevelDBLogReaderChannel$Record
instanceKlass com/google/common/primitives/UnsignedInts
instanceKlass com/google/common/hash/HashCode
instanceKlass com/google/cloud/datastore/util/leveldb/LevelDBLogRecordUtil
# instanceKlass java/lang/invoke/LambdaForm$DMH+0x0000000016080800
instanceKlass com/google/common/hash/ChecksumHashFunction$ChecksumMethodHandles
instanceKlass com/google/common/hash/AbstractHasher
instanceKlass com/google/common/hash/Hasher
instanceKlass com/google/common/hash/AbstractHashFunction
instanceKlass java/util/zip/CRC32C
instanceKlass com/google/common/hash/ImmutableSupplier
instanceKlass com/google/common/base/Supplier
instanceKlass java/security/Key
instanceKlass com/google/common/hash/HashFunction
instanceKlass com/google/common/hash/Hashing
instanceKlass sun/nio/ch/Util$BufferCache
instanceKlass sun/nio/ch/Util
instanceKlass jdk/internal/misc/Blocker
instanceKlass com/google/cloud/datastore/util/leveldb/LevelDBLogReaderChannel
instanceKlass com/google/common/collect/ImmutableCollection$Builder
instanceKlass com/google/cloud/datastore/util/leveldb/ExportImportUtil
instanceKlass com/google/api/client/http/javanet/DefaultConnectionFactory
instanceKlass java/util/ComparableTimSort
instanceKlass java/net/SocketAddress
instanceKlass com/google/api/client/http/LowLevelHttpRequest
instanceKlass com/google/api/client/http/javanet/ConnectionFactory
instanceKlass com/google/common/base/Function
instanceKlass com/google/common/base/Functions
instanceKlass com/google/api/client/http/HttpContent
instanceKlass com/google/api/client/util/StreamingContent
instanceKlass java/time/temporal/TemporalUnit
instanceKlass com/google/cloud/datastore/emulator/impl/events/FunctionsEmulatorEventPublisher
instanceKlass jdk/internal/vm/ThreadContainers
instanceKlass jdk/internal/vm/StackableScope
instanceKlass java/util/concurrent/Executors$DefaultThreadFactory
instanceKlass java/util/concurrent/Executors
instanceKlass java/util/concurrent/LinkedBlockingQueue$Node
instanceKlass java/util/concurrent/locks/AbstractQueuedSynchronizer$ConditionObject
instanceKlass java/util/concurrent/locks/Condition
instanceKlass java/util/concurrent/ThreadPoolExecutor$AbortPolicy
instanceKlass java/util/concurrent/RejectedExecutionHandler
instanceKlass java/util/concurrent/AbstractExecutorService
instanceKlass com/google/common/io/ByteArrayDataInput
instanceKlass com/google/common/io/ByteArrayDataOutput
instanceKlass com/google/common/io/ByteStreams
instanceKlass sun/nio/ch/IOStatus
instanceKlass sun/nio/ch/NativeThread
instanceKlass sun/nio/ch/NativeThreadSet
instanceKlass java/nio/channels/spi/AbstractInterruptibleChannel$1
instanceKlass sun/nio/ch/Interruptible
instanceKlass sun/nio/ch/IOUtil
instanceKlass sun/nio/ch/NativeDispatcher
instanceKlass java/nio/file/attribute/FileAttribute
instanceKlass java/nio/channels/ScatteringByteChannel
instanceKlass java/nio/channels/GatheringByteChannel
instanceKlass java/nio/channels/spi/AbstractInterruptibleChannel
instanceKlass java/nio/channels/InterruptibleChannel
instanceKlass  @bci com/google/common/io/Closer <clinit> ()V 0 <appendix> argL0 ; # com/google/common/io/Closer$$Lambda+0x000000001607c598
instanceKlass  @cpi com/google/common/io/Closer 177 form vmentry <vmtarget> ; # java/lang/invoke/LambdaForm$DMH+0x0000000016080400
# instanceKlass java/lang/invoke/LambdaForm$DMH+0x0000000016080000
instanceKlass com/google/common/io/Closer$Suppressor
instanceKlass com/google/common/io/Closer
instanceKlass java/nio/channels/SeekableByteChannel
instanceKlass java/nio/channels/ByteChannel
instanceKlass java/nio/channels/WritableByteChannel
instanceKlass java/nio/channels/ReadableByteChannel
instanceKlass java/nio/channels/Channel
instanceKlass com/google/common/io/CharSource
instanceKlass com/google/common/hash/PrimitiveSink
instanceKlass  @bci com/google/common/io/Files <clinit> ()V 0 <appendix> argL0 ; # com/google/common/io/Files$$Lambda+0x000000001607a110
instanceKlass com/google/common/graph/SuccessorsFunction
instanceKlass com/google/common/io/ByteSink
instanceKlass com/google/common/io/LineProcessor
instanceKlass com/google/common/io/ByteSource
instanceKlass java/io/Reader
instanceKlass com/google/common/base/Predicate
instanceKlass com/google/common/io/Files
instanceKlass com/google/common/collect/UnmodifiableIterator
instanceKlass java/time/Duration
instanceKlass java/time/temporal/TemporalAmount
instanceKlass com/google/cloud/datastore/emulator/impl/util/FirestoreEmulatorLimits$Builder
instanceKlass com/google/cloud/datastore/emulator/impl/util/FirestoreEmulatorLimits
instanceKlass java/util/Random
instanceKlass java/util/random/RandomGenerator
instanceKlass com/google/cloud/datastore/emulator/impl/events/EventLogger
instanceKlass com/google/protobuf/LazyStringList
instanceKlass com/google/cloud/datastore/core/config/proto1api/DatastoreCustomizableConfigPb$DatastoreCustomizableConfigOrBuilder
instanceKlass com/google/protobuf/ProtocolStringList
instanceKlass com/google/apphosting/datastore/shared/Config$DatastoreConfigOrBuilder
instanceKlass java/time/Clock
instanceKlass java/time/InstantSource
instanceKlass com/google/common/time/TimeSource
instanceKlass com/google/cloud/datastore/emulator/impl/config/FirestoreEmulatorConfig$Builder
instanceKlass com/google/protobuf/ByteString$2
instanceKlass com/google/protobuf/ByteString$ArraysByteArrayCopier
instanceKlass com/google/protobuf/CodedInputStream
instanceKlass com/google/protobuf/Internal
instanceKlass com/google/protobuf/ByteString$ByteIterator
instanceKlass com/google/protobuf/ByteString$ByteArrayCopier
instanceKlass com/google/protobuf/ByteString
instanceKlass com/google/firebase/rules/v1/FileOrBuilder
instanceKlass com/google/protobuf/AbstractMessageLite$Builder
instanceKlass com/google/protobuf/ExtensionRegistry$ExtensionInfo
instanceKlass com/google/protobuf/Descriptors$GenericDescriptor
instanceKlass com/google/protobuf/FieldSet$FieldDescriptorLite
instanceKlass com/google/protobuf/ExtensionLite
instanceKlass com/google/protobuf/ExtensionRegistryFactory
instanceKlass com/google/protobuf/Android
instanceKlass com/google/protobuf/ExtensionRegistryLite
instanceKlass com/google/protobuf/AbstractParser
instanceKlass com/google/protobuf/UnknownFieldSet
instanceKlass java/util/Formattable
instanceKlass sun/util/resources/Bundles$CacheKeyReference
instanceKlass java/util/ResourceBundle$ResourceBundleProviderHelper
instanceKlass  @bci java/util/ResourceBundle$Control getCandidateLocales (Ljava/lang/String;Ljava/util/Locale;)Ljava/util/List; 23 <appendix> argL0 ; # java/util/ResourceBundle$Control$$Lambda+0x80000001d
instanceKlass  @bci sun/util/cldr/CLDRLocaleProviderAdapter applyAliases (Ljava/util/Locale;)Ljava/util/Locale; 4 <appendix> argL0 ; # sun/util/cldr/CLDRLocaleProviderAdapter$$Lambda+0x80000005a
instanceKlass sun/util/resources/Bundles$CacheKey
instanceKlass java/util/ResourceBundle$1
instanceKlass jdk/internal/access/JavaUtilResourceBundleAccess
instanceKlass sun/util/resources/Bundles
instanceKlass sun/util/resources/LocaleData$LocaleDataStrategy
instanceKlass sun/util/resources/Bundles$Strategy
instanceKlass  @bci java/util/ResourceBundle$Control <clinit> ()V 39 <appendix> argL0 ; # java/util/ResourceBundle$Control$$Lambda+0x80000001e
instanceKlass java/util/ResourceBundle
instanceKlass java/util/ResourceBundle$Control
instanceKlass sun/util/resources/LocaleData
instanceKlass java/util/regex/ASCII
instanceKlass sun/util/locale/provider/LocaleResources
instanceKlass java/util/Locale$Builder
instanceKlass sun/util/locale/provider/CalendarDataUtility
instanceKlass sun/util/locale/provider/AvailableLanguageTags
instanceKlass sun/util/resources/cldr/provider/CLDRLocaleDataMetaInfo
instanceKlass jdk/internal/module/ModulePatcher$PatchedModuleReader
instanceKlass java/util/Locale$LocaleCache
instanceKlass jdk/internal/util/ReferencedKeyMap$1
instanceKlass sun/util/locale/BaseLocale$1InterningCache
instanceKlass sun/util/locale/InternalLocaleBuilder$CaseInsensitiveChar
instanceKlass sun/util/locale/InternalLocaleBuilder
instanceKlass sun/util/locale/StringTokenIterator
instanceKlass java/text/ParsePosition
instanceKlass sun/util/cldr/CLDRBaseLocaleDataMetaInfo
instanceKlass sun/util/locale/provider/LocaleDataMetaInfo
instanceKlass sun/util/locale/provider/ResourceBundleBasedAdapter
instanceKlass java/util/Collections$UnmodifiableCollection$1
instanceKlass sun/util/locale/provider/LocaleProviderAdapter
instanceKlass java/util/spi/LocaleServiceProvider
instanceKlass java/text/DecimalFormatSymbols
instanceKlass java/util/Formatter$Flags
instanceKlass java/util/Formatter$FormatSpecifier
instanceKlass java/util/Formatter$FormatString
instanceKlass java/util/Formatter$Conversion
instanceKlass java/util/Formatter
instanceKlass com/google/protobuf/RuntimeVersion
instanceKlass com/google/protobuf/Message$Builder
instanceKlass com/google/protobuf/Parser
instanceKlass com/google/protobuf/Internal$IntList
instanceKlass com/google/protobuf/Internal$BooleanList
instanceKlass com/google/protobuf/Internal$LongList
instanceKlass com/google/protobuf/Internal$DoubleList
instanceKlass com/google/protobuf/Internal$FloatList
instanceKlass com/google/protobuf/GeneratedMessage$BuilderParent
instanceKlass com/google/protobuf/AbstractMessage$BuilderParent
instanceKlass com/google/protobuf/Reader
instanceKlass com/google/protobuf/MutabilityOracle
instanceKlass com/google/protobuf/MapFieldReflectionAccessor
instanceKlass com/google/protobuf/GeneratedMessage$ExtensionDescriptorRetriever
instanceKlass com/google/protobuf/Writer
instanceKlass com/google/protobuf/Internal$ProtobufList
instanceKlass com/google/protobuf/MutableMessageLite
instanceKlass com/google/protobuf/MessageLite$Builder
instanceKlass com/google/protobuf/AbstractMessageLite
instanceKlass com/google/protobuf/Message
instanceKlass com/google/protobuf/MessageLite
instanceKlass com/google/firebase/rules/v1/SourceOrBuilder
instanceKlass com/google/protobuf/MessageOrBuilder
instanceKlass com/google/protobuf/MessageLiteOrBuilder
instanceKlass com/google/cloud/datastore/emulator/impl/config/FirestoreEmulatorConfig
instanceKlass java/util/TreeMap$Entry
instanceKlass java/lang/ProcessEnvironment$CheckedEntry
instanceKlass java/lang/ProcessEnvironment$CheckedEntrySet$1
instanceKlass java/util/NavigableMap
instanceKlass java/util/SortedMap
instanceKlass java/lang/ProcessEnvironment$EntryComparator
instanceKlass java/lang/ProcessEnvironment$NameComparator
instanceKlass com/google/common/primitives/Longs$AsciiDigits
instanceKlass com/google/common/primitives/Longs
instanceKlass com/google/common/primitives/IntsMethodsForWeb
instanceKlass com/google/common/base/CommonPattern
instanceKlass com/google/common/base/Platform$JdkPatternCompiler
instanceKlass com/google/common/base/PatternCompiler
instanceKlass com/google/common/base/Platform
instanceKlass com/google/common/base/Strings
instanceKlass com/google/cloud/datastore/emulator/firestore/CloudFirestoreEmulatorOption$Builder
instanceKlass com/google/common/base/Preconditions
instanceKlass sun/reflect/generics/reflectiveObjects/LazyReflectiveObjectGenerator
instanceKlass sun/reflect/generics/tree/TypeVariableSignature
instanceKlass sun/reflect/generics/tree/ClassSignature
instanceKlass sun/reflect/generics/tree/Signature
instanceKlass sun/reflect/generics/tree/FormalTypeParameter
instanceKlass java/lang/reflect/TypeVariable
instanceKlass sun/reflect/generics/reflectiveObjects/ParameterizedTypeImpl
instanceKlass java/lang/reflect/ParameterizedType
instanceKlass sun/reflect/generics/repository/AbstractRepository
instanceKlass  @bci jdk/internal/reflect/MethodHandleIntegerFieldAccessorImpl setInt (Ljava/lang/Object;I)V 41 <adapter> ; # java/lang/invoke/LambdaForm$MH+0x0000000016060000
instanceKlass  @bci com/google/common/hash/ChecksumHashFunction$ChecksumMethodHandles updateByteBuffer (Ljava/util/zip/Checksum;Ljava/nio/ByteBuffer;)Z 11 <adapter> ; # java/lang/invoke/LambdaForm$MH+0x000000001605bc00
instanceKlass com/beust/jcommander/SubParameter
instanceKlass com/beust/jcommander/IParameterValidator2
instanceKlass  @bci io/netty/handler/codec/http/websocketx/WebSocketServerProtocolHandshakeHandler getWebSocketLocation (Lio/netty/channel/ChannelPipeline;Lio/netty/handler/codec/http/HttpRequest;Ljava/lang/String;)Ljava/lang/String; 35 <appendix> form vmentry <vmtarget> ; # java/lang/invoke/LambdaForm$MH+0x000000001605b800
instanceKlass com/beust/jcommander/FuzzyMap
instanceKlass com/beust/jcommander/JCommander$MainParameter
# instanceKlass java/lang/invoke/LambdaForm$MH+0x000000001605b000
# instanceKlass java/lang/invoke/LambdaForm$MH+0x000000001605ac00
# instanceKlass java/lang/invoke/LambdaForm$MH+0x000000001605a800
# instanceKlass java/lang/invoke/LambdaForm$MH+0x000000001605a400
instanceKlass com/beust/jcommander/StringKey
instanceKlass  @bci jdk/internal/reflect/MethodHandleIntegerFieldAccessorImpl getInt (Ljava/lang/Object;)I 20 <adapter> ; # java/lang/invoke/LambdaForm$MH+0x000000001605a000
# instanceKlass java/lang/invoke/LambdaForm$MH+0x0000000016059c00
# instanceKlass java/lang/invoke/LambdaForm$BMH+0x0000000016059800
# instanceKlass java/lang/invoke/LambdaForm$DMH+0x0000000016059400
# instanceKlass java/lang/invoke/LambdaForm$MH+0x0000000016059000
instanceKlass jdk/internal/reflect/FieldAccessorImpl
instanceKlass jdk/internal/reflect/FieldAccessor
instanceKlass com/beust/jcommander/ResourceBundle
instanceKlass com/beust/jcommander/ParameterDescription
instanceKlass java/util/stream/ForEachOps$ForEachOp
instanceKlass java/util/stream/ForEachOps
instanceKlass  @bci com/beust/jcommander/Parameterized parseArg (Ljava/lang/Object;)Ljava/util/List; 378 <appendix> member <vmtarget> ; # com/beust/jcommander/Parameterized$$Lambda+0x000000001605db98
instanceKlass  @cpi com/beust/jcommander/Parameterized 492 form vmentry <vmtarget> ; # java/lang/invoke/LambdaForm$DMH+0x0000000016058c00
instanceKlass  @bci com/beust/jcommander/Parameterized parseArg (Ljava/lang/Object;)Ljava/util/List; 366 <appendix> argL0 ; # com/beust/jcommander/Parameterized$$Lambda+0x000000001605d940
instanceKlass  @bci com/beust/jcommander/Parameterized parseArg (Ljava/lang/Object;)Ljava/util/List; 356 <appendix> argL0 ; # com/beust/jcommander/Parameterized$$Lambda+0x000000001605d6f8
instanceKlass java/util/HashMap$HashMapSpliterator
instanceKlass  @bci java/util/stream/Collectors castingIdentity ()Ljava/util/function/Function; 0 <appendix> argL0 ; # java/util/stream/Collectors$$Lambda+0x800000042
instanceKlass  @bci java/util/stream/Collectors toList ()Ljava/util/stream/Collector; 14 <appendix> argL0 ; # java/util/stream/Collectors$$Lambda+0x00000000160148e0
instanceKlass  @bci java/util/stream/Collectors toList ()Ljava/util/stream/Collector; 9 <appendix> argL0 ; # java/util/stream/Collectors$$Lambda+0x00000000160146a8
instanceKlass  @bci java/util/stream/Collectors toList ()Ljava/util/stream/Collector; 4 <appendix> argL0 ; # java/util/stream/Collectors$$Lambda+0x0000000016014480
instanceKlass  @bci com/beust/jcommander/Parameterized parseArg (Ljava/lang/Object;)Ljava/util/List; 319 <appendix> argL0 ; # com/beust/jcommander/Parameterized$$Lambda+0x000000001605d4a0
instanceKlass com/google/cloud/datastore/emulator/cli/FirestoreEmulatorCliOptions$ModeConverter
instanceKlass java/lang/Deprecated
instanceKlass javax/annotation/Nonnull
instanceKlass java/lang/annotation/Documented
instanceKlass javax/annotation/Nullable
instanceKlass com/beust/jcommander/WrappedParameter
instanceKlass com/beust/jcommander/validators/NoValueValidator
instanceKlass com/beust/jcommander/IValueValidator
instanceKlass com/beust/jcommander/converters/CommaParameterSplitter
instanceKlass com/beust/jcommander/converters/IParameterSplitter
instanceKlass com/beust/jcommander/validators/NoValidator
instanceKlass com/beust/jcommander/IParameterValidator
instanceKlass com/beust/jcommander/converters/NoConverter
instanceKlass com/beust/jcommander/DynamicParameter
instanceKlass com/beust/jcommander/ParametersDelegate
instanceKlass com/beust/jcommander/Parameter
instanceKlass com/beust/jcommander/Parameterized
instanceKlass java/util/Collections$EmptyIterator
instanceKlass java/lang/Class$AnnotationData
instanceKlass java/lang/annotation/Target
# instanceKlass java/lang/invoke/LambdaForm$MH+0x0000000016058800
instanceKlass  @bci sun/net/httpserver/ServerImpl createContext (Ljava/lang/String;Lcom/sun/net/httpserver/HttpHandler;)Lsun/net/httpserver/HttpContextImpl; 50 <appendix> form vmentry <vmtarget> ; # java/lang/invoke/LambdaForm$MH+0x0000000016058400
instanceKlass java/util/TimSort
instanceKlass java/util/Arrays$LegacyMergeSort
instanceKlass jdk/internal/classfile/impl/StackMapDecoder$1
instanceKlass jdk/internal/classfile/impl/StackMapDecoder
instanceKlass jdk/internal/classfile/impl/StackCounter
instanceKlass  @bci java/lang/reflect/ProxyGenerator lambda$generateLookupAccessor$0 (Ljava/lang/classfile/MethodBuilder;)V 30 <appendix> member <vmtarget> ; # java/lang/reflect/ProxyGenerator$$Lambda+0x0000000016012458
instanceKlass  @bci java/lang/reflect/ProxyGenerator generateLookupAccessor (Ljava/lang/classfile/ClassBuilder;)V 10 <appendix> member <vmtarget> ; # java/lang/reflect/ProxyGenerator$$Lambda+0x0000000016012218
instanceKlass java/lang/classfile/constantpool/StringEntry
instanceKlass java/lang/classfile/constantpool/ConstantValueEntry
instanceKlass  @bci java/lang/reflect/ProxyGenerator generateStaticInitializer (Ljava/lang/classfile/ClassBuilder;)V 10 <appendix> member <vmtarget> ; # java/lang/reflect/ProxyGenerator$$Lambda+0x0000000016011870
instanceKlass java/lang/classfile/attribute/StackMapTableAttribute
instanceKlass java/lang/classfile/attribute/StackMapFrameInfo
instanceKlass java/lang/classfile/instruction/ExceptionCatch
instanceKlass  @bci java/lang/reflect/ProxyGenerator$ProxyMethod lambda$generateMethod$0 (Ljava/lang/classfile/MethodBuilder;)V 30 <appendix> member <vmtarget> ; # java/lang/reflect/ProxyGenerator$ProxyMethod$$Lambda+0x0000000016010b00
instanceKlass java/lang/classfile/attribute/ExceptionsAttribute
instanceKlass  @bci java/lang/reflect/ProxyGenerator$ProxyMethod generateMethod (Ljava/lang/classfile/ClassBuilder;)V 42 <appendix> member <vmtarget> ; # java/lang/reflect/ProxyGenerator$ProxyMethod$$Lambda+0x0000000016010198
instanceKlass  @bci java/lang/reflect/ProxyGenerator generateConstructor (Ljava/lang/classfile/ClassBuilder;)V 8 <appendix> member <vmtarget> ; # java/lang/reflect/ProxyGenerator$$Lambda+0x000000001600ff58
instanceKlass  @bci java/lang/reflect/ProxyGenerator generateClassFile ()[B 197 <appendix> member <vmtarget> ; # java/lang/reflect/ProxyGenerator$$Lambda+0x000000001600fd18
instanceKlass  @cpi com/google/cloud/datastore/emulator/firestore/websocket/WebSocketChannelHandler 221 form vmentry <vmtarget> ; # java/lang/invoke/LambdaForm$DMH+0x0000000016058000
instanceKlass  @bci java/lang/reflect/ProxyGenerator proxyMethodsFor (Ljava/lang/String;)Ljava/util/List; 5 <appendix> argL0 ; # java/lang/reflect/ProxyGenerator$$Lambda+0x000000001600fad0
instanceKlass java/lang/reflect/ProxyGenerator$ProxyMethod
instanceKlass java/lang/classfile/constantpool/InterfaceMethodRefEntry
instanceKlass java/lang/classfile/attribute/StackMapFrameInfo$ObjectVerificationTypeInfo
instanceKlass java/lang/classfile/attribute/StackMapFrameInfo$VerificationTypeInfo
instanceKlass java/lang/classfile/ClassFile$Option
instanceKlass java/lang/reflect/ProxyGenerator
instanceKlass  @bci java/lang/WeakPairMap computeIfAbsent (Ljava/lang/Object;Ljava/lang/Object;Ljava/util/function/BiFunction;)Ljava/lang/Object; 18 <appendix> member <vmtarget> ; # java/lang/WeakPairMap$$Lambda+0x000000001600ebd0
instanceKlass  @bci java/lang/Module implAddExportsOrOpens (Ljava/lang/String;Ljava/lang/Module;ZZ)V 151 <appendix> argL0 ; # java/lang/Module$$Lambda+0x000000001600e998
instanceKlass  @bci java/lang/module/ModuleDescriptor$Builder packages (Ljava/util/Set;)Ljava/lang/module/ModuleDescriptor$Builder; 17 <appendix> argL0 ; # java/lang/module/ModuleDescriptor$Builder$$Lambda+0x80000000e
instanceKlass java/lang/WeakPairMap$Pair$Lookup
instanceKlass java/lang/WeakPairMap$Pair
instanceKlass java/lang/WeakPairMap
instanceKlass java/lang/Module$ReflectionData
instanceKlass jdk/internal/module/Checks
instanceKlass java/lang/module/ModuleDescriptor$Builder
instanceKlass  @bci java/lang/reflect/Proxy$ProxyBuilder getDynamicModule (Ljava/lang/ClassLoader;)Ljava/lang/Module; 4 <appendix> argL0 ; # java/lang/reflect/Proxy$ProxyBuilder$$Lambda+0x000000001600e008
instanceKlass java/lang/PublicMethods
instanceKlass java/lang/reflect/Proxy$ProxyBuilder
instanceKlass  @bci java/lang/reflect/Proxy getProxyConstructor (Ljava/lang/ClassLoader;[Ljava/lang/Class;)Ljava/lang/reflect/Constructor; 18 <appendix> argL0 ; # java/lang/reflect/Proxy$$Lambda+0x000000001600cd08
instanceKlass java/lang/ClassValue$Identity
instanceKlass java/lang/ClassValue$Entry
instanceKlass java/lang/ClassValue
instanceKlass java/lang/reflect/Proxy
instanceKlass sun/reflect/annotation/AnnotationInvocationHandler
instanceKlass java/lang/reflect/InvocationHandler
instanceKlass java/lang/annotation/Inherited
instanceKlass java/lang/annotation/Retention
instanceKlass  @bci sun/reflect/annotation/AnnotationParser parseClassArray (ILjava/nio/ByteBuffer;Ljdk/internal/reflect/ConstantPool;Ljava/lang/Class;)Ljava/lang/Object; 10 <appendix> member <vmtarget> ; # sun/reflect/annotation/AnnotationParser$$Lambda+0x000000001600b340
instanceKlass sun/reflect/annotation/ExceptionProxy
instanceKlass sun/reflect/annotation/AnnotationType
instanceKlass java/lang/reflect/GenericArrayType
instanceKlass sun/reflect/generics/visitor/Reifier
instanceKlass sun/reflect/generics/visitor/TypeTreeVisitor
instanceKlass sun/reflect/generics/factory/CoreReflectionFactory
instanceKlass sun/reflect/generics/factory/GenericsFactory
instanceKlass sun/reflect/generics/scope/AbstractScope
instanceKlass sun/reflect/generics/scope/Scope
instanceKlass sun/reflect/generics/tree/ClassTypeSignature
instanceKlass sun/reflect/generics/tree/SimpleClassTypeSignature
instanceKlass sun/reflect/generics/tree/FieldTypeSignature
instanceKlass sun/reflect/generics/tree/BaseType
instanceKlass sun/reflect/generics/tree/TypeSignature
instanceKlass sun/reflect/generics/tree/ReturnType
instanceKlass sun/reflect/generics/tree/TypeArgument
instanceKlass sun/reflect/generics/tree/TypeTree
instanceKlass sun/reflect/generics/tree/Tree
instanceKlass sun/reflect/generics/parser/SignatureParser
instanceKlass com/beust/jcommander/Parameters
instanceKlass java/util/stream/ReduceOps$AccumulatingSink
instanceKlass java/util/stream/ReduceOps$Box
instanceKlass java/util/stream/ReduceOps$ReduceOp
instanceKlass java/util/stream/ReduceOps
instanceKlass  @bci java/util/stream/Collectors joining (Ljava/lang/CharSequence;Ljava/lang/CharSequence;Ljava/lang/CharSequence;)Ljava/util/stream/Collector; 22 <appendix> argL0 ; # java/util/stream/Collectors$$Lambda+0x800000043
instanceKlass  @bci java/util/stream/Collectors joining (Ljava/lang/CharSequence;Ljava/lang/CharSequence;Ljava/lang/CharSequence;)Ljava/util/stream/Collector; 17 <appendix> argL0 ; # java/util/stream/Collectors$$Lambda+0x800000041
instanceKlass java/util/function/BinaryOperator
instanceKlass  @bci java/util/stream/Collectors joining (Ljava/lang/CharSequence;Ljava/lang/CharSequence;Ljava/lang/CharSequence;)Ljava/util/stream/Collector; 12 <appendix> argL0 ; # java/util/stream/Collectors$$Lambda+0x80000003e
instanceKlass java/util/function/BiConsumer
instanceKlass  @bci java/util/stream/Collectors joining (Ljava/lang/CharSequence;Ljava/lang/CharSequence;Ljava/lang/CharSequence;)Ljava/util/stream/Collector; 7 <appendix> member <vmtarget> ; # java/util/stream/Collectors$$Lambda+0x800000046
instanceKlass java/util/StringJoiner
instanceKlass java/util/stream/Collector
instanceKlass java/util/Collections$UnmodifiableCollection
instanceKlass java/util/stream/Collectors
instanceKlass  @bci com/beust/jcommander/Strings join (Ljava/lang/String;[Ljava/lang/Object;)Ljava/lang/String; 4 <appendix> argL0 ; # com/beust/jcommander/Strings$$Lambda+0x0000000016056738
instanceKlass java/lang/invoke/TypeConvertingMethodAdapter
instanceKlass java/lang/invoke/InnerClassLambdaMetafactory$6
instanceKlass java/lang/invoke/InnerClassLambdaMetafactory$3
instanceKlass java/lang/classfile/Interfaces
instanceKlass java/util/ImmutableCollections$Access$1
instanceKlass jdk/internal/access/JavaUtilCollectionAccess
instanceKlass java/util/ImmutableCollections$Access
instanceKlass java/lang/invoke/InnerClassLambdaMetafactory$1
instanceKlass com/beust/jcommander/Strings
instanceKlass com/beust/jcommander/JCommander$ProgramName
instanceKlass com/beust/jcommander/JCommander$1
instanceKlass java/util/Date
instanceKlass com/beust/jcommander/converters/FileConverter
instanceKlass com/beust/jcommander/converters/BaseConverter
instanceKlass com/beust/jcommander/converters/StringConverter
instanceKlass com/beust/jcommander/internal/DefaultConverterFactory
instanceKlass com/beust/jcommander/JCommander$DefaultVariableArity
instanceKlass com/beust/jcommander/internal/Sets
instanceKlass com/beust/jcommander/internal/Maps
instanceKlass com/beust/jcommander/DefaultUsageFormatter
instanceKlass com/beust/jcommander/internal/Lists
instanceKlass com/beust/jcommander/parser/DefaultParameterizedParser
instanceKlass com/beust/jcommander/JCommander$Options$1
instanceKlass com/beust/jcommander/JCommander$Options
instanceKlass com/beust/jcommander/internal/Console
instanceKlass com/beust/jcommander/IMainParameter
instanceKlass com/beust/jcommander/IStringConverter
instanceKlass com/beust/jcommander/FuzzyMap$IKey
instanceKlass com/beust/jcommander/IStringConverterInstanceFactory
instanceKlass com/beust/jcommander/IStringConverterFactory
instanceKlass com/beust/jcommander/IVariableArity
instanceKlass com/beust/jcommander/IUsageFormatter
instanceKlass com/beust/jcommander/IParameterizedParser
instanceKlass com/beust/jcommander/JCommander
instanceKlass com/google/cloud/datastore/emulator/cli/FirestoreEmulatorCliOptions
instanceKlass javax/security/cert/Certificate
instanceKlass java/security/DEREncodable
instanceKlass java/security/cert/X509Extension
instanceKlass io/netty/util/AsciiString
instanceKlass io/netty/util/internal/EmptyArrays
instanceKlass java/util/concurrent/atomic/AtomicReference
instanceKlass io/netty/util/internal/SystemPropertyUtil
instanceKlass io/netty/util/internal/ObjectUtil
instanceKlass io/netty/util/internal/logging/Slf4JLoggerFactory$NopInstanceHolder
instanceKlass io/netty/util/internal/logging/AbstractInternalLogger
instanceKlass io/netty/util/internal/logging/InternalLogger
instanceKlass io/netty/util/internal/logging/InternalLoggerFactory
instanceKlass io/netty/util/ResourceLeakTracker
instanceKlass io/netty/util/ResourceLeak
instanceKlass io/netty/util/ResourceLeakDetector
instanceKlass java/util/logging/Logger$SystemLoggerHelper
instanceKlass jdk/internal/logger/BootstrapLogger$BootstrapExecutors
instanceKlass jdk/internal/logger/BootstrapLogger$RedirectedLoggers
instanceKlass java/util/ServiceLoader$ProviderImpl
instanceKlass java/util/ServiceLoader$Provider
instanceKlass java/util/concurrent/CopyOnWriteArrayList$COWIterator
instanceKlass jdk/internal/loader/URLClassPath$1
instanceKlass java/lang/CompoundEnumeration
instanceKlass jdk/internal/loader/BuiltinClassLoader$1
instanceKlass java/util/Collections$EmptyEnumeration
instanceKlass jdk/internal/jimage/ImageLocation
instanceKlass jdk/internal/jimage/decompressor/Decompressor
instanceKlass jdk/internal/jimage/ImageStringsReader
instanceKlass jdk/internal/jimage/ImageStrings
instanceKlass jdk/internal/jimage/ImageHeader
instanceKlass jdk/internal/reflect/Reflection$1Holder
instanceKlass jdk/internal/jimage/NativeImageBuffer$1
instanceKlass jdk/internal/jimage/NativeImageBuffer
instanceKlass java/security/AccessControlContext
instanceKlass java/security/AccessController
instanceKlass jdk/internal/jimage/BasicImageReader$1
instanceKlass java/security/PrivilegedAction
instanceKlass jdk/internal/jimage/BasicImageReader
instanceKlass jdk/internal/jimage/ImageReader
instanceKlass jdk/internal/jimage/ImageReaderFactory$1
instanceKlass jdk/internal/jimage/ImageReaderFactory
instanceKlass jdk/internal/module/SystemModuleFinders$SystemImage
instanceKlass jdk/internal/module/SystemModuleFinders$SystemModuleReader
instanceKlass java/lang/module/ModuleReader
instanceKlass jdk/internal/loader/BuiltinClassLoader$2
instanceKlass jdk/internal/module/Resources
instanceKlass java/util/ServiceLoader$2
instanceKlass java/util/ServiceLoader$1
instanceKlass java/util/ServiceLoader$LazyClassPathLookupIterator
instanceKlass java/util/ImmutableCollections$Set12$1
instanceKlass java/util/ImmutableCollections$SetN$SetNIterator
instanceKlass java/util/Spliterators$1Adapter
instanceKlass java/util/Spliterators$ArraySpliterator
instanceKlass java/util/Spliterators
instanceKlass jdk/internal/loader/AbstractClassLoaderValue$Memoizer
instanceKlass java/util/ServiceLoader$ModuleServicesLookupIterator
instanceKlass java/util/ServiceLoader
instanceKlass jdk/internal/logger/BootstrapLogger$DetectBackend
instanceKlass jdk/internal/logger/BootstrapLogger
instanceKlass sun/util/logging/PlatformLogger$ConfigurableBridge
instanceKlass sun/util/logging/PlatformLogger$Bridge
instanceKlass java/lang/System$Logger
instanceKlass java/io/FileInputStream$1
instanceKlass  @bci java/util/stream/MatchOps makeRef (Ljava/util/function/Predicate;Ljava/util/stream/MatchOps$MatchKind;)Ljava/util/stream/TerminalOp; 20 <appendix> member <vmtarget> ; # java/util/stream/MatchOps$$Lambda+0x800000004
instanceKlass java/util/stream/MatchOps$BooleanTerminalSink
instanceKlass java/util/stream/MatchOps$MatchOp
instanceKlass java/util/stream/MatchOps
instanceKlass java/util/stream/Streams
instanceKlass java/util/stream/Stream$Builder
instanceKlass java/util/stream/Streams$AbstractStreamBuilderImpl
instanceKlass java/util/stream/Sink$ChainedReference
instanceKlass java/util/stream/ReferencePipeline$7$1FlatMap
instanceKlass java/util/stream/FindOps$FindOp
instanceKlass java/util/stream/TerminalOp
instanceKlass  @bci java/util/stream/FindOps$FindSink$OfRef <clinit> ()V 6 <appendix> argL0 ; # java/util/stream/FindOps$FindSink$OfRef$$Lambda+0x800000048
instanceKlass  @bci java/util/stream/FindOps$FindSink$OfRef <clinit> ()V 0 <appendix> argL0 ; # java/util/stream/FindOps$FindSink$OfRef$$Lambda+0x800000049
instanceKlass java/util/stream/FindOps$FindSink
instanceKlass java/util/stream/TerminalSink
instanceKlass java/util/stream/Sink
instanceKlass java/util/stream/FindOps
instanceKlass  @bci java/util/logging/Level$KnownLevel findByName (Ljava/lang/String;Ljava/util/function/Function;)Ljava/util/Optional; 29 <appendix> argL0 ; # java/util/logging/Level$KnownLevel$$Lambda+0x800000022
instanceKlass sun/reflect/annotation/AnnotationParser
instanceKlass java/util/EnumMap$1
instanceKlass java/util/stream/StreamOpFlag$MaskBuilder
instanceKlass java/util/stream/Stream
instanceKlass java/util/stream/BaseStream
instanceKlass java/util/stream/PipelineHelper
instanceKlass java/util/stream/StreamSupport
instanceKlass java/util/ArrayList$ArrayListSpliterator
instanceKlass java/util/Spliterator
instanceKlass  @bci java/util/logging/Level findLevel (Ljava/lang/String;)Ljava/util/logging/Level; 13 <appendix> argL0 ; # java/util/logging/Level$$Lambda+0x80000001f
instanceKlass java/util/Hashtable$Enumerator
instanceKlass java/util/concurrent/ConcurrentHashMap$MapEntry
instanceKlass java/util/Collections$SynchronizedCollection
instanceKlass java/util/Properties$EntrySet
instanceKlass java/util/Properties$LineReader
instanceKlass java/util/Collections$3
instanceKlass java/util/logging/LogManager$VisitedLoggers
instanceKlass java/util/function/Predicate
instanceKlass  @bci io/netty/handler/codec/http/websocketx/WebSocketServerHandshaker13 newHandshakeResponse (Lio/netty/handler/codec/http/FullHttpRequest;Lio/netty/handler/codec/http/HttpHeaders;)Lio/netty/handler/codec/http/FullHttpResponse; 183 <appendix> form vmentry <vmtarget> ; # java/lang/invoke/LambdaForm$MH+0x000000001604cc00
instanceKlass java/net/URI$Parser
instanceKlass java/nio/file/FileSystems$DefaultFileSystemHolder
instanceKlass java/nio/file/FileSystems
instanceKlass java/nio/file/Paths
instanceKlass java/lang/System$LoggerFinder
instanceKlass java/util/logging/LogManager$LoggingProviderAccess
instanceKlass sun/util/logging/internal/LoggingProviderImpl$LogManagerAccess
instanceKlass java/lang/Shutdown$Lock
instanceKlass java/lang/Shutdown
instanceKlass java/lang/ApplicationShutdownHooks$1
instanceKlass java/lang/ApplicationShutdownHooks
instanceKlass java/util/Collections$SynchronizedMap
instanceKlass java/util/logging/LogManager$LogNode
instanceKlass java/util/logging/LogManager$LoggerContext
instanceKlass java/util/logging/LogManager
instanceKlass java/util/logging/Logger$ConfigurationData
instanceKlass java/util/logging/Logger$LoggerBundle
instanceKlass  @bci java/util/logging/Level$KnownLevel add (Ljava/util/logging/Level;)V 49 <appendix> argL0 ; # java/util/logging/Level$KnownLevel$$Lambda+0x800000021
instanceKlass  @bci java/util/logging/Level$KnownLevel add (Ljava/util/logging/Level;)V 19 <appendix> argL0 ; # java/util/logging/Level$KnownLevel$$Lambda+0x800000020
instanceKlass java/util/logging/Level
instanceKlass java/util/logging/Handler
instanceKlass java/util/logging/Logger
instanceKlass java/util/logging/LogRecord
instanceKlass java/lang/invoke/VarForm
instanceKlass java/lang/invoke/VarHandleGuards
instanceKlass java/lang/invoke/VarHandles
instanceKlass jdk/internal/invoke/MhUtil
instanceKlass java/util/concurrent/atomic/AtomicBoolean
instanceKlass com/google/common/flogger/context/ScopedLoggingContext$Builder
instanceKlass com/google/common/flogger/context/ScopedLoggingContext$LoggingContextCloseable
instanceKlass com/google/common/flogger/context/ScopedLoggingContext
instanceKlass  @bci io/netty/handler/codec/http/HttpResponseStatus <init> (ILjava/lang/String;Z)V 133 <appendix> form vmentry <vmtarget> ; # java/lang/invoke/LambdaForm$MH+0x000000001604c800
instanceKlass java/lang/StringConcatHelper$StringConcatBase
instanceKlass java/lang/invoke/StringConcatFactory$InlineHiddenClassStrategy$6
instanceKlass java/lang/invoke/StringConcatFactory$InlineHiddenClassStrategy$3$4
instanceKlass java/lang/invoke/StringConcatFactory$InlineHiddenClassStrategy$4
instanceKlass java/lang/invoke/StringConcatFactory$InlineHiddenClassStrategy$3$1
instanceKlass jdk/internal/classfile/impl/BytecodeHelpers$1
instanceKlass java/lang/invoke/StringConcatFactory$InlineHiddenClassStrategy$7
instanceKlass java/lang/invoke/StringConcatFactory$InlineHiddenClassStrategy$3$2
instanceKlass java/lang/invoke/StringConcatFactory$InlineHiddenClassStrategy$5
instanceKlass java/lang/invoke/StringConcatFactory$InlineHiddenClassStrategy$3$3
instanceKlass java/lang/invoke/StringConcatFactory$InlineHiddenClassStrategy$3
instanceKlass java/lang/invoke/StringConcatFactory$InlineHiddenClassStrategy$2
instanceKlass java/lang/invoke/StringConcatFactory$InlineHiddenClassStrategy$1
instanceKlass java/lang/invoke/StringConcatFactory$InlineHiddenClassStrategy
instanceKlass java/lang/invoke/StringConcatFactory
instanceKlass com/google/common/flogger/context/ContextDataProvider
instanceKlass com/google/common/flogger/backend/MetadataHandler$Builder$2
instanceKlass com/google/common/flogger/backend/MetadataHandler$Builder$1
instanceKlass com/google/common/flogger/backend/MetadataHandler$Builder
instanceKlass com/google/common/flogger/backend/MetadataHandler
instanceKlass com/google/common/flogger/backend/MetadataKeyValueHandlers$2
instanceKlass com/google/common/flogger/backend/MetadataKeyValueHandlers$1
instanceKlass com/google/common/flogger/backend/MetadataHandler$RepeatedValueHandler
instanceKlass com/google/common/flogger/backend/MetadataKeyValueHandlers
instanceKlass com/google/common/flogger/backend/MetadataHandler$ValueHandler
instanceKlass java/util/RegularEnumSet$EnumSetIterator
# instanceKlass java/lang/invoke/LambdaForm$MH+0x000000001604c000
instanceKlass jdk/internal/util/ModifiedUtf
instanceKlass jdk/internal/classfile/impl/ClassReaderImpl
instanceKlass java/lang/classfile/ClassReader
instanceKlass jdk/internal/classfile/impl/ClassHierarchyImpl$CachedClassHierarchyResolver$1
instanceKlass java/lang/classfile/ClassHierarchyResolver$ClassHierarchyInfo
instanceKlass jdk/internal/classfile/impl/ClassHierarchyImpl$CachedClassHierarchyResolver
instanceKlass jdk/internal/classfile/impl/ClassHierarchyImpl$ClassLoadingClassHierarchyResolver$1
instanceKlass jdk/internal/classfile/impl/ClassHierarchyImpl$ClassLoadingClassHierarchyResolver
instanceKlass java/lang/classfile/ClassHierarchyResolver
instanceKlass jdk/internal/classfile/impl/ClassHierarchyImpl
instanceKlass jdk/internal/classfile/impl/RawBytecodeHelper$1
instanceKlass jdk/internal/classfile/impl/RawBytecodeHelper
instanceKlass jdk/internal/classfile/impl/StackMapGenerator$Frame
instanceKlass jdk/internal/classfile/impl/StackMapGenerator
instanceKlass java/util/ImmutableCollections$ListItr
instanceKlass java/util/ListIterator
instanceKlass jdk/internal/classfile/impl/AnnotationReader
instanceKlass java/lang/classfile/CustomAttribute
instanceKlass jdk/internal/classfile/impl/TerminalFieldBuilder
instanceKlass java/lang/classfile/FieldBuilder
instanceKlass java/lang/invoke/InvokerBytecodeGenerator$2
instanceKlass jdk/internal/classfile/impl/BytecodeHelpers
instanceKlass java/lang/classfile/constantpool/MethodRefEntry
instanceKlass jdk/internal/classfile/impl/DirectCodeBuilder$8
instanceKlass java/lang/classfile/instruction/LabelTarget
instanceKlass java/lang/classfile/Label
instanceKlass jdk/internal/classfile/impl/BufWriterImpl
instanceKlass java/lang/classfile/BufWriter
instanceKlass java/lang/classfile/instruction/LocalVariableType
instanceKlass java/lang/classfile/instruction/LocalVariable
instanceKlass java/lang/classfile/instruction/CharacterRange
instanceKlass java/lang/classfile/PseudoInstruction
instanceKlass java/lang/classfile/CodeElement
instanceKlass jdk/internal/classfile/impl/TerminalCodeBuilder
instanceKlass jdk/internal/classfile/impl/LabelContext
instanceKlass java/lang/classfile/CodeBuilder
instanceKlass java/lang/invoke/InvokerBytecodeGenerator$4$1
instanceKlass java/lang/classfile/constantpool/FieldRefEntry
instanceKlass java/lang/classfile/constantpool/MemberRefEntry
instanceKlass java/lang/classfile/constantpool/NameAndTypeEntry
instanceKlass jdk/internal/classfile/impl/TerminalMethodBuilder
instanceKlass jdk/internal/classfile/impl/MethodInfo
instanceKlass java/lang/classfile/MethodBuilder
instanceKlass java/lang/invoke/InvokerBytecodeGenerator$4
instanceKlass java/lang/classfile/attribute/SourceFileAttribute
instanceKlass java/lang/classfile/Superclass
instanceKlass jdk/internal/classfile/impl/AttributeHolder
instanceKlass java/lang/classfile/ClassBuilder
instanceKlass java/lang/classfile/ClassFileBuilder
instanceKlass jdk/internal/classfile/impl/AbstractDirectBuilder
instanceKlass java/lang/invoke/InvokerBytecodeGenerator$1
instanceKlass jdk/internal/classfile/impl/ClassFileImpl
instanceKlass java/lang/classfile/ClassFile
instanceKlass java/lang/invoke/InvokerBytecodeGenerator$3
instanceKlass java/util/function/Consumer
instanceKlass java/lang/invoke/LambdaFormBuffer
instanceKlass java/lang/invoke/LambdaFormEditor$TransformKey
instanceKlass java/lang/invoke/LambdaFormEditor
instanceKlass java/lang/invoke/DelegatingMethodHandle$Holder
instanceKlass java/lang/invoke/DirectMethodHandle$2
instanceKlass java/lang/invoke/ClassSpecializer$Factory
instanceKlass java/lang/invoke/ClassSpecializer$SpeciesData
instanceKlass java/lang/invoke/ClassSpecializer$1
instanceKlass jdk/internal/vm/annotation/Stable
instanceKlass java/lang/invoke/ClassSpecializer
instanceKlass java/util/Collections$1
instanceKlass java/util/LinkedHashMap$LinkedHashIterator
instanceKlass java/util/SequencedSet
instanceKlass java/util/regex/Matcher$ImmutableMatchResult
instanceKlass java/util/regex/IntHashSet
instanceKlass java/util/regex/Matcher
instanceKlass java/util/regex/MatchResult
instanceKlass com/google/common/flogger/context/Tags
instanceKlass com/google/common/flogger/DurationRateLimiter$RateLimitPeriod
instanceKlass com/google/common/flogger/MetadataKey
instanceKlass com/google/common/flogger/LogContext$Key
instanceKlass java/util/ArrayList$Itr
instanceKlass java/util/regex/Pattern$TreeInfo
instanceKlass  @bci java/util/regex/Pattern Single (I)Ljava/util/regex/Pattern$BmpCharPredicate; 1 <appendix> member <vmtarget> ; # java/util/regex/Pattern$$Lambda+0x800000027
instanceKlass  @bci java/util/regex/Pattern negate (Ljava/util/regex/Pattern$CharPredicate;)Ljava/util/regex/Pattern$CharPredicate; 1 <appendix> member <vmtarget> ; # java/util/regex/Pattern$$Lambda+0x80000002f
instanceKlass java/lang/invoke/LambdaProxyClassArchive
instanceKlass java/lang/classfile/constantpool/ClassEntry
instanceKlass java/lang/classfile/constantpool/LoadableConstantEntry
instanceKlass jdk/internal/classfile/impl/Util
instanceKlass jdk/internal/classfile/impl/EntryMap
instanceKlass jdk/internal/classfile/impl/BootstrapMethodEntryImpl
instanceKlass java/lang/classfile/BootstrapMethodEntry
instanceKlass jdk/internal/classfile/impl/SplitConstantPool
instanceKlass java/lang/invoke/InfoFromMemberName
instanceKlass java/lang/invoke/MethodHandleInfo
instanceKlass java/lang/invoke/AbstractValidatingLambdaMetafactory
instanceKlass java/lang/invoke/BootstrapMethodInvoker
instanceKlass sun/invoke/util/ValueConversions
instanceKlass java/lang/invoke/LambdaMetafactory
instanceKlass java/util/regex/Pattern$BitClass
instanceKlass java/util/regex/Pattern$BmpCharPredicate
instanceKlass java/util/regex/Pattern$CharPredicate
instanceKlass java/util/regex/Pattern$Node
instanceKlass java/util/regex/Pattern
instanceKlass com/google/common/flogger/backend/google/SimpleCustomFormatter$Segment
instanceKlass com/google/common/flogger/backend/google/SimpleCustomFormatter$Template
instanceKlass com/google/common/flogger/backend/LogMessageFormatter
instanceKlass com/google/common/flogger/backend/LoggerBackend
instanceKlass com/google/common/flogger/util/StaticMethodCaller
instanceKlass com/google/common/flogger/backend/system/BackendFactory
instanceKlass java/lang/invoke/Invokers$Holder
instanceKlass java/lang/invoke/Invokers
instanceKlass sun/invoke/empty/Empty
instanceKlass sun/invoke/util/VerifyType
instanceKlass java/lang/invoke/InvokerBytecodeGenerator$8
instanceKlass jdk/internal/classfile/impl/AbstractAttributeMapper
instanceKlass java/lang/classfile/AttributeMapper
instanceKlass java/lang/classfile/Attributes
instanceKlass jdk/internal/classfile/impl/Util$Writable
instanceKlass jdk/internal/classfile/impl/AbstractElement
instanceKlass java/lang/classfile/attribute/RuntimeVisibleAnnotationsAttribute
instanceKlass java/lang/classfile/FieldElement
instanceKlass java/lang/classfile/MethodElement
instanceKlass java/lang/classfile/ClassElement
instanceKlass java/lang/classfile/Attribute
instanceKlass java/lang/classfile/ClassFileElement
instanceKlass java/lang/classfile/constantpool/Utf8Entry
instanceKlass java/lang/classfile/constantpool/AnnotationConstantValueEntry
instanceKlass java/lang/classfile/constantpool/PoolEntry
instanceKlass jdk/internal/classfile/impl/AbstractPoolEntry
instanceKlass jdk/internal/classfile/impl/TemporaryConstantPool
instanceKlass java/lang/classfile/constantpool/ConstantPoolBuilder
instanceKlass java/lang/classfile/constantpool/ConstantPool
instanceKlass java/lang/classfile/Annotation
instanceKlass java/lang/classfile/AnnotationElement
instanceKlass java/lang/invoke/InvokerBytecodeGenerator
instanceKlass java/lang/invoke/LambdaForm$Holder
instanceKlass java/lang/invoke/LambdaForm$Name
instanceKlass java/lang/reflect/Array
instanceKlass java/lang/invoke/DirectMethodHandle$Holder
instanceKlass java/lang/invoke/MethodTypeForm
instanceKlass jdk/internal/util/StrongReferenceKey
instanceKlass jdk/internal/util/ReferenceKey
instanceKlass jdk/internal/util/ReferencedKeyMap
instanceKlass java/lang/invoke/MethodType$1
instanceKlass java/lang/constant/DynamicConstantDesc
instanceKlass jdk/internal/constant/DirectMethodHandleDescImpl$1
instanceKlass jdk/internal/constant/DirectMethodHandleDescImpl
instanceKlass java/lang/constant/DirectMethodHandleDesc
instanceKlass java/lang/constant/MethodHandleDesc$1
instanceKlass java/lang/constant/MethodHandleDesc
instanceKlass jdk/internal/constant/MethodTypeDescImpl
instanceKlass java/lang/constant/MethodTypeDesc
instanceKlass jdk/internal/constant/ConstantUtils
instanceKlass jdk/internal/constant/ArrayClassDescImpl
instanceKlass jdk/internal/constant/ClassOrInterfaceDescImpl
instanceKlass java/lang/constant/ClassDesc
instanceKlass java/lang/constant/ConstantDescs
instanceKlass sun/invoke/util/Wrapper$Format
instanceKlass java/lang/invoke/MethodHandleImpl$1
instanceKlass jdk/internal/access/JavaLangInvokeAccess
instanceKlass java/lang/invoke/LambdaForm$NamedFunction
instanceKlass jdk/internal/reflect/MethodHandleAccessorFactory$LazyStaticHolder
instanceKlass com/google/common/flogger/backend/system/Clock
instanceKlass com/google/common/flogger/backend/PlatformProvider
instanceKlass com/google/common/flogger/backend/Platform$LazyHolder
instanceKlass com/google/common/flogger/backend/Platform
instanceKlass com/google/common/flogger/util/Checks
instanceKlass com/google/common/flogger/LoggingApi$NoOp
instanceKlass com/google/common/flogger/GoogleLogger$Api
instanceKlass com/google/common/flogger/GoogleLoggingApi
instanceKlass com/google/common/flogger/LoggingApi
instanceKlass com/google/common/flogger/AbstractLogger
instanceKlass java/lang/PublicMethods$Key
instanceKlass java/lang/PublicMethods$MethodList
instanceKlass com/google/common/net/HostAndPort
instanceKlass io/gapi/emulators/grpc/GrpcServer
instanceKlass com/google/cloud/datastore/emulator/firestore/FirestoreEmulator
instanceKlass com/google/cloud/datastore/emulator/firestore/CloudFirestoreEmulatorOption
instanceKlass io/grpc/stub/AbstractStub
instanceKlass io/grpc/Channel
instanceKlass com/google/cloud/datastore/emulator/impl/firestore/ApiRouter
instanceKlass io/gapi/emulators/util/Resettable
instanceKlass io/netty/channel/ChannelHandler
instanceKlass com/google/cloud/datastore/emulator/impl/events/EventPublisher
instanceKlass com/google/api/client/http/HttpTransport
instanceKlass java/util/concurrent/ExecutorService
instanceKlass java/util/concurrent/Executor
instanceKlass java/util/concurrent/BlockingQueue
instanceKlass jdk/internal/misc/MethodFinder
instanceKlass com/google/cloud/datastore/emulator/firestore/CloudFirestore
instanceKlass java/security/PermissionCollection
instanceKlass java/security/SecureClassLoader$1
instanceKlass java/util/zip/Checksum$1
instanceKlass java/util/zip/CRC32
instanceKlass java/util/zip/Checksum
instanceKlass sun/nio/ByteBuffered
instanceKlass java/lang/Package$VersionInfo
instanceKlass java/lang/NamedPackage
instanceKlass jdk/internal/loader/Resource
instanceKlass java/nio/charset/CoderResult
instanceKlass java/lang/Readable
instanceKlass jdk/internal/loader/FileURLMapper
instanceKlass jdk/internal/loader/URLClassPath$Loader
instanceKlass sun/net/util/URLUtil
instanceKlass java/util/SequencedMap
instanceKlass java/util/jar/Attributes
instanceKlass java/util/jar/JarVerifier
instanceKlass sun/security/util/Debug
instanceKlass sun/security/util/SignatureFileVerifier
instanceKlass java/util/zip/ZipFile$InflaterCleanupAction
instanceKlass java/util/zip/Inflater$InflaterZStreamRef
instanceKlass java/util/zip/Inflater
instanceKlass java/util/zip/ZipEntry
instanceKlass java/nio/Bits$1
instanceKlass jdk/internal/misc/VM$BufferPool
instanceKlass java/nio/Bits
instanceKlass sun/nio/ch/DirectBuffer
instanceKlass jdk/internal/perf/PerfCounter$CoreCounters
instanceKlass jdk/internal/perf/Perf
instanceKlass jdk/internal/perf/PerfCounter
instanceKlass java/nio/file/attribute/FileTime
instanceKlass java/util/zip/ZipUtils
instanceKlass java/util/zip/ZipFile$Source$End
instanceKlass java/io/RandomAccessFile$2
instanceKlass jdk/internal/access/JavaIORandomAccessFileAccess
instanceKlass java/io/RandomAccessFile
instanceKlass java/io/DataInput
instanceKlass java/io/DataOutput
instanceKlass sun/nio/fs/WindowsNativeDispatcher$CompletionStatus
instanceKlass sun/nio/fs/WindowsNativeDispatcher$AclInformation
instanceKlass sun/nio/fs/WindowsNativeDispatcher$Account
instanceKlass sun/nio/fs/WindowsNativeDispatcher$DiskFreeSpace
instanceKlass sun/nio/fs/WindowsNativeDispatcher$VolumeInformation
instanceKlass sun/nio/fs/WindowsNativeDispatcher$FirstStream
instanceKlass sun/nio/fs/WindowsNativeDispatcher$FirstFile
instanceKlass java/util/Enumeration
instanceKlass java/util/concurrent/ConcurrentHashMap$Traverser
instanceKlass jdk/internal/loader/NativeLibraries$2
instanceKlass jdk/internal/loader/NativeLibrary
instanceKlass java/util/ArrayDeque$DeqIterator
instanceKlass jdk/internal/loader/NativeLibraries$NativeLibraryContext$1
instanceKlass jdk/internal/loader/NativeLibraries$NativeLibraryContext
instanceKlass jdk/internal/loader/NativeLibraries$1
instanceKlass jdk/internal/loader/NativeLibraries$LibraryPaths
instanceKlass sun/nio/fs/WindowsNativeDispatcher
instanceKlass sun/nio/fs/NativeBuffer$Deallocator
instanceKlass sun/nio/fs/NativeBuffer
instanceKlass java/lang/ThreadLocal$ThreadLocalMap
instanceKlass java/lang/ThreadLocal
instanceKlass sun/nio/fs/NativeBuffers
instanceKlass sun/nio/fs/WindowsFileAttributes
instanceKlass java/nio/file/attribute/DosFileAttributes
instanceKlass sun/nio/fs/AbstractBasicFileAttributeView
instanceKlass sun/nio/fs/DynamicFileAttributeView
instanceKlass sun/nio/fs/WindowsFileAttributeViews
instanceKlass sun/nio/fs/Util
instanceKlass java/nio/file/attribute/BasicFileAttributeView
instanceKlass java/nio/file/attribute/FileAttributeView
instanceKlass java/nio/file/attribute/AttributeView
instanceKlass java/nio/file/Files
instanceKlass java/nio/file/CopyOption
instanceKlass java/nio/file/attribute/BasicFileAttributes
instanceKlass sun/nio/fs/WindowsPath
instanceKlass java/nio/file/Path
instanceKlass java/nio/file/Watchable
instanceKlass java/util/zip/ZipFile$Source$Key
instanceKlass sun/nio/fs/WindowsPathParser
instanceKlass java/nio/file/FileSystem
instanceKlass java/nio/file/OpenOption
instanceKlass java/nio/file/spi/FileSystemProvider
instanceKlass sun/nio/fs/DefaultFileSystemProvider
instanceKlass java/util/zip/ZipFile$Source
instanceKlass java/lang/ref/Cleaner$Cleanable
instanceKlass jdk/internal/ref/CleanerImpl$CleanableList$Node
instanceKlass jdk/internal/ref/CleanerImpl$CleanableList
instanceKlass jdk/internal/ref/CleanerImpl
instanceKlass java/lang/ref/Cleaner$1
instanceKlass java/lang/ref/Cleaner
instanceKlass jdk/internal/ref/CleanerFactory$1
instanceKlass java/util/concurrent/ThreadFactory
instanceKlass jdk/internal/ref/CleanerFactory
instanceKlass java/util/zip/ZipFile$CleanableResource
instanceKlass java/util/zip/ZipCoder
instanceKlass java/lang/Runtime$Version
instanceKlass java/util/jar/JavaUtilJarAccessImpl
instanceKlass jdk/internal/access/JavaUtilJarAccess
instanceKlass java/util/zip/ZipFile$1
instanceKlass jdk/internal/access/JavaUtilZipFileAccess
instanceKlass java/util/BitSet
instanceKlass java/util/zip/ZipFile
instanceKlass java/util/zip/ZipConstants
instanceKlass java/lang/StringCoding
instanceKlass sun/nio/cs/MS1252$Holder
instanceKlass sun/nio/cs/ArrayDecoder
instanceKlass java/nio/charset/CharsetDecoder
instanceKlass sun/launcher/LauncherHelper
instanceKlass java/util/Optional
instanceKlass sun/util/locale/LocaleUtils
instanceKlass java/util/Locale
instanceKlass sun/usagetracker/UsageTrackerClient
instanceKlass jdk/internal/util/EnvUtils
instanceKlass jdk/internal/vm/PostVMInitHook
instanceKlass jdk/internal/vm/ContinuationSupport
instanceKlass java/util/Deque
instanceKlass java/util/Queue
instanceKlass sun/net/util/IPAddressUtil$MASKS
instanceKlass sun/net/util/IPAddressUtil
instanceKlass java/net/URLStreamHandler
instanceKlass sun/net/www/ParseUtil
instanceKlass java/net/URL$1
instanceKlass jdk/internal/access/JavaNetURLAccess
instanceKlass java/net/URL$DefaultFactory
instanceKlass java/net/URLStreamHandlerFactory
instanceKlass jdk/internal/loader/URLClassPath
instanceKlass java/lang/Module$EnableNativeAccess
instanceKlass jdk/internal/loader/BootLoader
instanceKlass java/util/concurrent/ConcurrentHashMap$CollectionView
instanceKlass jdk/internal/loader/ClassLoaderHelper
instanceKlass java/lang/ClassLoader$ParallelLoaders
instanceKlass java/security/cert/Certificate
instanceKlass java/net/URI$1
instanceKlass jdk/internal/access/JavaNetUriAccess
instanceKlass jdk/internal/loader/AbstractClassLoaderValue
instanceKlass jdk/internal/module/ModuleBootstrap$Counters
instanceKlass jdk/internal/module/ModuleLoaderMap$Modules
instanceKlass jdk/internal/module/ModuleLoaderMap
instanceKlass jdk/internal/module/ModulePatcher
instanceKlass jdk/internal/util/DecimalDigits
instanceKlass java/io/FileSystem
instanceKlass java/io/DefaultFileSystem
instanceKlass java/io/File
instanceKlass java/lang/module/ModuleDescriptor$1
instanceKlass jdk/internal/access/JavaLangModuleAccess
instanceKlass sun/invoke/util/VerifyAccess
instanceKlass java/util/KeyValueHolder
instanceKlass java/util/ImmutableCollections$MapN$MapNIterator
instanceKlass java/lang/invoke/MethodHandles$Lookup
instanceKlass java/lang/invoke/MemberName$Factory
instanceKlass java/lang/invoke/MethodHandles
instanceKlass jdk/internal/module/ModuleBootstrap
instanceKlass java/util/HexFormat
instanceKlass jdk/internal/util/ClassFileDumper
instanceKlass java/lang/CharacterData
instanceKlass java/lang/invoke/MethodHandleStatics
instanceKlass java/util/Collections
instanceKlass java/lang/Thread$ThreadIdentifiers
instanceKlass sun/io/Win32ErrorMode
instanceKlass jdk/internal/misc/OSEnvironment
instanceKlass jdk/internal/misc/Signal$NativeHandler
instanceKlass java/util/Hashtable$Entry
instanceKlass jdk/internal/misc/Signal
instanceKlass java/lang/Terminator$1
instanceKlass jdk/internal/misc/Signal$Handler
instanceKlass java/lang/Terminator
instanceKlass java/nio/ByteOrder
instanceKlass java/nio/Buffer$2
instanceKlass jdk/internal/access/JavaNioAccess
instanceKlass java/nio/Buffer$1
instanceKlass jdk/internal/misc/ScopedMemoryAccess
instanceKlass java/nio/charset/CodingErrorAction
instanceKlass sun/nio/cs/SingleByte
instanceKlass java/lang/StringUTF16
instanceKlass sun/nio/cs/IBM437$Holder
instanceKlass sun/nio/cs/ArrayEncoder
instanceKlass java/nio/charset/CharsetEncoder
instanceKlass java/io/Writer
instanceKlass java/io/OutputStream
instanceKlass java/io/Flushable
instanceKlass java/io/FileDescriptor$1
instanceKlass jdk/internal/access/JavaIOFileDescriptorAccess
instanceKlass java/io/FileDescriptor
instanceKlass jdk/internal/util/StaticProperty
instanceKlass jdk/internal/reflect/MethodHandleAccessorFactory
instanceKlass jdk/internal/reflect/Reflection
instanceKlass java/lang/reflect/Modifier
instanceKlass java/lang/Class$Atomic
instanceKlass java/lang/Class$ReflectionData
instanceKlass java/nio/charset/StandardCharsets
instanceKlass sun/nio/cs/HistoricallyNamedCharset
instanceKlass java/util/Arrays
instanceKlass jdk/internal/util/Preconditions$3
instanceKlass jdk/internal/util/Preconditions$2
instanceKlass jdk/internal/util/Preconditions$4
instanceKlass java/util/function/BiFunction
instanceKlass jdk/internal/util/Preconditions$1
instanceKlass jdk/internal/util/Preconditions
instanceKlass java/nio/charset/spi/CharsetProvider
instanceKlass java/nio/charset/Charset
instanceKlass java/util/HashMap$HashIterator
instanceKlass java/util/Objects
instanceKlass java/util/concurrent/locks/LockSupport
instanceKlass java/util/concurrent/ConcurrentHashMap$CounterCell
instanceKlass java/util/concurrent/locks/ReentrantLock
instanceKlass java/util/concurrent/locks/Lock
instanceKlass java/lang/Runtime
instanceKlass java/lang/VersionProps
instanceKlass java/lang/StringConcatHelper
instanceKlass jdk/internal/util/ArraysSupport
instanceKlass java/lang/StringLatin1
instanceKlass java/lang/StrictMath
instanceKlass jdk/internal/util/SystemProps$Raw
instanceKlass jdk/internal/util/SystemProps
instanceKlass java/lang/System$1
instanceKlass jdk/internal/access/JavaLangAccess
instanceKlass java/lang/ref/ReferenceQueue$Lock
instanceKlass java/lang/ref/ReferenceQueue
instanceKlass java/lang/ref/Reference$1
instanceKlass jdk/internal/access/JavaLangRefAccess
instanceKlass java/lang/Math
instanceKlass java/io/ObjectStreamClass
instanceKlass jdk/internal/reflect/ReflectionFactory
instanceKlass jdk/internal/access/SharedSecrets
instanceKlass java/lang/reflect/ReflectAccess
instanceKlass jdk/internal/access/JavaLangReflectAccess
instanceKlass jdk/internal/misc/CDS
instanceKlass jdk/internal/misc/VM
instanceKlass java/lang/String$CaseInsensitiveComparator
instanceKlass java/util/Comparator
instanceKlass java/io/ObjectStreamField
instanceKlass java/lang/Module$ArchivedData
instanceKlass jdk/internal/module/ArchivedBootLayer
instanceKlass jdk/internal/loader/BuiltinClassLoader$LoadedModule
instanceKlass jdk/internal/module/ServicesCatalog$ServiceProvider
instanceKlass java/util/concurrent/CopyOnWriteArrayList
instanceKlass jdk/internal/module/ServicesCatalog
instanceKlass java/util/concurrent/ConcurrentHashMap$Node
instanceKlass jdk/internal/loader/NativeLibraries
instanceKlass java/security/Principal
instanceKlass jdk/internal/loader/ArchivedClassLoaders
instanceKlass jdk/internal/math/FDBigInteger
instanceKlass java/lang/ModuleLayer
instanceKlass java/util/ImmutableCollections
instanceKlass jdk/internal/module/ModuleLoaderMap$Mapper
instanceKlass java/util/function/Function
instanceKlass java/lang/module/ResolvedModule
instanceKlass java/lang/module/Configuration
instanceKlass java/util/HashMap$Node
instanceKlass java/util/Map$Entry
instanceKlass java/util/Collections$UnmodifiableMap
instanceKlass jdk/internal/module/ModuleHashes
instanceKlass jdk/internal/module/ModuleTarget
instanceKlass java/lang/module/ModuleDescriptor$Opens
instanceKlass jdk/internal/module/SystemModuleFinders$2
instanceKlass jdk/internal/module/ModuleHashes$HashSupplier
instanceKlass jdk/internal/module/SystemModuleFinders$1
instanceKlass java/util/function/Supplier
instanceKlass java/net/URI
instanceKlass java/lang/module/ModuleDescriptor$Provides
instanceKlass java/lang/module/ModuleDescriptor$Exports
instanceKlass java/lang/module/ModuleDescriptor$Requires
instanceKlass java/lang/module/ModuleDescriptor$Version
instanceKlass java/lang/module/ModuleDescriptor
instanceKlass java/lang/module/ModuleReference
instanceKlass java/util/Set
instanceKlass jdk/internal/module/SystemModuleFinders$SystemModuleFinder
instanceKlass java/lang/module/ModuleFinder
instanceKlass jdk/internal/module/ArchivedModuleGraph
instanceKlass sun/util/locale/BaseLocale
instanceKlass java/util/jar/Attributes$Name
instanceKlass java/lang/Character$CharacterCache
instanceKlass java/lang/Short$ShortCache
instanceKlass java/lang/Byte$ByteCache
instanceKlass java/lang/Long$LongCache
instanceKlass java/lang/Integer$IntegerCache
instanceKlass jdk/internal/vm/FillerObject
instanceKlass jdk/internal/vm/vector/VectorSupport$VectorPayload
instanceKlass jdk/internal/vm/vector/VectorSupport
instanceKlass java/lang/reflect/RecordComponent
instanceKlass java/util/Iterator
instanceKlass java/lang/Void
instanceKlass java/lang/Number
instanceKlass java/lang/Character
instanceKlass java/lang/Boolean
instanceKlass java/util/concurrent/locks/AbstractOwnableSynchronizer
instanceKlass java/lang/LiveStackFrame
instanceKlass java/lang/ClassFrameInfo
instanceKlass java/lang/StackWalker$StackFrame
instanceKlass java/lang/StackStreamFactory$AbstractStackWalker
instanceKlass java/lang/StackWalker
instanceKlass java/nio/Buffer
instanceKlass java/lang/StackTraceElement
instanceKlass java/util/RandomAccess
instanceKlass java/util/List
instanceKlass java/util/SequencedCollection
instanceKlass java/util/AbstractCollection
instanceKlass java/util/Collection
instanceKlass java/lang/Iterable
instanceKlass java/util/concurrent/ConcurrentMap
instanceKlass java/util/AbstractMap
instanceKlass java/security/CodeSource
instanceKlass jdk/internal/loader/ClassLoaders
instanceKlass java/util/jar/Manifest
instanceKlass java/lang/Enum
instanceKlass java/net/URL
instanceKlass java/io/InputStream
instanceKlass java/io/Closeable
instanceKlass java/lang/AutoCloseable
instanceKlass jdk/internal/module/Modules
instanceKlass jdk/internal/misc/Unsafe
instanceKlass jdk/internal/misc/UnsafeConstants
instanceKlass java/lang/AbstractStringBuilder
instanceKlass java/lang/Appendable
instanceKlass java/lang/AssertionStatusDirectives
instanceKlass jdk/internal/foreign/abi/ABIDescriptor
instanceKlass jdk/internal/foreign/abi/NativeEntryPoint
instanceKlass java/lang/invoke/CallSite
instanceKlass java/lang/invoke/MethodType
instanceKlass java/lang/invoke/TypeDescriptor$OfMethod
instanceKlass java/lang/invoke/LambdaForm
instanceKlass java/lang/invoke/MethodHandleNatives
instanceKlass java/lang/invoke/MethodHandleImpl
instanceKlass java/lang/invoke/ResolvedMethodName
instanceKlass java/lang/invoke/MemberName
instanceKlass java/lang/invoke/VarHandle
instanceKlass java/lang/invoke/MethodHandle
instanceKlass jdk/internal/reflect/ConstructorAccessorImpl
instanceKlass jdk/internal/reflect/ConstructorAccessor
instanceKlass jdk/internal/reflect/CallerSensitive
instanceKlass java/lang/annotation/Annotation
instanceKlass jdk/internal/reflect/ConstantPool
instanceKlass jdk/internal/reflect/MethodAccessorImpl
instanceKlass jdk/internal/reflect/MethodAccessor
instanceKlass jdk/internal/vm/StackChunk
instanceKlass jdk/internal/vm/Continuation
instanceKlass jdk/internal/vm/ContinuationScope
instanceKlass java/lang/reflect/Parameter
instanceKlass java/lang/reflect/Member
instanceKlass java/lang/reflect/AccessibleObject
instanceKlass java/lang/Module
instanceKlass java/util/Map
instanceKlass java/util/Dictionary
instanceKlass java/lang/ThreadGroup
instanceKlass java/lang/Thread$UncaughtExceptionHandler
instanceKlass java/lang/Thread$Constants
instanceKlass java/lang/Thread$FieldHolder
instanceKlass java/lang/Thread
instanceKlass java/lang/Runnable
instanceKlass java/lang/ref/Reference
instanceKlass java/lang/Record
instanceKlass java/security/ProtectionDomain
instanceKlass java/lang/Throwable
instanceKlass java/lang/System
instanceKlass java/lang/ClassLoader
instanceKlass java/lang/Cloneable
instanceKlass java/lang/Class
instanceKlass java/lang/invoke/TypeDescriptor$OfField
instanceKlass java/lang/invoke/TypeDescriptor
instanceKlass java/lang/reflect/Type
instanceKlass java/lang/reflect/GenericDeclaration
instanceKlass java/lang/reflect/AnnotatedElement
instanceKlass java/lang/String
instanceKlass java/lang/constant/ConstantDesc
instanceKlass java/lang/constant/Constable
instanceKlass java/lang/CharSequence
instanceKlass java/lang/Comparable
instanceKlass java/io/Serializable
ciInstanceKlass java/lang/Object 1 1 115 7 1 10 12 1 1 10 7 12 1 1 1 10 7 12 1 1 1 10 12 1 1 8 1 10 12 1 1 10 7 12 1 1 1 10 12 1 10 12 1 1 100 1 8 1 10 12 1 10 7 12 1 1 1 7 1 10 12 1 7 1 10 12 1 1 8 1 3 8 1 100 1 5 0 1 1 1 1 1 1 1 1 1 1 1 1 1 1 1 1 100 1 1 1 1 1 1 1 1 1 1 1 1 1 100 1 1 1 1 1 1 3 1 1
ciInstanceKlass java/io/Serializable 1 0 7 100 1 100 1 1 1
ciInstanceKlass java/lang/System 1 1 591 10 100 12 1 1 1 10 7 12 1 1 1 10 12 1 1 10 12 1 9 12 1 1 10 7 12 1 1 1 11 100 12 1 1 1 10 100 12 1 1 1 10 12 1 1 100 1 8 1 10 12 1 9 12 1 1 9 12 1 1 10 7 12 1 1 1 10 7 12 1 1 1 10 12 1 1 10 12 1 10 7 12 1 1 1 10 12 1 10 12 1 1 7 1 10 12 1 1 100 1 8 1 10 10 12 1 1 100 1 8 1 10 10 7 12 1 1 10 12 10 7 12 1 1 10 7 12 1 1 1 100 1 8 1 10 10 7 12 1 1 1 10 7 12 1 1 1 100 1 10 100 12 1 1 1 10 12 1 1 10 7 12 1 1 1 10 12 1 1 10 12 1 10 12 1 8 1 10 12 1 1 10 12 1 1 8 1 10 12 1 7 1 7 1 10 12 1 9 7 12 1 1 1 10 7 12 1 1 1 10 12 1 10 12 1 10 7 12 1 1 1 100 1 8 1 10 9 12 1 1 9 12 1 10 12 1 10 100 12 1 1 10 12 1 10 12 1 1 100 1 10 8 1 10 12 1 1 10 12 1 10 12 1 1 10 12 1 1 8 1 11 7 12 1 1 10 12 11 12 1 1 11 7 12 1 1 1 11 7 12 1 1 11 12 1 1 7 1 11 12 1 10 12 1 8 1 10 12 1 1 8 1 8 1 8 1 8 1 11 12 1 10 12 1 1 10 12 1 10 12 1 8 1 10 12 1 1 8 1 9 12 1 8 1 10 7 12 1 1 8 1 7 1 9 7 12 1 1 1 10 12 1 7 1 9 12 10 9 12 7 1 10 12 9 12 1 1 8 1 10 12 1 1 8 1 9 12 1 10 7 12 1 1 10 12 1 10 12 1 1 11 7 12 1 1 10 12 10 7 12 1 1 1 9 12 1 1 100 1 100 1 8 1 10 12 1 1 10 12 1 8 1 8 1 10 8 1 8 1 8 1 8 1 8 1 10 8 1 10 7 12 1 1 1 10 7 12 1 1 1 10 12 1 1 7 1 10 10 12 1 10 12 1 9 12 1 1 1 1 1 1 1 1 1 1 1 1 100 1 1 100 1 1 1 1 1 1 1 1 1 1 3 1 1 1 1 1 1 1 1 1 1 1 1 1 1 1 1 1 1 1 1 1 1 1 1 1 1 1 1 1 1 1 1 1 1 1 1 1 1 1 1 1 1 1 1 1 1 1 1 1 1 1 100 1 1 1 1 1 1 1 1 1 1 1 1 1 1 1 1 1 1 1 1 1 1 1 1 1 100 1 100 1 1 1 1 1 1 1 1
staticfield java/lang/System in Ljava/io/InputStream; java/io/BufferedInputStream
staticfield java/lang/System out Ljava/io/PrintStream; java/io/PrintStream
staticfield java/lang/System err Ljava/io/PrintStream; java/io/PrintStream
instanceKlass java/security/Security$1
instanceKlass java/security/Provider
ciInstanceKlass java/util/Properties 1 1 690 10 7 12 1 1 1 100 1 10 7 12 1 1 7 1 10 12 1 9 12 1 1 9 12 1 1 9 12 1 1 10 7 12 1 1 1 10 12 1 1 8 1 10 7 12 1 1 1 7 1 10 12 1 10 12 1 1 8 1 10 12 1 7 1 10 12 10 12 1 1 9 12 1 1 10 12 1 1 7 1 10 12 1 10 12 1 10 12 1 1 100 1 8 1 10 12 1 10 12 1 10 12 1 1 10 12 1 100 1 3 10 10 100 12 1 1 1 10 12 1 10 12 1 1 8 1 10 12 1 10 12 1 1 8 1 10 100 12 1 1 10 12 1 1 10 12 1 10 12 1 1 100 1 10 12 1 10 12 1 1 100 1 9 100 12 1 1 1 10 12 1 10 12 1 1 10 12 1 1 10 12 1 1 100 1 9 12 1 1 7 1 100 1 10 12 1 100 1 11 7 12 1 1 1 11 12 1 1 11 100 12 1 1 1 11 7 12 1 1 1 11 12 1 1 11 12 1 11 12 1 10 12 1 1 8 1 10 12 1 10 100 12 1 1 10 12 1 100 1 10 10 12 1 10 12 1 100 1 10 10 12 1 1 10 100 12 1 1 9 100 12 1 1 10 12 1 1 10 100 12 1 1 1 100 1 100 1 100 1 10 8 1 8 1 10 12 1 10 12 1 10 12 1 1 10 10 12 1 1 10 12 1 1 7 1 10 10 12 1 11 7 12 1 1 10 7 12 1 1 1 8 1 10 100 12 1 1 11 11 7 1 8 1 10 100 1 11 10 12 1 10 10 12 1 10 12 1 1 10 12 1 1 10 12 1 1 10 12 1 10 12 1 10 10 12 1 10 12 1 10 12 1 10 10 12 1 1 10 12 1 1 10 10 12 1 10 12 1 10 12 1 10 12 1 10 12 1 1 10 12 1 1 10 12 1 10 12 1 10 12 1 1 10 12 10 12 1 1 10 12 1 1 10 12 1 10 12 1 1 10 12 1 1 10 12 10 11 12 1 4 11 10 12 1 1 10 100 12 1 1 11 12 1 10 12 1 1 10 100 12 1 1 10 12 1 100 1 8 1 10 12 1 10 10 100 12 1 1 1 100 1 6 0 10 12 1 1 11 100 12 1 1 1 10 12 1 10 12 1 1 1 1 1 5 0 1 1 1 1 1 1 1 1 1 1 1 1 1 1 1 1 1 1 1 1 1 1 1 1 1 1 1 1 1 1 1 1 1 1 1 1 1 1 1 100 1 1 1 1 1 1 1 1 1 1 1 1 1 1 1 1 1 1 1 1 100 1 1 1 1 1 1 1 1 1 1 1 1 100 1 100 1 1 1 1 1 100 1 1 1 1 1 1 1 1 1 1 1 1 1 1 1 1 1 1 1 1 1 1 1 1 1 1 1 1 1 1 1 1 1 1 1 1 1 1 1 1 1 1 1 1 1 1 1 1 1 1 1 1 1 1 1 1 1 1 1 1 1 1 1 1 1 1 1 1 1 1 1 1 1 1 1 1 1 100 1 1 1 1 1 1 1 1 1 1 1 100 1 1
staticfield java/util/Properties UNSAFE Ljdk/internal/misc/Unsafe; jdk/internal/misc/Unsafe
instanceKlass java/util/Hashtable
ciInstanceKlass java/util/Dictionary 1 1 36 10 7 12 1 1 1 100 1 1 1 1 1 1 1 1 1 1 1 1 1 1 1 1 1 1 1 1 1 1 1 1 1 1 1 1
instanceKlass java/util/Properties
ciInstanceKlass java/util/Hashtable 1 1 516 100 1 10 7 12 1 1 1 9 7 12 1 1 1 100 1 100 1 10 8 1 10 12 1 1 10 12 1 10 12 1 1 10 12 1 10 7 12 1 1 1 8 1 10 12 1 9 12 1 1 7 1 9 12 1 1 4 10 7 12 1 1 1 9 12 1 4 10 12 1 11 100 12 1 1 1 10 12 1 1 10 12 1 1 9 12 1 10 12 1 1 100 1 10 9 12 1 1 10 7 12 1 1 1 9 12 1 1 10 12 1 10 12 1 3 9 12 1 9 12 1 3 10 12 1 10 12 1 10 12 1 1 11 12 1 1 11 100 12 1 1 1 11 100 12 1 1 1 11 12 1 100 1 11 12 1 11 12 1 10 12 1 1 10 12 1 1 10 12 1 9 12 1 1 9 12 9 12 1 1 10 100 1 100 1 10 12 1 10 8 1 10 10 12 1 8 1 10 8 1 10 100 12 1 1 1 7 1 10 12 1 10 12 1 100 1 10 12 1 10 12 1 1 100 1 10 100 1 10 10 12 1 1 11 12 1 1 11 12 1 100 1 10 10 10 100 12 1 1 11 100 12 1 1 1 100 1 10 11 100 12 1 1 11 100 12 1 10 12 1 10 12 1 1 10 100 12 1 1 10 12 1 1 10 12 1 1 10 12 1 1 10 100 12 1 1 1 8 10 100 12 1 1 100 1 8 1 10 4 4 10 12 1 1 10 12 1 8 1 4 10 12 10 100 12 1 1 1 100 1 11 100 12 1 1 1 10 100 12 1 1 1 10 12 1 10 12 1 1 10 100 1 100 1 1 1 1 1 1 5 0 1 1 1 1 1 3 1 3 1 3 1 1 1 1 1 1 1 1 1 1 1 1 1 1 1 1 1 1 1 1 1 1 1 1 1 100 1 1 1 1 1 1 1 1 1 1 1 1 1 1 1 1 1 1 1 1 1 1 1 1 1 1 1 1 1 100 1 1 1 1 1 1 1 1 1 1 1 1 1 1 100 1 1 1 1 1 1 1 1 1 1 1 1 1 1 1 1 1 1 1 1 1 1 1 1 1 1 1 1 1 1 1 1 1 1 1 1 1 1 1 1 1 1 1 1 100 1 1 1 100 1 1 1 1 1 100 1 1 1 1 1 1 1 1 1 1 1 1 1 1 1 1 1 1
ciInstanceKlass java/util/Map 1 1 263 11 7 12 1 1 1 11 12 1 1 10 7 12 1 1 11 12 1 1 11 100 12 1 1 1 11 100 12 1 1 1 11 12 1 1 7 1 11 12 1 11 12 1 100 1 100 1 10 12 1 1 11 100 12 1 1 1 11 100 12 1 1 1 11 12 1 11 12 1 10 12 1 1 11 12 1 11 7 12 1 9 7 12 1 1 1 100 1 10 12 7 1 7 1 10 12 1 7 1 10 7 1 11 12 1 11 12 1 1 11 12 1 1 100 1 11 12 1 1 1 1 1 1 1 1 1 1 1 1 1 1 1 1 1 1 1 1 1 1 1 1 1 1 1 1 1 1 1 1 1 1 1 1 1 1 1 1 1 1 1 1 1 1 1 1 1 1 1 1 1 1 1 1 1 1 1 1 1 1 1 1 1 1 1 1 1 1 1 1 1 1 1 1 1 1 1 1 1 1 1 1 1 1 1 1 1 1 1 1 1 1 1 1 1 1 1 1 1 1 1 1 1 1 1 1 1 1 1 1 1 1 1 1 1 1 1 1 1 1 1 1 1 1 100 1 1 1 1 1 1 1 1 1 1 1 1 1 1 1 1 1 1
ciInstanceKlass java/lang/String 1 1 1471 10 7 12 1 1 1 8 1 9 7 12 1 1 1 9 12 1 1 9 12 1 1 9 12 1 1 10 12 1 10 12 1 1 10 12 1 1 9 12 1 10 7 12 1 1 1 10 12 1 1 10 12 1 10 7 12 1 1 1 10 12 1 1 10 12 1 1 10 12 1 10 12 1 1 10 12 1 10 7 12 1 1 1 7 1 9 7 12 1 1 1 10 7 12 1 1 1 10 12 1 1 10 12 1 1 10 7 12 1 1 1 10 12 1 1 9 7 12 1 1 10 12 9 7 12 1 1 10 12 1 1 3 10 12 1 1 7 1 11 12 1 1 11 12 1 11 12 1 1 10 100 12 1 1 1 10 12 1 1 9 100 12 1 1 1 10 12 1 1 10 12 1 11 12 1 1 10 12 1 10 12 10 12 1 1 100 1 100 1 10 12 1 10 12 1 10 7 12 1 1 1 10 12 1 1 100 1 10 12 1 1 100 1 10 12 1 1 10 12 1 1 10 12 1 10 10 12 1 100 1 100 1 100 1 10 12 1 10 12 1 1 10 12 1 1 10 12 1 10 12 1 1 10 12 1 1 10 100 12 1 1 100 1 11 10 7 12 1 1 11 12 1 11 12 1 10 12 1 10 12 1 10 12 10 12 1 1 10 10 100 12 1 1 1 10 100 12 1 1 10 12 1 1 10 100 12 1 1 10 12 1 10 12 1 1 10 12 1 1 10 12 1 10 12 1 10 12 1 1 100 1 10 12 1 1 10 12 10 12 1 10 12 1 1 10 12 1 1 10 100 12 1 1 1 10 12 1 10 12 1 1 10 12 1 10 12 1 3 3 10 12 1 1 10 12 1 10 12 1 1 10 12 1 1 10 12 1 1 10 12 1 10 12 1 1 10 12 1 1 10 12 1 10 12 1 10 12 1 10 12 1 1 10 12 1 10 12 1 10 12 1 10 12 1 10 12 1 10 12 1 10 100 1 10 8 1 10 12 1 1 10 12 1 8 1 10 12 1 1 10 12 10 12 1 8 1 10 10 12 1 1 10 12 1 1 7 1 5 0 100 1 8 1 10 10 12 1 1 5 0 5 0 5 0 10 12 1 1 10 100 1 10 10 12 1 10 12 1 10 12 1 10 10 12 1 10 12 1 10 12 1 10 12 1 10 12 1 10 12 1 10 12 1 1 10 12 1 1 10 12 1 1 10 10 12 1 1 10 10 12 1 100 1 10 9 100 12 1 1 1 11 100 12 1 1 1 10 12 1 1 10 12 1 1 10 7 1 10 12 1 10 12 1 10 7 12 1 1 1 10 12 1 10 12 1 1 10 12 1 11 7 1 11 12 10 12 1 10 12 1 1 10 12 1 1 10 10 12 1 10 12 1 9 12 1 1 11 7 12 1 1 1 10 12 10 10 12 1 10 12 1 1 10 10 12 1 10 12 1 10 12 1 1 10 12 1 1 10 10 12 1 1 10 10 7 12 1 1 1 10 12 1 10 12 1 10 12 10 10 12 10 10 12 1 10 12 1 10 10 12 10 12 1 1 10 12 10 10 12 10 12 1 10 12 10 12 10 10 12 1 10 12 1 1 10 12 1 1 10 10 12 1 10 7 12 1 1 1 10 12 1 1 10 10 7 12 1 1 1 11 10 12 1 10 12 1 1 10 12 1 1 10 7 12 1 1 1 10 12 1 10 12 1 10 12 1 10 12 1 10 12 1 10 12 1 100 1 10 10 12 1 10 12 1 1 8 1 10 12 1 3 3 10 12 1 10 12 1 1 10 12 7 1 10 10 12 1 1 10 12 10 12 1 10 12 1 10 12 1 1 10 12 1 1 11 7 12 1 1 1 7 1 10 12 1 10 12 1 1 8 1 10 12 1 1 10 12 1 11 100 12 1 1 1 11 100 12 1 1 11 12 1 10 12 1 10 12 1 1 10 10 7 12 1 1 1 10 12 1 10 12 1 10 10 12 10 12 1 1 10 10 12 1 10 10 12 1 10 10 12 1 10 10 12 1 10 12 1 1 10 10 12 1 8 1 10 12 1 1 18 12 1 1 11 100 12 1 1 1 3 18 12 1 18 12 1 8 1 10 100 12 1 1 1 11 12 1 1 10 12 10 10 12 1 10 11 12 1 1 10 12 1 1 11 12 1 18 3 11 10 11 11 10 12 1 10 12 1 1 8 1 10 12 1 10 12 1 10 12 1 1 10 10 12 1 11 100 12 1 100 1 100 1 10 12 100 1 10 10 100 12 1 1 1 100 1 10 7 1 10 10 12 1 10 10 12 1 8 1 10 10 12 1 8 1 8 1 10 12 1 10 12 1 10 10 12 10 7 12 1 1 10 100 12 1 1 10 100 12 1 1 8 1 10 12 1 10 12 1 10 9 12 1 10 12 9 7 12 1 1 1 10 12 1 10 12 1 10 12 1 10 12 10 12 1 10 12 1 8 1 10 100 12 1 1 1 10 12 10 12 1 1 10 12 10 12 10 12 7 1 9 12 1 1 7 1 10 100 1 100 1 100 1 100 1 1 1 1 1 1 5 0 1 1 1 1 1 3 1 3 1 1 1 1 1 1 1 1 1 1 1 1 1 1 1 100 1 1 1 1 1 1 1 1 1 1 1 1 1 1 1 1 1 1 1 1 1 1 1 1 1 1 1 1 1 1 1 100 1 1 1 1 1 1 1 1 1 1 1 1 100 1 1 1 1 1 1 1 1 1 1 1 1 1 1 1 1 1 1 1 1 1 1 1 1 1 1 1 1 1 1 1 1 1 1 1 1 1 1 1 1 1 1 1 1 1 1 1 1 1 1 1 1 1 1 1 1 1 1 1 1 1 1 1 1 1 1 1 1 1 1 1 1 1 1 1 1 1 1 1 1 1 1 1 1 1 1 1 1 1 1 1 1 1 1 1 1 1 1 1 1 1 1 1 1 1 1 1 1 1 1 1 1 1 1 1 1 1 1 1 1 1 1 1 1 1 1 1 1 1 1 1 1 1 1 1 1 1 1 1 1 1 1 1 1 1 1 1 1 1 1 1 1 1 1 1 1 1 1 1 1 1 1 1 1 1 1 1 1 1 1 1 1 1 1 1 1 1 1 1 100 1 1 1 1 1 1 1 1 1 1 1 1 1 1 1 1 1 1 1 1 1 1 1 100 1 1 1 1 1 1 1 1 1 1 1 1 1 1 1 100 1 1 1 1 1 1 1 1 1 1 1 1 1 1 1 16 15 10 12 16 15 10 12 15 10 12 15 10 12 15 10 100 12 1 1 1 1 100 1 1 1 1 1 100 1 100 1 1 1
staticfield java/lang/String COMPACT_STRINGS Z 1
staticfield java/lang/String serialPersistentFields [Ljava/io/ObjectStreamField; 0 [Ljava/io/ObjectStreamField;
staticfield java/lang/String CASE_INSENSITIVE_ORDER Ljava/util/Comparator; java/lang/String$CaseInsensitiveComparator
ciInstanceKlass java/lang/Comparable 1 0 12 100 1 100 1 1 1 1 1 1 1 1
ciInstanceKlass java/lang/CharSequence 1 1 145 11 7 12 1 1 1 18 12 1 1 100 1 10 100 12 1 1 1 18 10 100 12 1 1 1 11 12 1 1 11 100 1 11 12 1 1 10 100 12 1 1 1 11 12 1 1 10 12 1 1 10 12 1 100 1 10 12 1 1 10 100 12 1 1 1 100 1 10 10 12 1 1 100 1 1 1 1 1 1 1 1 1 1 1 1 1 1 1 1 1 1 1 1 1 1 1 1 1 1 1 1 1 1 1 1 1 1 1 1 1 1 1 1 16 1 15 11 12 16 15 11 12 15 10 100 12 1 1 1 1 1 100 1 100 1 1 100 1 1 100 1 100 1 1
ciInstanceKlass java/lang/constant/Constable 1 0 11 100 1 100 1 1 1 1 1 1 1
ciInstanceKlass java/lang/constant/ConstantDesc 1 0 37 100 1 100 1 1 1 1 100 1 1 1 1 100 1 100 1 100 1 100 1 100 1 100 1 100 1 100 1 100 1 1 100 1 100 1 1
ciInstanceKlass java/lang/AutoCloseable 1 0 12 100 1 100 1 1 1 1 100 1 1 1
ciInstanceKlass java/io/Closeable 1 0 14 100 1 100 1 100 1 1 1 1 100 1 1 1
ciInstanceKlass java/lang/Appendable 1 0 14 100 1 100 1 1 1 1 100 1 1 1 1 1
ciInstanceKlass java/util/Set 1 1 144 100 1 10 100 12 1 1 1 9 7 12 1 1 1 7 1 10 12 1 1 10 12 1 7 1 7 1 10 12 1 7 1 7 1 11 7 12 1 1 1 11 12 1 1 7 1 10 12 1 10 12 1 1 11 12 1 1 1 1 1 1 1 1 1 1 1 1 1 1 1 1 1 1 1 1 1 1 1 1 1 1 1 1 1 1 1 1 1 1 1 1 1 1 1 1 1 1 1 1 1 1 1 1 1 1 1 1 1 1 1 1 1 1 1 1 1 1 1 1 1 1 1 1 1 1 1 1 1 1 1 1 1 1 1 1 1 1 1 1 1 1 1 1
ciInstanceKlass java/util/Iterator 1 1 53 100 1 8 1 10 12 1 1 10 100 12 1 1 1 11 100 12 1 1 1 11 12 1 1 11 100 12 1 1 1 100 1 1 1 1 1 1 1 1 1 1 1 1 1 1 1 1 1 1 1 1 1
instanceKlass io/grpc/protobuf/lite/ProtoInputStream
instanceKlass com/google/common/io/BaseEncoding$StandardBaseEncoding$2
instanceKlass sun/nio/ch/ChannelInputStream
instanceKlass com/google/common/io/ByteBuffers$2
instanceKlass com/google/protobuf/IterableByteBufferInputStream
instanceKlass java/util/zip/ZipFile$ZipFileInputStream
instanceKlass java/io/FilterInputStream
instanceKlass java/io/FileInputStream
instanceKlass java/io/ByteArrayInputStream
ciInstanceKlass java/io/InputStream 1 1 197 100 1 10 7 12 1 1 1 100 1 10 10 7 12 1 1 1 10 7 12 1 1 1 10 12 1 100 1 100 1 3 10 12 1 1 100 1 8 1 10 12 1 10 100 12 1 1 1 3 100 1 8 1 10 10 100 12 1 1 1 100 1 10 11 100 12 1 1 1 10 12 1 1 11 12 1 1 11 100 12 1 1 1 11 12 1 1 100 1 10 100 12 1 1 1 5 0 10 12 1 10 12 1 1 100 1 10 8 1 10 8 1 8 1 10 12 1 1 10 100 12 1 1 1 100 1 5 0 10 12 1 100 1 100 1 1 1 1 3 1 3 1 1 1 1 1 1 1 1 1 1 1 1 1 1 1 1 1 1 1 1 1 1 1 1 1 1 1 1 1 1 1 1 1 1 1 1 1 1 1 1 1 1 1 1 1 1 1 1 1 1 1 1 1 1 1
instanceKlass java/security/SecureClassLoader
ciInstanceKlass java/lang/ClassLoader 1 1 1076 9 7 12 1 1 1 10 7 12 1 1 1 9 12 1 1 10 7 12 1 1 1 7 1 10 12 1 1 10 12 1 1 9 12 1 1 10 12 1 1 100 1 10 12 1 10 12 1 1 10 7 12 1 1 1 100 1 8 1 10 12 1 10 7 1 10 7 1 7 1 7 1 10 12 1 10 12 1 9 12 1 1 10 10 7 12 1 1 1 9 12 1 1 9 12 1 9 12 1 1 9 12 1 9 12 1 1 9 12 1 1 7 1 10 12 1 9 12 1 1 10 12 1 1 10 7 12 1 1 1 9 12 1 9 12 1 1 9 12 1 10 12 1 1 9 12 10 12 1 1 7 1 10 8 1 10 12 1 1 10 12 1 10 7 1 7 1 10 7 12 1 1 1 10 7 12 1 1 1 8 1 10 12 1 10 12 1 10 12 1 1 10 12 1 1 10 12 1 1 10 12 1 1 10 12 1 1 10 12 1 100 1 10 12 1 10 100 12 1 1 1 10 12 1 1 10 12 1 10 12 1 10 12 1 10 12 1 10 12 1 1 10 10 12 1 10 12 1 10 10 12 1 1 10 12 1 1 100 1 8 1 10 8 1 10 12 1 10 12 1 100 1 8 1 10 12 1 1 10 12 1 1 10 10 12 1 1 10 12 1 1 10 12 1 1 10 7 1 10 12 1 10 12 1 1 10 12 1 1 10 12 1 1 10 12 1 1 10 12 1 1 10 12 1 1 10 12 1 1 10 7 12 1 1 1 10 12 1 10 12 1 10 12 1 1 10 12 1 10 12 1 10 12 1 10 12 1 1 10 12 1 10 12 1 1 8 1 9 12 1 10 12 1 1 8 1 8 1 10 7 12 1 1 100 1 10 10 12 10 12 1 10 12 1 10 12 1 10 12 1 1 10 7 12 1 1 10 12 1 10 7 1 7 1 10 12 1 1 10 12 1 10 7 1 10 12 1 100 1 18 12 1 10 100 12 1 1 1 10 100 12 1 1 1 10 7 12 1 1 10 12 1 10 12 1 100 1 10 12 1 8 1 10 10 12 1 1 10 12 1 10 12 1 1 100 1 10 12 1 1 10 100 12 1 1 10 12 1 10 7 12 1 1 10 12 1 8 1 100 1 10 10 12 1 9 12 1 10 7 12 1 1 10 12 1 100 1 8 1 10 12 1 10 8 1 8 1 10 12 1 1 10 12 1 1 10 12 1 1 10 100 12 1 1 100 1 100 1 10 12 1 1 100 1 100 1 10 100 12 1 1 10 12 1 10 12 1 10 12 1 10 12 1 10 12 1 1 10 12 1 8 1 7 1 18 12 1 1 10 12 1 1 10 12 1 10 12 1 10 12 1 8 1 10 12 1 10 12 1 18 12 1 11 100 12 1 1 1 100 1 10 12 1 1 10 12 1 10 11 12 1 1 10 18 10 12 1 1 11 100 12 1 18 12 1 11 12 1 1 10 12 1 10 12 1 1 10 12 1 1 100 1 8 1 10 10 12 1 8 1 8 1 10 100 12 1 1 10 12 1 100 1 10 10 12 1 8 1 8 1 8 1 10 12 1 10 12 1 10 12 1 1 10 12 1 1 10 12 1 10 100 12 1 1 1 11 100 12 1 1 100 1 10 11 10 12 1 10 12 1 10 12 1 1 9 100 12 1 1 9 12 1 1 9 12 9 12 1 9 12 1 9 12 1 8 10 12 1 1 10 7 12 1 1 1 10 12 1 1 10 12 1 1 10 12 1 1 8 1 10 12 1 1 8 10 12 1 1 8 8 10 12 1 10 12 1 10 12 1 11 12 1 1 10 100 12 1 1 1 100 1 10 12 1 10 12 1 10 12 1 1 1 1 1 1 1 1 1 1 1 1 1 1 1 1 1 1 1 1 1 1 1 1 1 1 100 1 1 1 1 1 1 1 1 1 1 1 1 1 1 1 1 1 1 1 1 1 1 1 1 1 100 1 1 1 1 1 1 1 1 1 1 1 1 1 1 1 1 1 1 1 1 1 1 1 1 1 1 1 1 1 1 1 1 1 1 1 1 1 1 1 1 1 1 1 100 1 1 1 1 1 1 1 1 1 1 1 1 1 1 1 1 1 1 1 1 1 100 1 1 1 1 1 1 1 1 1 1 1 1 1 1 1 1 1 1 1 1 1 1 1 1 1 1 1 1 1 1 1 1 1 1 1 1 1 1 1 1 1 1 1 1 100 1 1 1 1 1 1 1 1 1 1 1 1 1 1 1 1 1 1 1 1 1 1 1 1 1 1 1 1 1 1 1 1 1 1 1 1 1 1 1 1 1 1 1 1 1 1 1 1 1 1 1 16 1 15 10 12 16 1 16 15 10 12 16 1 16 1 15 10 12 16 15 10 12 16 15 10 12 16 15 10 100 12 1 1 1 1 1 100 1 100 1 1
staticfield java/lang/ClassLoader nocerts [Ljava/security/cert/Certificate; 0 [Ljava/security/cert/Certificate;
staticfield java/lang/ClassLoader $assertionsDisabled Z 1
instanceKlass com/google/common/flogger/backend/google/ShutdownChecker$1
instanceKlass java/util/TimerThread
instanceKlass io/gapi/emulators/grpc/GrpcServer$2
instanceKlass io/netty/util/concurrent/FastThreadLocalThread
instanceKlass java/util/logging/LogManager$Cleaner
instanceKlass jdk/internal/misc/InnocuousThread
instanceKlass java/lang/ref/Finalizer$FinalizerThread
instanceKlass java/lang/ref/Reference$ReferenceHandler
instanceKlass java/lang/BaseVirtualThread
ciInstanceKlass java/lang/Thread 1 1 761 9 7 12 1 1 1 9 7 12 1 1 1 9 12 1 9 12 1 10 12 1 1 9 12 1 1 10 100 12 1 1 10 12 1 10 100 12 1 1 100 1 8 1 10 12 1 1 9 12 1 1 9 12 1 9 12 1 1 100 1 10 12 1 1 10 12 1 100 1 10 12 10 12 1 1 9 12 1 1 10 12 1 100 1 10 12 1 10 12 1 1 10 12 1 1 10 12 1 10 12 1 1 100 1 8 1 10 9 100 12 1 1 1 10 12 1 1 10 3 8 1 100 1 5 0 10 7 12 1 1 1 9 12 1 10 12 1 1 10 7 1 100 1 8 1 10 10 12 1 10 12 1 1 10 12 1 1 10 7 12 1 1 10 12 1 10 12 1 10 7 12 1 1 5 0 9 12 1 10 7 12 1 1 1 10 12 1 1 9 12 1 1 10 100 12 1 1 10 100 12 1 1 1 10 12 1 10 12 1 1 9 12 1 1 10 7 12 1 1 9 12 1 8 1 9 100 12 1 1 1 5 0 100 1 10 100 1 10 100 1 10 7 1 10 8 1 10 12 1 1 10 7 12 1 10 12 1 10 12 1 100 1 8 1 10 10 12 1 10 12 1 1 10 100 12 1 1 1 10 100 12 1 1 1 10 12 1 7 1 9 12 1 1 100 1 10 10 12 1 9 12 1 1 10 12 1 1 10 12 1 1 10 12 1 10 12 1 9 12 1 1 10 10 12 1 1 10 12 1 1 11 7 12 1 1 10 100 12 1 1 9 12 1 1 9 12 1 1 10 100 12 1 1 10 12 1 1 10 12 1 10 100 12 1 1 10 12 1 100 1 10 9 12 1 1 10 12 1 11 100 12 1 1 11 12 1 10 12 1 10 12 1 10 12 1 9 12 1 10 10 12 1 10 12 1 1 9 12 1 9 12 10 12 1 8 1 10 12 1 10 12 1 10 12 1 10 12 1 10 12 1 1 10 12 1 10 12 1 1 10 100 12 1 1 10 12 1 10 12 1 10 12 1 10 12 1 1 9 7 12 1 1 1 8 1 10 9 12 1 10 12 1 7 1 8 1 10 10 12 1 8 1 10 12 1 1 9 12 8 1 10 10 12 1 10 12 1 8 1 10 12 1 10 8 1 9 12 1 1 10 12 1 1 10 10 12 1 10 12 1 100 10 7 12 1 1 1 10 12 1 1 10 12 1 1 10 100 12 1 1 1 11 100 12 1 1 1 10 12 1 1 9 12 1 10 12 1 10 12 1 1 11 100 12 1 1 1 10 12 1 1 1 1 3 1 3 1 3 1 3 1 1 1 1 1 1 1 1 1 1 1 1 1 1 1 1 1 1 1 1 1 1 1 1 1 1 1 100 1 1 1 1 1 1 1 1 1 1 1 1 1 1 1 1 1 1 7 1 1 1 1 1 1 1 1 1 1 1 1 1 1 1 100 1 1 1 1 1 1 1 1 1 1 1 1 1 1 1 1 1 1 1 1 1 1 1 1 1 1 1 1 1 1 1 1 1 1 1 1 1 1 1 1 1 1 1 1 1 1 1 1 1 1 1 1 1 1 1 1 1 1 1 1 1 1 1 1 1 1 1 1 1 1 100 100 1 1 1 1 1 1 1 1 1 1 1 1 1 1 1 1 1 1 1 1 1 1 1 100 1 100 1 100 1 1 1 1 100 1 1 1 1 1 1 1 1 1 1 1 1
staticfield java/lang/Thread NEW_THREAD_BINDINGS Ljava/lang/Object; java/lang/Class
staticfield java/lang/Thread EMPTY_STACK_TRACE [Ljava/lang/StackTraceElement; 0 [Ljava/lang/StackTraceElement;
ciInstanceKlass java/lang/Runnable 1 0 11 100 1 100 1 1 1 1 1 1 1
ciInstanceKlass java/lang/Class 1 1 1652 10 7 12 1 1 1 10 7 12 1 1 9 12 1 1 9 12 1 1 9 12 1 1 9 12 1 1 9 12 1 1 10 12 1 1 8 1 10 12 1 8 1 8 1 10 12 1 1 10 7 12 1 1 1 10 12 1 100 1 10 10 12 1 10 12 1 1 10 12 1 1 10 12 1 1 10 7 12 1 1 10 12 1 10 12 1 10 12 1 1 10 12 1 8 1 10 12 1 8 1 10 12 1 8 1 8 1 10 12 1 1 10 100 12 1 1 1 18 12 1 1 11 100 12 1 1 1 8 1 8 1 8 1 10 100 12 1 1 1 11 12 1 1 8 1 10 12 1 10 10 12 1 1 10 12 1 8 1 10 12 1 1 8 1 10 12 1 10 12 1 1 11 100 12 1 1 1 11 100 12 1 1 1 11 8 1 18 8 1 10 12 1 10 7 12 1 1 10 12 1 1 10 7 12 1 1 1 10 12 1 1 10 12 1 1 10 7 12 1 1 1 10 7 12 1 10 12 1 1 10 7 1 10 12 1 8 1 10 8 1 8 1 8 1 8 1 8 1 8 1 8 1 8 1 9 100 12 1 1 9 100 1 9 100 1 9 100 1 9 100 1 9 100 1 9 100 1 9 100 1 9 100 1 9 12 1 1 100 1 8 1 10 12 1 10 12 1 1 100 1 10 12 1 1 10 7 12 1 1 1 10 7 12 1 1 1 100 1 100 1 10 10 12 1 1 10 12 1 1 100 1 10 100 12 1 1 1 10 12 1 1 10 12 1 1 10 12 9 12 1 1 10 12 1 9 12 1 1 9 12 1 1 10 12 1 1 10 7 1 10 12 1 10 12 1 1 10 9 12 1 10 12 1 8 1 10 12 1 1 10 12 1 1 10 12 1 10 12 1 10 12 1 1 9 7 12 1 1 1 10 12 1 10 7 12 1 1 10 12 1 10 12 1 10 12 1 10 12 1 9 100 12 1 1 1 9 12 1 10 12 1 10 12 1 1 9 12 1 1 10 7 10 12 1 1 10 100 12 1 1 10 12 1 10 12 1 1 10 100 12 1 1 1 10 12 1 10 12 1 1 10 12 1 10 12 1 10 12 1 1 10 7 1 10 10 12 1 1 10 12 1 1 10 12 10 10 12 1 1 100 1 8 1 10 10 12 1 1 10 12 1 100 1 11 12 1 10 12 1 10 12 1 10 100 12 1 1 10 10 12 1 1 8 1 10 12 1 8 1 9 12 1 10 12 1 10 12 1 10 12 1 10 12 100 1 9 12 1 10 12 1 9 12 1 10 12 1 10 12 1 10 12 1 10 10 12 1 10 12 1 10 12 1 10 12 1 10 12 1 10 12 1 7 1 10 10 12 1 10 12 1 11 100 12 1 1 11 12 1 1 10 12 1 1 10 12 1 1 10 12 1 1 10 12 1 1 10 12 1 1 10 12 1 1 100 1 10 10 12 1 1 10 12 1 1 10 12 1 1 10 10 12 1 10 12 1 1 10 12 1 1 10 12 1 1 10 12 1 1 10 12 10 12 1 1 10 7 12 1 1 1 10 12 1 10 12 1 1 10 12 1 10 100 12 1 1 1 10 12 1 1 10 10 12 1 1 100 1 10 10 12 1 1 10 100 12 1 1 1 100 1 100 1 10 12 1 1 10 12 1 10 10 12 1 1 10 12 1 10 12 1 10 12 1 10 100 12 1 1 1 11 7 12 1 1 10 12 1 10 12 1 9 100 12 1 1 8 1 10 12 1 10 12 1 10 12 1 10 12 1 1 9 12 1 9 12 1 1 10 7 12 1 1 9 12 1 10 12 1 1 10 10 12 1 10 7 12 1 1 1 10 7 12 1 1 10 7 12 1 1 9 12 1 1 10 12 1 9 12 1 10 12 1 10 12 1 1 9 12 1 1 9 12 1 10 12 1 10 12 1 1 9 12 1 100 1 10 10 12 1 1 7 1 10 100 11 100 1 9 12 1 1 9 12 1 10 12 1 9 12 1 1 9 12 1 10 12 1 10 12 1 1 9 12 1 7 1 10 10 12 1 1 10 10 12 1 10 12 10 10 12 1 9 12 1 10 12 1 1 10 12 1 8 10 7 8 1 18 8 1 8 1 10 12 1 9 12 1 9 12 1 1 10 12 1 7 1 7 1 10 12 1 9 12 1 1 10 10 12 1 9 12 1 8 1 10 12 1 10 10 12 1 1 100 1 100 1 9 12 1 100 1 8 1 10 10 7 12 1 1 1 10 12 11 7 12 1 1 1 10 12 1 10 12 1 1 10 8 1 10 12 1 8 1 10 12 1 1 9 7 12 1 1 11 12 7 1 11 7 12 1 1 9 12 1 10 100 12 1 1 1 10 7 12 1 1 10 12 1 1 9 12 1 9 10 12 1 1 10 12 1 1 10 12 1 1 10 12 1 1 10 12 1 1 11 12 1 11 12 1 1 11 7 12 1 1 11 12 1 7 1 11 12 1 10 7 12 1 1 1 10 12 1 11 12 1 10 7 12 1 1 1 10 12 1 10 7 12 1 1 1 11 12 1 11 12 1 1 10 12 1 10 12 1 1 9 12 1 1 10 12 1 10 100 12 1 1 1 10 12 1 1 10 12 1 10 12 1 10 12 1 10 7 12 1 1 1 10 12 1 8 1 10 12 1 10 12 1 10 12 1 8 1 8 1 10 7 12 1 1 10 100 12 1 1 100 1 10 12 10 100 12 1 1 1 10 100 12 1 1 1 10 12 1 1 10 12 1 18 12 1 1 11 12 1 1 18 11 12 1 18 12 1 11 12 1 10 12 1 10 12 1 10 12 1 10 12 10 12 1 8 1 10 12 1 7 1 9 12 1 1 100 1 100 1 100 1 100 1 1 1 3 1 3 1 3 1 1 1 1 1 1 1 1 1 5 0 1 1 1 1 1 1 1 1 1 1 1 1 1 1 1 1 1 1 1 1 1 1 1 1 1 1 1 100 1 1 1 1 1 1 1 1 1 1 1 100 1 1 1 1 1 100 1 1 1 1 1 1 1 1 1 1 1 1 1 1 1 1 1 1 1 1 1 1 1 1 1 1 1 1 1 1 1 1 1 1 100 1 1 1 1 1 1 1 1 1 1 1 1 1 1 1 1 1 1 1 1 1 1 1 1 1 1 1 1 1 1 1 100 1 1 1 1 1 1 1 1 1 1 1 1 1 1 1 1 1 1 1 1 1 1 1 1 1 1 1 1 1 1 1 1 1 1 1 1 1 1 1 1 1 1 1 1 1 1 1 1 1 1 1 1 1 1 1 1 1 1 1 1 1 100 1 100 1 1 1 1 1 1 1 1 1 1 1 1 1 1 1 1 1 1 1 1 1 1 1 1 1 1 1 1 1 1 1 1 1 1 1 1 1 1 1 1 1 1 1 1 1 1 1 1 1 1 1 1 1 1 1 1 1 1 1 1 1 1 1 1 1 1 1 1 1 1 1 1 1 1 1 1 1 1 1 1 1 1 1 1 1 1 1 1 1 1 1 1 1 1 1 1 1 1 1 1 1 1 1 1 1 1 1 1 1 1 1 1 1 1 1 1 1 1 1 1 16 15 10 12 16 15 11 12 16 1 15 10 12 16 16 15 10 12 16 15 16 1 15 10 12 16 15 10 100 12 1 1 1 1 1 100 1 1 1 1 1 1 1 1 100 1 1 100 1 100 1 1 100 1 100 1 1
staticfield java/lang/Class EMPTY_CLASS_ARRAY [Ljava/lang/Class; 0 [Ljava/lang/Class;
staticfield java/lang/Class serialPersistentFields [Ljava/io/ObjectStreamField; 0 [Ljava/io/ObjectStreamField;
ciInstanceKlass java/lang/reflect/AnnotatedElement 1 1 165 11 7 12 1 1 1 11 12 1 1 100 1 10 100 12 1 1 1 10 12 1 1 10 12 1 1 10 12 1 10 100 12 1 1 1 11 12 1 1 11 100 12 1 1 10 100 12 1 1 1 10 12 1 10 100 12 1 1 1 18 12 1 1 11 100 12 1 1 18 12 1 18 12 1 1 10 100 12 1 1 1 11 100 12 1 1 1 100 1 10 100 12 1 1 1 1 1 1 1 1 1 1 1 1 1 1 1 1 1 1 1 1 1 1 1 1 1 1 100 1 1 1 1 1 1 1 1 1 1 1 16 15 16 1 16 1 15 11 12 16 16 1 15 10 100 12 1 1 1 16 1 15 10 100 12 1 1 1 1 100 1 100 1 1
ciInstanceKlass java/lang/reflect/Type 1 1 17 11 100 12 1 1 1 100 1 1 1 1 1 1 1 1 1
ciInstanceKlass java/lang/invoke/TypeDescriptor 1 0 17 100 1 100 1 1 1 1 1 1 100 1 100 1 1 1 1
ciInstanceKlass java/lang/invoke/TypeDescriptor$OfField 1 0 21 100 1 100 1 100 1 1 1 1 1 1 1 1 1 1 1 1 1 1 1
ciInstanceKlass java/lang/reflect/GenericDeclaration 1 0 30 100 1 100 1 100 1 1 1 1 1 1 1 1 100 1 8 1 1 12 10 1 1 1 8 1 1 1 8 1
ciInstanceKlass java/lang/Module 1 1 1076 10 7 12 1 1 1 9 7 12 1 1 1 10 7 12 1 1 1 9 12 1 9 12 1 1 9 12 1 1 10 12 1 1 10 12 1 10 12 1 1 10 7 12 1 1 1 100 1 10 7 12 1 1 1 10 12 1 1 11 7 12 1 1 1 10 12 1 1 10 12 1 8 1 10 7 12 1 1 1 10 7 12 1 1 1 10 7 12 1 1 1 10 12 1 1 10 12 1 9 12 1 1 10 7 12 1 1 1 9 7 12 1 1 1 7 1 10 8 1 10 12 1 1 10 12 1 10 12 8 1 10 7 12 1 1 1 10 100 12 1 1 1 10 100 12 1 1 1 8 1 10 12 1 8 1 9 12 1 100 1 8 1 10 12 1 10 8 1 8 1 8 1 10 7 12 1 1 1 8 1 10 100 12 1 1 1 8 1 10 12 1 9 12 1 1 11 12 1 9 7 12 1 1 10 7 12 1 1 1 10 7 12 1 1 1 10 12 1 1 8 1 10 12 1 1 10 12 1 10 12 1 1 9 7 12 1 1 1 10 12 1 1 10 12 1 1 9 12 1 10 12 1 10 12 1 9 12 1 1 11 7 12 1 1 10 12 1 1 9 12 1 9 12 1 10 12 1 10 12 1 100 1 8 1 10 10 12 1 1 10 12 1 8 1 10 12 1 1 8 1 8 1 10 12 1 1 10 12 1 10 12 1 1 10 12 1 18 12 1 1 10 12 1 1 11 12 1 9 12 1 11 12 100 1 10 12 1 18 12 1 11 12 1 1 11 12 1 1 11 12 1 10 12 1 1 10 12 1 1 9 12 1 10 12 10 7 12 1 1 10 7 1 18 12 1 1 11 100 12 1 1 1 18 12 1 11 12 1 1 10 100 12 1 1 1 11 12 1 1 10 100 12 1 1 11 12 1 1 10 12 1 1 100 1 11 12 1 100 1 100 1 10 12 1 10 7 12 1 1 1 10 100 12 1 1 1 10 11 100 12 1 8 1 10 12 1 10 12 1 1 10 100 12 1 1 10 12 1 10 12 1 100 1 10 12 1 10 11 12 1 10 12 11 12 1 1 11 7 12 1 1 11 12 1 1 10 12 1 1 9 12 1 1 100 1 10 10 12 1 1 11 100 1 10 12 1 1 11 12 1 10 11 10 12 1 11 10 12 1 1 10 12 1 1 10 12 1 1 10 100 12 1 1 10 12 1 10 12 1 1 10 10 12 1 1 10 12 1 18 12 1 11 12 1 18 12 1 10 12 1 10 12 1 10 12 100 1 10 12 1 10 12 1 10 12 1 9 12 1 100 1 10 10 10 10 12 1 10 12 1 10 12 1 10 12 1 1 10 12 1 1 10 12 1 9 12 1 10 12 1 100 1 8 1 10 12 1 1 10 12 1 10 100 12 1 1 100 1 10 12 1 1 100 1 8 1 100 1 9 100 12 1 1 1 11 100 12 1 1 10 12 1 1 11 12 1 1 18 12 1 1 11 12 1 1 100 1 10 12 1 10 12 1 1 100 1 100 1 10 12 8 1 10 12 1 1 10 12 1 1 10 7 12 1 1 10 12 1 1 10 12 1 10 12 10 12 1 1 100 1 10 10 12 1 1 10 100 12 1 1 1 100 1 10 7 12 1 1 1 10 7 12 1 1 8 1 18 12 1 1 100 1 100 1 9 12 1 1 9 12 1 9 12 1 11 100 12 1 1 1 100 1 11 12 1 1 100 1 10 12 1 8 1 10 12 1 10 12 10 12 1 8 1 10 10 100 12 1 1 10 12 1 1 7 1 10 10 12 1 10 7 12 1 1 9 12 1 9 12 1 9 12 1 9 12 1 9 12 1 10 12 10 12 1 100 1 1 1 1 1 1 1 1 1 1 1 1 1 1 1 1 1 1 1 1 1 1 1 1 1 1 1 1 1 1 1 1 1 1 1 1 1 1 1 1 1 1 1 1 1 1 1 1 1 1 1 1 1 1 1 1 1 1 1 1 1 1 1 1 1 1 1 1 1 1 1 1 1 1 1 1 1 1 1 1 1 1 1 1 1 1 1 1 1 1 1 1 1 1 1 1 1 1 1 1 1 1 1 1 1 1 1 1 100 100 1 1 1 1 1 1 1 1 1 1 1 1 1 1 1 1 1 1 1 1 1 1 1 1 1 1 100 1 100 1 1 1 1 1 1 1 1 1 1 1 1 1 1 1 1 1 1 100 1 1 1 1 1 1 1 1 1 1 1 1 1 1 1 1 1 1 1 1 1 1 1 1 1 1 1 16 15 10 12 16 15 10 12 16 1 16 15 10 12 16 16 15 10 16 1 15 10 12 16 1 15 10 12 16 1 16 1 15 10 12 16 15 10 7 12 1 1 1 15 10 100 12 1 1 1 1 1 1 1 1 1 1 1 1 1 100 1 100 1 1
staticfield java/lang/Module ALL_UNNAMED_MODULE Ljava/lang/Module; java/lang/Module
staticfield java/lang/Module ALL_UNNAMED_MODULE_SET Ljava/util/Set; java/util/ImmutableCollections$Set12
staticfield java/lang/Module EVERYONE_MODULE Ljava/lang/Module; java/lang/Module
staticfield java/lang/Module EVERYONE_SET Ljava/util/Set; java/util/ImmutableCollections$Set12
staticfield java/lang/Module $assertionsDisabled Z 1
ciInstanceKlass jdk/internal/misc/Unsafe 1 1 1248 10 7 12 1 1 1 10 7 12 1 1 9 12 1 1 9 12 1 1 10 12 1 1 10 7 12 1 1 1 10 12 1 1 10 12 1 1 10 12 1 1 10 12 1 1 10 12 1 1 10 12 1 1 10 12 1 1 10 12 1 1 10 12 1 1 10 12 1 1 10 12 1 1 10 12 1 1 10 12 1 1 10 12 1 10 12 1 100 1 10 10 12 1 1 10 12 1 1 5 0 10 12 1 1 10 12 1 1 10 7 12 1 1 1 10 12 1 1 10 12 1 10 12 1 10 12 1 1 10 12 1 1 10 12 1 10 12 1 100 1 100 1 10 8 1 10 12 1 1 10 12 1 8 1 10 12 1 1 10 12 1 10 12 1 10 12 1 1 10 12 1 10 12 1 1 10 12 1 1 10 12 1 10 12 1 10 12 1 10 12 1 1 10 12 1 10 12 1 10 12 1 1 10 12 1 5 0 5 0 5 0 10 12 1 10 12 1 10 12 1 10 12 1 10 12 1 10 12 1 10 12 1 10 12 1 10 12 1 1 10 12 1 10 12 1 100 1 8 1 10 100 1 10 10 12 1 1 10 12 1 1 10 12 1 10 12 1 1 10 12 1 1 10 12 1 10 12 1 1 10 12 1 9 7 12 1 1 9 12 1 100 1 10 10 12 1 1 8 1 10 8 1 8 1 10 12 1 1 9 7 12 1 1 1 9 100 1 9 7 1 9 7 1 9 9 100 1 9 7 1 9 100 1 10 12 1 1 10 12 1 1 10 12 1 1 10 12 1 1 5 0 5 0 9 12 1 1 10 12 1 10 12 1 10 12 1 1 10 12 1 1 10 12 1 8 1 3 10 12 1 1 10 12 1 1 10 12 1 10 12 1 1 10 12 1 1 10 12 1 10 12 1 10 12 1 10 12 1 10 12 1 10 12 1 1 10 12 1 1 10 12 1 10 12 1 10 12 1 10 12 1 10 12 1 10 12 1 1 10 12 1 1 10 12 1 10 12 1 10 12 1 10 12 1 10 12 1 10 12 1 1 10 12 1 1 10 12 1 1 10 12 1 1 10 12 1 10 12 1 10 12 1 10 12 1 10 12 1 10 12 1 10 12 1 1 10 12 1 1 10 12 1 10 12 1 10 12 1 10 12 1 10 12 1 10 12 1 10 12 1 1 10 12 1 1 10 12 1 10 12 1 10 12 1 10 12 1 10 12 1 10 12 1 10 12 1 10 12 1 1 10 12 1 10 12 1 10 12 1 10 12 1 10 12 1 1 10 12 1 10 12 1 10 12 1 10 12 1 10 12 1 10 12 1 10 12 1 10 12 1 1 10 12 1 10 12 1 10 12 1 10 12 1 10 12 1 10 12 1 1 10 12 1 10 12 1 10 12 1 1 10 12 1 10 12 1 10 12 1 10 12 1 10 12 1 10 12 1 10 12 1 10 12 1 10 12 1 10 12 1 10 12 1 10 12 1 10 12 1 10 12 1 10 12 1 10 12 1 10 12 1 10 12 1 10 12 1 10 12 1 10 12 1 10 12 1 10 12 1 100 1 10 100 1 10 9 12 1 5 0 10 12 1 1 5 0 10 12 1 5 0 10 12 1 10 12 1 10 12 1 1 10 12 1 1 10 12 1 10 12 1 10 12 1 10 12 1 1 10 12 1 10 12 1 10 12 1 10 12 1 10 12 1 1 10 12 1 10 12 1 10 12 1 10 12 1 1 10 12 1 10 12 1 10 12 1 1 10 12 1 10 12 1 10 12 1 10 12 1 1 10 12 1 10 10 12 1 1 10 12 1 10 12 1 1 10 12 1 10 12 5 0 5 0 5 0 10 12 1 1 10 12 1 10 12 1 10 12 10 7 12 1 1 8 1 7 1 11 12 1 1 8 1 11 12 1 1 10 7 12 1 1 10 12 1 10 7 1 10 12 1 1 9 12 1 1 7 1 9 12 1 7 1 9 12 1 7 1 9 12 1 7 1 9 12 1 7 1 9 12 1 7 1 9 12 1 7 1 9 12 1 7 1 9 12 1 10 12 1 9 12 1 9 12 1 9 12 1 9 12 1 9 12 1 9 12 1 9 12 1 9 12 1 9 12 1 9 12 1 1 1 5 0 1 1 1 1 1 1 1 1 1 1 1 1 1 1 1 1 1 1 1 1 1 1 1 1 1 1 1 1 1 1 1 1 1 1 1 1 1 1 1 1 1 1 1 1 1 1 1 1 1 1 1 1 1 1 1 1 1 1 1 1 1 1 1 1 1 1 1 1 1 1 1 1 1 1 1 1 1 1 1 1 1 1 1 1 1 1 1 1 1 1 7 1 1 1 1 1 1 1 1 1 1 1 1 1 1 1 1 1 1 1 1 1 1 1 1 1 1 1 1 1 1 1 1 1 1 1 1 1 1 1 1 1 1 1 1 1 1 1 1 1 1 1 1 1 1 1 1 1 1 1 1 1 1 1 1 1 1 1 1 1 1 1 1 1 1 1 1 1 1 1 1 1 1 1 1 1 1 1 1 1 1 1 1 1 1 1 1 1 1 1 1 1 1 1 1 1 1 1 1 1 1 1 1 1 1 1 1 1 1 1 1 1 1 1 1 1 1 1 1 1 1 1 1 1 1 1 1 1 1 1 1 1 1 1 1 1 1 1 1 1 1 1 1 1 1 1 1 1 1 1 1 1 1 1 1 1 1 1 1 1 1 1 1 1 1 1 1 1 1 1 1 1 1 1 1 1 1 1 1 1 1 1 1 1 1 1 1 1 1 1 1 1 1 1 1 1 1 1 1 1 1 1 1 1
staticfield jdk/internal/misc/Unsafe theUnsafe Ljdk/internal/misc/Unsafe; jdk/internal/misc/Unsafe
staticfield jdk/internal/misc/Unsafe ARRAY_BOOLEAN_BASE_OFFSET J 16
staticfield jdk/internal/misc/Unsafe ARRAY_BYTE_BASE_OFFSET J 16
staticfield jdk/internal/misc/Unsafe ARRAY_SHORT_BASE_OFFSET J 16
staticfield jdk/internal/misc/Unsafe ARRAY_CHAR_BASE_OFFSET J 16
staticfield jdk/internal/misc/Unsafe ARRAY_INT_BASE_OFFSET J 16
staticfield jdk/internal/misc/Unsafe ARRAY_LONG_BASE_OFFSET J 16
staticfield jdk/internal/misc/Unsafe ARRAY_FLOAT_BASE_OFFSET J 16
staticfield jdk/internal/misc/Unsafe ARRAY_DOUBLE_BASE_OFFSET J 16
staticfield jdk/internal/misc/Unsafe ARRAY_OBJECT_BASE_OFFSET J 16
staticfield jdk/internal/misc/Unsafe ARRAY_BOOLEAN_INDEX_SCALE I 1
staticfield jdk/internal/misc/Unsafe ARRAY_BYTE_INDEX_SCALE I 1
staticfield jdk/internal/misc/Unsafe ARRAY_SHORT_INDEX_SCALE I 2
staticfield jdk/internal/misc/Unsafe ARRAY_CHAR_INDEX_SCALE I 2
staticfield jdk/internal/misc/Unsafe ARRAY_INT_INDEX_SCALE I 4
staticfield jdk/internal/misc/Unsafe ARRAY_LONG_INDEX_SCALE I 8
staticfield jdk/internal/misc/Unsafe ARRAY_FLOAT_INDEX_SCALE I 4
staticfield jdk/internal/misc/Unsafe ARRAY_DOUBLE_INDEX_SCALE I 8
staticfield jdk/internal/misc/Unsafe ARRAY_OBJECT_INDEX_SCALE I 4
staticfield jdk/internal/misc/Unsafe ADDRESS_SIZE I 8
ciInstanceKlass java/lang/Thread$FieldHolder 1 1 55 10 7 12 1 1 1 9 7 12 1 1 1 9 12 1 1 9 12 1 1 9 12 1 1 9 12 1 1 1 1 1 1 1 1 1 1 1 1 100 1 100 1 1 1 1 100 1 1 1 100 1 100 1 1
ciInstanceKlass java/lang/Thread$Constants 0 0 47 100 1 10 100 12 1 1 1 10 12 1 1 10 12 1 1 10 100 12 1 1 8 1 10 12 1 9 100 12 1 1 1 1 1 1 1 1 1 1 1 1 1 1 1 1 1
ciInstanceKlass java/lang/ThreadGroup 1 1 380 10 7 12 1 1 1 9 7 12 1 1 1 8 1 9 12 1 1 100 1 9 12 1 1 9 12 1 1 10 7 12 1 1 1 10 12 1 1 10 12 1 10 12 1 1 10 12 1 1 10 12 1 10 12 1 10 12 1 10 100 12 1 1 1 10 12 1 1 18 12 1 1 11 100 12 1 1 1 10 12 1 1 10 12 1 1 10 12 1 1 10 100 12 1 1 1 10 12 1 11 12 1 1 11 100 12 1 1 11 12 1 1 10 12 1 1 10 12 1 10 12 1 11 12 1 11 12 1 1 10 12 1 100 1 10 18 12 1 1 11 100 12 1 1 1 11 12 1 1 9 100 12 1 1 1 10 12 1 1 8 1 10 100 12 1 1 1 10 100 12 1 1 1 10 12 1 1 11 12 10 12 1 1 10 12 1 1 11 100 1 9 12 1 100 1 10 8 1 10 12 1 1 10 12 1 1 8 1 10 12 1 10 100 12 1 1 1 10 12 1 1 10 7 1 8 1 10 8 1 10 12 1 10 12 1 8 1 9 12 1 1 9 12 1 10 100 12 1 1 1 100 9 12 1 1 7 1 9 12 1 10 12 10 12 1 1 100 10 12 9 12 1 10 12 1 100 1 10 100 1 10 10 12 1 10 12 1 1 1 1 1 1 1 1 1 1 1 1 1 1 1 1 3 1 1 1 1 1 1 1 1 1 1 1 100 1 1 1 1 1 1 1 1 1 1 1 1 1 1 1 1 1 1 1 1 1 1 1 1 1 1 1 1 1 1 1 1 1 1 1 1 1 1 1 1 16 15 10 12 16 16 15 10 12 16 15 10 100 12 1 1 1 1 1 100 1 100 1 1
staticfield java/lang/ThreadGroup $assertionsDisabled Z 1
ciInstanceKlass java/lang/Thread$UncaughtExceptionHandler 1 0 16 100 1 100 1 1 1 1 1 1 1 1 100 1 1 1
instanceKlass java/lang/ThreadBuilders$BoundVirtualThread
instanceKlass java/lang/VirtualThread
ciInstanceKlass java/lang/BaseVirtualThread 0 0 36 10 100 12 1 1 1 100 1 1 1 1 1 1 1 1 1 1 1 1 1 1 1 1 1 1 1 1 100 1 100 1 1 100 1 1
ciInstanceKlass java/lang/VirtualThread 0 0 928 9 100 12 1 1 1 9 12 1 1 10 100 12 1 1 1 10 100 12 1 1 1 10 100 12 1 1 1 9 12 1 1 100 1 10 12 1 9 12 1 1 18 12 1 1 9 12 1 1 10 12 1 1 100 1 10 12 1 10 12 1 1 10 12 1 1 10 12 1 10 12 1 1 9 12 1 1 10 12 1 10 100 12 1 10 12 1 10 12 1 10 12 1 10 12 1 9 12 1 1 11 100 12 1 1 1 10 10 12 1 11 100 12 1 1 1 10 12 1 100 1 10 12 1 1 100 1 9 12 1 1 5 0 10 100 12 1 1 1 9 12 1 100 1 100 1 10 10 100 12 1 1 1 10 100 12 1 1 1 10 12 1 1 10 12 1 10 12 1 1 10 12 1 10 12 10 12 1 100 1 10 10 12 1 10 12 1 1 9 12 1 1 10 12 1 1 9 12 1 1 10 12 1 9 12 1 10 100 12 1 1 10 9 10 10 12 1 1 10 12 1 1 10 100 12 1 1 10 100 1 10 9 10 100 1 10 12 1 1 10 12 1 10 10 12 1 1 9 12 1 10 12 1 10 12 1 9 12 1 1 10 12 1 10 12 1 10 12 1 1 9 12 1 1 10 12 1 10 12 1 1 10 12 1 10 12 1 1 9 12 1 18 9 100 12 1 1 1 10 12 1 1 9 12 1 10 12 1 10 12 1 1 10 12 1 9 12 1 1 18 12 1 9 12 1 9 12 1 10 12 9 12 1 1 10 100 12 1 1 10 12 1 10 12 1 1 10 100 12 1 1 10 12 1 100 1 8 1 10 12 1 10 12 1 1 10 12 1 10 12 1 10 12 1 10 100 12 1 1 10 12 1 10 12 1 10 12 1 10 12 1 10 100 12 1 1 8 1 10 12 1 10 12 1 10 12 1 10 12 1 1 10 12 1 10 12 10 12 1 100 1 10 10 12 1 10 12 1 1 10 12 1 1 10 12 1 10 12 1 10 12 1 1 10 12 1 1 11 100 12 1 1 11 12 1 10 12 9 100 12 1 1 1 9 12 1 10 12 1 1 9 12 1 9 12 1 9 12 1 9 12 1 100 1 10 10 12 1 1 10 12 1 100 1 100 1 10 8 1 10 12 1 1 10 12 1 10 12 1 10 10 12 1 8 1 10 10 12 1 10 12 1 10 100 12 1 1 8 1 8 1 10 12 1 1 10 10 9 100 12 1 1 1 10 12 1 1 10 12 1 10 10 12 9 12 1 10 12 1 1 10 12 1 9 12 1 10 12 1 1 9 12 1 10 12 1 1 9 12 1 10 12 1 1 18 12 1 1 8 1 10 12 1 1 8 1 8 1 10 100 12 1 1 1 10 100 12 1 1 1 10 12 1 10 12 1 1 10 12 1 18 12 1 1 18 12 1 1 5 0 9 12 1 10 12 1 10 12 1 10 100 1 10 12 1 1 9 12 1 9 12 1 1 10 12 1 1 10 12 1 10 12 10 12 1 1 10 100 12 1 1 10 12 1 1 100 1 8 1 10 10 12 1 8 10 12 1 1 8 8 9 12 1 8 8 10 12 1 10 12 1 1 8 1 18 12 1 10 100 12 1 1 10 12 1 10 12 1 3 1 3 1 3 1 3 1 3 1 3 1 3 1 3 1 3 1 3 1 3 1 3 1 3 3 1 3 3 1 3 3 1 3 3 1 3 1 1 1 1 1 1 1 1 1 1 1 1 1 1 1 1 1 100 1 1 1 1 1 1 1 1 1 1 1 1 1 1 1 1 1 1 1 1 100 1 1 1 1 1 1 1 1 1 1 1 1 1 1 1 1 1 1 1 1 1 1 1 1 1 1 1 1 1 1 1 1 1 100 1 1 1 1 1 1 1 1 1 1 1 1 1 1 1 1 1 1 1 1 1 1 1 1 1 1 1 100 1 1 1 1 1 1 1 1 1 1 1 1 1 1 1 1 1 1 1 1 1 1 100 1 1 16 15 10 12 15 10 12 15 10 12 16 15 10 12 16 15 10 12 16 15 10 12 16 15 10 12 15 10 100 12 1 1 1 1 1 1 1 100 1 1 1 100 1 100 1 1
ciInstanceKlass java/lang/ThreadBuilders$BoundVirtualThread 0 0 132 10 100 12 1 1 1 9 100 12 1 1 1 10 100 12 1 1 1 9 12 1 1 10 12 1 1 10 12 1 1 9 12 1 1 10 100 12 1 1 1 10 12 1 1 100 1 8 1 10 12 1 10 12 1 1 10 12 1 1 10 12 1 1 10 100 12 1 1 1 8 1 10 12 1 8 1 10 12 1 1 10 100 12 1 1 9 100 12 1 1 1 10 12 1 1 10 10 12 1 1 1 1 1 1 1 1 1 1 1 1 1 1 1 1 1 1 1 1 1 1 1 1 1 1 1 1 100 1 1 1 1
instanceKlass java/lang/Exception
instanceKlass java/lang/Error
ciInstanceKlass java/lang/Throwable 1 1 403 10 7 12 1 1 1 9 7 12 1 1 1 9 12 1 1 9 12 1 9 12 1 1 9 12 1 10 12 1 1 9 12 1 1 10 12 1 1 10 100 12 1 1 1 9 12 1 1 10 12 1 1 10 12 1 100 1 100 1 10 8 1 10 12 1 1 8 1 10 100 12 1 1 10 10 12 1 100 1 8 1 10 10 7 12 1 1 10 12 1 8 1 9 100 12 1 1 1 10 12 1 1 100 1 10 12 10 12 1 100 1 10 10 7 12 1 1 1 11 100 12 1 1 1 10 100 12 1 1 1 10 12 1 1 10 12 1 1 8 1 10 12 1 10 12 1 1 8 1 8 1 10 12 1 1 10 12 1 8 1 8 1 9 12 1 10 100 12 1 1 100 1 10 11 12 1 8 1 8 1 10 7 12 1 1 8 1 10 12 1 8 1 100 1 10 12 1 9 12 1 1 10 12 1 10 7 12 1 9 12 1 1 10 12 1 1 100 1 8 1 10 12 1 10 100 12 1 1 10 12 1 1 100 1 10 100 12 1 1 1 10 12 1 11 100 12 1 1 1 11 100 12 1 1 1 11 12 1 8 1 10 12 1 1 8 1 10 10 9 100 12 1 1 1 8 1 10 12 1 1 11 10 100 1 8 1 10 11 12 1 1 8 1 9 12 1 10 100 12 1 1 11 9 12 1 1 11 12 1 1 100 10 12 1 10 12 1 1 100 1 1 1 1 5 0 1 1 1 1 1 1 1 1 1 1 1 1 100 1 1 1 1 1 1 1 1 1 1 1 1 1 1 1 1 1 1 1 1 1 1 1 1 1 1 1 1 1 1 1 1 1 1 1 1 1 1 1 1 1 1 1 100 1 100 1 1 1 1 1 1 1 1 1 1 1 1 1 1 1 1 1 1
staticfield java/lang/Throwable UNASSIGNED_STACK [Ljava/lang/StackTraceElement; 0 [Ljava/lang/StackTraceElement;
staticfield java/lang/Throwable SUPPRESSED_SENTINEL Ljava/util/List; java/util/Collections$EmptyList
staticfield java/lang/Throwable EMPTY_THROWABLE_ARRAY [Ljava/lang/Throwable; 0 [Ljava/lang/Throwable;
staticfield java/lang/Throwable $assertionsDisabled Z 1
ciInstanceKlass jdk/internal/vm/ContinuationScope 0 0 50 10 100 12 1 1 1 10 100 12 1 1 1 100 1 9 100 12 1 1 1 10 12 1 1 10 100 12 1 1 1 10 12 1 1 10 12 1 1 1 1 1 1 1 1 1 1 1 1 1
ciInstanceKlass jdk/internal/vm/StackChunk 1 1 32 10 100 12 1 1 1 9 100 12 1 1 1 9 12 1 1 9 12 1 1 1 1 1 1 1 1 1 1 1 1 1
ciInstanceKlass java/lang/Boolean 1 1 146 10 7 12 1 1 1 9 7 12 1 1 1 10 12 1 1 10 12 1 8 1 10 7 12 1 1 9 12 1 1 9 12 1 10 12 1 1 10 12 1 1 10 12 1 1 10 12 1 10 7 12 1 1 1 10 12 1 1 9 100 12 1 1 9 12 10 100 12 1 1 1 10 12 1 1 8 1 10 7 12 1 1 1 9 12 1 1 100 1 100 1 100 1 1 1 1 1 1 5 0 1 1 1 1 1 1 1 1 1 1 1 1 1 1 1 1 1 1 1 1 1 1 1 1 1 1 1 1 1 1 1 1 1 1 1 100 1 1 1 1 1 1 1 1 1
staticfield java/lang/Boolean TRUE Ljava/lang/Boolean; java/lang/Boolean
staticfield java/lang/Boolean FALSE Ljava/lang/Boolean; java/lang/Boolean
staticfield java/lang/Boolean TYPE Ljava/lang/Class; java/lang/Class
ciInstanceKlass java/lang/Character 1 1 603 7 1 100 1 100 1 9 12 1 1 8 1 9 12 1 1 100 1 9 12 1 1 10 100 12 1 1 1 10 100 12 1 1 1 10 100 12 1 1 1 10 7 12 1 1 1 9 7 12 1 1 1 10 12 1 10 12 1 1 10 12 1 1 10 100 12 1 1 10 12 1 1 3 3 3 3 3 10 12 1 1 10 12 1 3 11 7 12 1 1 1 11 12 1 1 10 12 1 1 10 12 1 1 100 1 10 10 12 1 3 10 12 1 1 10 12 1 10 12 1 1 100 1 8 1 10 12 1 1 10 12 1 10 12 1 10 12 1 10 100 12 1 1 1 10 12 1 10 12 1 10 12 1 1 10 12 1 10 7 12 1 1 10 10 12 1 10 10 12 1 10 12 1 1 10 12 1 10 10 12 1 10 12 1 10 12 1 10 12 1 10 12 1 10 12 1 10 12 1 10 12 10 10 12 10 10 12 1 10 10 12 1 10 10 12 1 10 10 12 1 10 12 1 10 12 1 10 12 1 10 12 1 10 12 1 10 12 1 10 10 12 1 10 10 12 1 10 10 12 1 1 10 10 12 1 10 5 0 10 12 1 10 12 1 10 10 12 1 10 10 12 1 1 10 10 12 1 10 10 12 1 9 12 1 1 100 1 10 10 12 1 10 12 1 1 3 10 100 12 1 1 1 10 12 1 10 100 12 1 1 100 1 10 10 12 1 1 10 12 1 1 10 12 1 1 8 1 10 12 1 9 100 12 1 1 1 10 12 1 10 10 12 1 10 12 1 1 10 12 1 10 10 12 1 1 10 10 12 1 1 100 1 8 1 10 12 1 1 10 7 12 1 1 1 8 1 10 12 1 1 9 12 1 1 100 1 100 1 100 1 1 1 1 3 1 3 1 3 1 3 1 1 1 1 1 3 1 1 3 1 3 1 3 1 3 1 3 1 3 1 3 1 3 1 3 1 3 1 3 1 3 1 3 1 3 1 3 1 3 1 3 1 3 1 3 1 3 1 3 1 3 1 3 1 3 1 3 1 3 1 3 1 3 1 1 1 1 1 1 1 1 1 1 1 1 1 1 1 1 1 1 1 3 1 1 1 1 1 1 1 3 1 1 3 1 1 1 1 1 3 1 1 5 0 1 1 1 1 1 1 1 1 1 1 1 1 1 1 1 1 1 1 1 1 1 1 1 1 1 1 1 1 1 1 1 1 1 1 1 1 1 1 1 1 1 1 1 1 1 1 1 1 1 1 1 1 1 1 1 1 1 1 1 1 1 1 1 1 1 1 1 1 1 1 1 1 1 1 1 1 1 1 1 1 1 1 1 1 1 1 1 1 1 100 1 100 1 1 1 1 1 1
staticfield java/lang/Character TYPE Ljava/lang/Class; java/lang/Class
staticfield java/lang/Character $assertionsDisabled Z 1
ciInstanceKlass java/lang/Float 1 1 277 7 1 100 1 10 100 12 1 1 1 10 100 12 1 1 1 4 100 1 10 12 1 1 10 12 1 1 8 1 8 1 10 100 12 1 1 1 10 12 1 1 10 12 1 1 10 100 1 4 10 7 12 1 1 9 12 1 1 10 12 1 1 10 12 1 10 10 12 1 1 10 12 1 10 12 1 3 3 100 1 4 4 4 3 10 12 1 1 9 12 1 1 100 1 10 3 3 4 4 10 12 1 3 3 3 10 12 1 1 10 12 1 1 10 12 1 10 100 12 1 1 1 10 12 1 1 10 12 1 1 10 7 12 1 1 1 8 1 10 12 1 1 9 12 1 1 100 1 100 1 100 1 1 1 1 4 1 4 1 1 1 4 1 1 3 1 3 1 3 1 3 1 3 1 1 1 1 5 0 1 1 1 1 1 1 1 1 1 1 100 1 1 1 1 1 1 1 1 1 1 1 1 1 1 1 1 1 1 1 1 1 1 1 1 1 1 1 1 1 1 1 1 1 1 1 1 1 1 1 1 1 1 1 1 1 1 1 1 1 1 1 1 1 1 1 1 1 1 1 1 1 1 1 1 1 1 1 1 1 1 1 1 1 100 1 1 1 1 1 1 1 100 1 100 1 1
staticfield java/lang/Float TYPE Ljava/lang/Class; java/lang/Class
staticfield java/lang/Float $assertionsDisabled Z 1
instanceKlass com/google/gson/internal/LazilyParsedNumber
instanceKlass java/util/concurrent/atomic/Striped64
instanceKlass java/math/BigInteger
instanceKlass java/math/BigDecimal
instanceKlass java/util/concurrent/atomic/AtomicLong
instanceKlass java/util/concurrent/atomic/AtomicInteger
instanceKlass java/lang/Long
instanceKlass java/lang/Integer
instanceKlass java/lang/Short
instanceKlass java/lang/Byte
instanceKlass java/lang/Double
instanceKlass java/lang/Float
ciInstanceKlass java/lang/Number 1 1 37 10 7 12 1 1 1 10 100 12 1 1 1 100 1 1 1 1 5 0 1 1 1 1 1 1 1 1 1 1 1 1 1 1 1 1 1
ciInstanceKlass java/lang/Double 1 1 288 7 1 100 1 10 100 12 1 1 1 10 12 1 1 10 100 1 10 12 1 1 10 100 12 1 1 1 6 0 8 1 10 12 1 1 8 1 10 12 1 1 8 1 6 0 10 12 1 1 100 1 5 0 5 0 8 1 8 1 10 100 12 1 1 1 10 100 12 1 1 1 8 1 10 12 1 1 8 1 8 1 8 1 10 12 1 1 10 12 1 10 12 1 1 10 12 1 10 12 1 10 12 1 1 10 12 1 10 7 1 6 0 10 7 12 1 1 9 12 1 1 10 12 1 10 12 1 10 12 1 10 12 1 10 12 1 5 0 10 12 1 1 10 12 1 10 12 1 10 100 12 1 1 1 10 12 1 1 10 12 1 1 8 1 10 7 12 1 1 1 9 12 1 1 100 1 100 1 100 1 1 1 6 0 1 6 0 1 6 0 1 1 1 6 0 1 1 3 1 3 1 3 1 3 1 3 1 1 1 1 5 0 1 1 1 1 1 1 1 1 1 1 1 1 1 1 1 1 100 1 1 1 1 1 1 1 1 1 1 1 1 1 1 1 1 1 1 1 1 1 1 1 1 1 1 1 1 1 1 1 1 1 1 1 1 1 1 1 1 1 1 1 1 1 100 1 1 1 1 1 1 1 100 1 100 1 1
staticfield java/lang/Double TYPE Ljava/lang/Class; java/lang/Class
ciInstanceKlass java/lang/Byte 1 1 212 7 1 100 1 10 100 12 1 1 1 9 12 1 1 8 1 9 12 1 1 100 1 10 12 1 1 10 12 1 1 10 100 12 1 1 1 10 100 12 1 1 1 9 100 12 1 1 1 10 12 1 1 100 1 100 1 10 12 1 1 8 1 10 12 1 1 8 1 10 12 1 10 12 1 10 12 1 10 12 1 1 10 12 1 10 12 1 10 12 1 1 10 8 1 8 1 10 7 1 9 12 1 1 10 12 1 1 10 12 1 1 10 12 1 1 10 12 1 5 0 10 12 1 1 8 1 10 7 12 1 1 1 9 12 1 1 100 1 100 1 1 1 3 1 3 1 1 1 1 3 1 3 1 1 5 0 1 1 1 1 1 1 1 1 1 1 1 1 1 1 1 1 1 1 1 1 1 1 1 1 1 1 1 1 1 1 1 1 1 1 1 1 1 1 1 1 1 1 1 1 1 1 1 1 1 1 1 1 1 1 1
staticfield java/lang/Byte TYPE Ljava/lang/Class; java/lang/Class
ciInstanceKlass java/lang/Short 1 1 220 7 1 100 1 100 1 10 100 12 1 1 1 10 12 1 1 100 1 100 1 10 12 1 1 8 1 10 12 1 1 8 1 10 12 1 10 12 1 10 12 1 10 12 1 1 10 12 1 1 10 12 1 9 12 1 1 8 1 9 12 1 1 100 1 10 12 1 1 10 12 1 10 100 12 1 1 1 10 100 12 1 1 1 9 100 12 1 1 1 10 12 1 10 12 1 1 10 8 1 8 1 10 7 1 9 12 1 1 10 12 1 1 10 12 1 1 10 12 1 1 10 12 1 3 3 5 0 10 12 1 1 8 1 10 7 12 1 1 1 9 12 1 1 100 1 100 1 1 1 3 1 3 1 1 1 1 3 1 3 1 1 5 0 1 1 1 1 1 1 1 1 1 1 1 1 1 1 1 1 1 1 1 1 1 1 1 1 1 1 1 1 1 1 1 1 1 1 1 1 1 1 1 1 1 1 1 1 1 1 1 1 1 1 1 1 1 1 1 1
staticfield java/lang/Short TYPE Ljava/lang/Class; java/lang/Class
ciInstanceKlass java/lang/Integer 1 1 436 7 1 100 1 7 1 7 1 10 12 1 1 9 12 1 1 9 12 1 1 10 100 12 1 1 1 10 12 1 1 10 100 12 1 1 1 10 10 12 1 1 10 100 12 1 1 1 10 12 1 10 12 1 1 10 7 12 1 1 1 10 12 1 1 10 12 1 1 10 12 1 10 7 12 1 1 10 12 1 1 10 12 1 10 12 1 100 1 8 1 10 12 1 8 1 100 1 10 12 1 1 10 12 1 1 8 1 10 12 1 1 8 1 10 12 1 1 10 12 1 1 10 12 1 1 3 3 10 7 12 1 1 1 11 7 1 10 12 1 1 11 10 12 1 1 10 12 1 1 8 1 10 12 1 10 12 1 8 1 100 1 10 12 1 8 1 10 12 1 1 10 12 1 8 1 10 12 1 10 12 1 7 1 9 12 1 1 9 12 1 1 10 12 1 10 7 1 9 12 1 10 12 1 10 12 1 10 12 1 1 10 12 1 1 10 7 12 1 1 1 10 12 1 1 8 1 8 1 10 12 1 1 8 1 8 1 8 1 8 1 8 1 8 1 10 12 1 10 12 1 10 12 1 5 0 3 3 3 3 10 12 1 10 12 1 3 10 12 1 10 100 12 1 1 1 10 12 1 1 10 12 1 1 8 1 10 7 12 1 1 1 9 12 1 1 100 1 100 1 100 1 1 1 1 3 1 1 1 1 1 3 1 3 1 1 5 0 1 1 1 1 1 1 1 1 1 100 1 1 1 1 1 1 1 1 1 1 1 1 1 1 1 1 1 1 1 1 1 1 1 1 1 1 1 1 1 1 1 1 1 1 1 1 1 1 1 1 1 1 1 1 1 1 1 1 1 1 1 1 1 1 1 1 1 1 1 1 1 1 1 1 1 1 1 1 1 1 1 1 1 1 1 1 1 1 1 1 1 1 1 1 1 1 1 1 1 1 1 1 1 100 1 1 1 1 1 1 1 1 1 100 1 100 1 1
staticfield java/lang/Integer TYPE Ljava/lang/Class; java/lang/Class
staticfield java/lang/Integer digits [B 36
ciMethod java/lang/Integer valueOf (I)Ljava/lang/Integer; 468 0 5135 0 -1
ciInstanceKlass java/lang/Long 1 1 498 7 1 100 1 7 1 7 1 10 12 1 1 9 12 1 1 9 7 12 1 1 1 10 100 12 1 1 1 10 12 1 1 10 100 12 1 1 1 10 10 12 10 12 1 10 12 1 10 12 1 5 0 5 0 100 1 10 12 1 1 10 12 1 1 10 12 1 10 12 1 10 12 1 10 12 1 1 10 100 12 1 1 10 12 1 10 12 1 1 10 12 1 1 10 12 1 1 10 12 1 1 10 7 12 1 1 1 10 12 1 1 10 12 1 10 12 1 10 7 12 1 1 10 12 1 1 10 12 1 10 12 1 100 1 8 1 10 12 1 8 1 100 1 10 12 1 10 12 1 1 8 1 10 12 1 1 8 1 10 12 1 1 10 12 1 1 10 12 1 1 5 0 5 0 10 100 12 1 1 1 11 100 1 10 12 1 1 11 10 12 1 1 10 12 1 1 8 1 5 0 10 12 1 1 10 12 1 1 8 1 8 1 10 12 1 8 1 10 12 1 10 12 1 5 0 5 0 9 7 12 1 1 1 10 12 1 10 12 1 1 8 1 8 1 10 12 1 1 8 1 8 1 8 1 8 1 8 1 8 1 10 12 1 10 12 1 10 7 1 9 12 1 1 10 12 1 10 12 1 1 10 12 1 1 10 7 12 1 1 1 10 12 1 1 10 12 1 10 12 1 10 12 1 5 0 5 0 5 0 10 12 1 1 10 12 1 5 0 5 0 10 12 10 12 1 10 100 12 1 1 1 10 12 1 1 10 12 1 1 8 1 10 7 12 1 1 1 9 12 1 1 100 1 100 1 100 1 1 1 1 5 0 1 1 1 1 3 1 3 1 5 0 1 1 1 1 1 1 1 1 1 100 1 1 1 1 1 1 1 1 1 1 1 1 1 1 1 1 1 1 1 1 1 1 1 1 1 1 1 1 1 1 1 1 1 1 1 1 1 1 1 1 1 1 1 1 1 1 1 1 1 1 1 1 1 1 1 1 1 1 1 1 1 1 1 1 1 1 1 1 1 1 1 1 1 1 1 1 1 1 1 1 1 1 1 1 1 1 1 1 1 1 1 1 1 1 1 1 1 1 1 1 100 1 1 1 1 1 1 1 1 1 100 1 100 1 1
staticfield java/lang/Long TYPE Ljava/lang/Class; java/lang/Class
ciInstanceKlass java/lang/Void 1 1 31 10 100 12 1 1 1 8 1 10 7 12 1 1 1 9 7 12 1 1 1 1 1 1 1 1 1 1 1 1 1
staticfield java/lang/Void TYPE Ljava/lang/Class; java/lang/Class
ciInstanceKlass jdk/internal/vm/vector/VectorSupport 0 0 597 100 1 10 100 12 1 1 1 9 12 1 1 10 100 12 1 1 1 100 1 10 12 1 11 100 12 1 1 1 11 100 12 1 1 1 11 100 12 1 1 1 11 100 12 1 1 11 100 12 1 1 11 100 12 1 1 11 100 12 1 1 11 100 12 1 1 11 100 12 1 1 11 100 12 1 1 11 100 12 1 1 1 11 100 12 1 1 11 100 12 1 1 1 11 100 12 1 1 1 11 100 12 1 1 11 100 12 1 1 1 11 100 12 1 1 100 1 10 12 1 1 11 100 12 1 1 11 100 12 1 1 11 100 12 1 1 11 100 1 11 100 12 1 1 11 100 12 1 1 11 100 12 1 1 9 12 1 1 10 100 12 1 1 11 100 12 1 1 10 100 12 1 1 1 10 100 12 1 1 10 12 1 1 10 12 1 1 1 1 1 3 1 3 1 3 1 3 1 3 1 3 1 3 1 3 1 3 1 3 1 3 1 3 1 3 1 3 1 3 1 3 1 3 1 3 1 3 1 3 1 3 1 3 1 3 1 3 1 3 1 3 1 3 1 3 1 3 1 3 1 3 1 3 1 3 1 3 1 3 1 3 1 3 1 3 1 3 1 3 1 3 1 3 1 3 1 3 1 3 1 3 1 3 1 3 1 3 1 3 1 3 1 3 1 3 1 1 1 3 1 3 1 3 1 3 1 3 1 3 1 1 1 1 1 1 1 1 1 1 1 1 1 1 1 1 1 1 1 1 1 1 1 1 1 1 1 1 1 1 1 1 1 1 1 1 1 1 1 1 1 1 1 1 1 1 1 1 1 1 1 1 1 1 1 1 1 1 1 1 1 1 1 1 1 1 1 1 1 1 1 1 1 1 1 1 1 1 1 1 1 1 1 1 1 1 1 1 1 1 1 1 1 1 1 1 1 1 1 1 1 1 1 1 1 1 1 1 1 1 1 1 1 1 1 1 1 1 1 1 1 1 1 1 1 1 1 1 1 1 1 1 1 1 1 1 1 1 1 1 1 1 1 1 1 1 1 1 1 1 1 1 1 1 1 1 1 1 1 1 1 1 1 1 1 1 1 1 1 1 1 1 1 1 1 1 1 1 1 1 1 1 1 1 1 1 1 1 1 1 1 1 1 1 1 1 1 1 1 1 1 1 1 1 1 1 1 1 1 1 1 1 1 1 1 1 1 1 1 1 1 1 1 1 1 1 1 1 1 1 1 1 1 1 1 1 1 1 1 1 1 1 1 1 1 1 1 100 1 100 1 100 1 100 1 100 1 1 1 1 1 1 1 1 1 1 1 1 1 1 1 1 1 1 1 1 1 1 1 1 1 1 1 1 1 1 1
instanceKlass jdk/internal/vm/vector/VectorSupport$VectorShuffle
instanceKlass jdk/internal/vm/vector/VectorSupport$VectorMask
instanceKlass jdk/internal/vm/vector/VectorSupport$Vector
ciInstanceKlass jdk/internal/vm/vector/VectorSupport$VectorPayload 0 0 32 10 100 12 1 1 1 9 100 12 1 1 1 10 100 12 1 1 1 1 1 1 1 1 1 1 1 1 1 1 1 1
ciInstanceKlass jdk/internal/vm/vector/VectorSupport$Vector 0 0 28 10 100 12 1 1 1 100 1 1 1 1 1 1 1 1 1 1 1 1 1 1 1 100 1 1 1 1
ciInstanceKlass jdk/internal/vm/vector/VectorSupport$VectorMask 0 0 28 10 100 12 1 1 1 100 1 1 1 1 1 1 1 1 1 1 1 1 1 1 1 100 1 1 1 1
ciInstanceKlass jdk/internal/vm/vector/VectorSupport$VectorShuffle 0 0 28 10 100 12 1 1 1 100 1 1 1 1 1 1 1 1 1 1 1 1 1 1 1 100 1 1 1 1
ciInstanceKlass jdk/internal/vm/FillerObject 0 0 16 10 100 12 1 1 1 100 1 1 1 1 1 1 1 1
instanceKlass java/lang/ref/PhantomReference
instanceKlass java/lang/ref/FinalReference
instanceKlass java/lang/ref/WeakReference
instanceKlass java/lang/ref/SoftReference
ciInstanceKlass java/lang/ref/Reference 1 1 198 9 7 12 1 1 1 9 7 12 1 1 10 12 1 1 10 12 1 1 9 12 1 1 10 12 1 1 9 12 1 1 9 12 1 1 7 1 10 12 1 10 7 12 1 1 10 12 1 10 12 1 1 10 12 1 7 1 8 1 10 12 1 1 7 1 10 12 1 1 10 12 1 1 10 12 1 7 1 10 12 10 7 12 1 1 1 9 12 1 10 12 1 1 10 12 1 10 12 1 10 12 1 9 12 1 100 1 100 1 10 9 12 1 9 12 1 100 1 10 10 12 1 10 10 7 12 1 1 10 12 1 1 1 1 1 1 1 1 1 1 1 1 1 1 1 1 1 100 1 1 1 100 1 1 1 1 1 1 1 1 1 1 1 1 1 1 1 1 1 1 1 1 1 1 1 1 1 1 1 1 1 1 1 1 1 1 1 1 1 100 1 100 1 100 1 1 1
staticfield java/lang/ref/Reference processPendingLock Ljava/lang/Object; java/lang/Object
staticfield java/lang/ref/Reference $assertionsDisabled Z 1
instanceKlass java/util/ResourceBundle$BundleReference
instanceKlass sun/util/locale/provider/LocaleResources$ResourceReference
instanceKlass sun/util/resources/Bundles$BundleReference
instanceKlass jdk/internal/util/SoftReferenceKey
instanceKlass java/lang/invoke/LambdaFormEditor$Transform
ciInstanceKlass java/lang/ref/SoftReference 1 1 50 10 7 12 1 1 1 9 7 12 1 1 1 9 12 1 10 12 1 10 12 1 1 1 1 1 1 1 1 1 1 1 1 1 1 1 1 1 1 1 1 1 1 100 1 1 1 1 1 1
instanceKlass java/util/ResourceBundle$KeyElementReference
instanceKlass io/grpc/internal/ManagedChannelOrphanWrapper$ManagedChannelReference
instanceKlass com/google/common/collect/MapMakerInternalMap$AbstractWeakKeyEntry
instanceKlass java/lang/WeakPairMap$WeakRefPeer
instanceKlass java/util/logging/LogManager$LoggerWeakRef
instanceKlass java/util/logging/Level$KnownLevel
instanceKlass jdk/internal/util/WeakReferenceKey
instanceKlass java/lang/ThreadLocal$ThreadLocalMap$Entry
instanceKlass java/util/WeakHashMap$Entry
ciInstanceKlass java/lang/ref/WeakReference 1 1 34 10 7 12 1 1 1 10 12 1 100 1 1 1 1 1 1 1 1 1 1 1 1 1 1 1 1 1 1 1 1 1 1 1
instanceKlass java/lang/ref/Finalizer
ciInstanceKlass java/lang/ref/FinalReference 1 1 50 10 7 12 1 1 1 10 100 12 1 1 1 10 12 1 1 100 1 8 1 10 12 1 1 1 1 1 1 1 1 1 1 1 1 1 1 1 1 1 1 1 1 1 1 1 1 1 100 1
instanceKlass jdk/internal/ref/PhantomCleanable
instanceKlass jdk/internal/ref/Cleaner
ciInstanceKlass java/lang/ref/PhantomReference 1 1 47 10 7 12 1 1 1 10 12 1 1 10 7 12 1 1 1 1 1 1 1 1 1 1 1 1 1 1 1 1 1 1 1 1 1 1 1 1 1 1 1 1 1 1 1 1 1
ciInstanceKlass java/lang/ref/Finalizer 1 1 177 9 7 12 1 1 1 10 7 12 1 1 1 9 12 1 1 9 12 1 1 9 12 1 9 12 1 9 12 1 1 10 12 1 100 1 8 1 10 12 1 10 12 1 1 9 12 1 100 1 10 12 1 100 1 11 100 12 1 1 10 12 1 100 1 10 12 1 10 7 12 1 1 1 10 12 1 1 10 100 12 1 1 8 1 10 12 1 10 12 1 10 12 1 100 1 10 12 1 10 100 12 1 1 1 100 1 10 10 12 1 1 7 1 10 12 1 10 12 1 1 10 12 1 1 10 7 12 1 1 1 7 1 10 7 1 10 10 12 1 1 1 1 1 1 1 1 1 1 1 1 1 1 1 1 1 1 1 1 1 1 1 1 1 1 100 1 1 1 1 1 1 1 1 1 1 1
staticfield java/lang/ref/Finalizer lock Ljava/lang/Object; java/lang/Object
staticfield java/lang/ref/Finalizer ENABLED Z 1
staticfield java/lang/ref/Finalizer $assertionsDisabled Z 1
instanceKlass java/lang/reflect/Executable
instanceKlass java/lang/reflect/Field
ciInstanceKlass java/lang/reflect/AccessibleObject 1 1 374 10 7 12 1 1 1 10 100 12 1 1 1 10 7 12 1 1 1 10 12 1 1 9 12 1 1 7 1 10 7 12 1 1 1 11 12 1 100 1 10 12 1 7 1 100 1 10 12 1 1 10 12 1 1 10 12 1 1 10 12 1 1 10 12 1 1 7 1 10 7 12 1 1 1 10 12 1 1 11 10 7 12 1 1 1 10 12 1 1 10 12 1 10 12 1 10 12 1 1 10 12 1 8 1 100 1 100 1 10 10 12 1 1 8 1 10 12 1 10 12 1 8 1 8 1 8 1 8 1 8 1 8 1 8 1 8 1 8 1 100 1 10 12 1 10 12 1 9 7 12 1 1 1 10 12 1 1 10 12 1 10 100 1 100 1 8 1 10 8 1 10 12 1 8 1 10 12 1 10 12 1 1 10 100 1 8 1 10 11 7 12 1 1 1 10 12 1 1 10 12 1 1 10 12 1 1 9 12 1 1 100 1 10 12 1 7 1 10 12 1 10 12 1 1 10 100 1 10 12 1 10 12 10 12 1 10 12 1 10 12 1 1 10 12 1 9 12 1 10 7 12 1 1 8 1 10 12 1 1 8 1 10 100 12 1 1 1 9 12 1 100 1 10 7 1 10 10 7 12 1 1 1 10 7 12 1 1 1 9 12 1 1 1 1 1 1 1 1 1 1 1 1 1 1 1 1 1 1 1 1 1 1 1 1 1 1 1 1 1 1 1 1 1 1 1 1 1 1 1 1 1 1 1 1 1 1 1 1 1 1 1 1 1 1 1 1 1 1 1 1 1 1 1 1 1 1 1 1 1 1 1 1 1 1 1 1 1 1 1 1 1 1 1
staticfield java/lang/reflect/AccessibleObject reflectionFactory Ljdk/internal/reflect/ReflectionFactory; jdk/internal/reflect/ReflectionFactory
ciInstanceKlass java/lang/reflect/Method 1 1 468 9 7 12 1 1 1 10 100 12 1 1 1 10 100 12 1 1 9 12 1 1 9 12 1 1 10 12 1 1 10 12 1 1 10 12 1 1 10 100 12 1 1 10 7 12 1 1 1 9 12 1 1 9 12 1 9 12 1 1 9 12 1 9 12 1 9 12 1 1 9 12 1 9 12 1 1 9 12 1 9 12 1 100 1 8 1 10 12 1 10 12 1 9 12 1 1 10 7 12 1 1 1 10 12 1 1 10 12 1 1 10 12 1 10 12 1 1 9 100 12 1 1 1 10 12 1 1 10 12 10 7 12 1 1 10 12 1 1 10 12 1 10 12 1 10 12 1 10 7 12 1 1 1 10 12 1 1 9 12 1 10 7 1 10 100 12 1 1 1 10 7 12 1 1 10 12 1 1 10 12 1 1 10 12 1 10 7 12 1 1 1 10 12 1 10 8 1 10 12 1 10 12 1 7 1 8 1 8 1 8 1 10 12 1 10 12 1 1 10 12 1 1 10 10 12 1 1 10 12 1 11 100 1 10 12 1 9 12 1 1 10 12 1 1 10 12 1 10 12 1 1 10 12 1 1 11 7 12 1 1 1 11 12 1 9 12 1 1 10 12 1 10 12 1 10 12 1 10 12 1 10 12 1 10 12 1 9 12 1 1 10 7 12 1 1 1 10 7 12 1 1 10 12 1 1 10 7 12 1 1 1 10 7 12 1 1 1 10 7 12 1 1 1 11 7 12 1 1 1 10 7 12 1 1 1 7 1 100 1 100 1 10 12 1 10 12 1 1 10 12 1 100 1 8 1 10 12 1 10 10 12 1 1 10 12 1 1 10 12 1 1 10 12 1 1 8 1 10 12 1 1 1 1 1 1 1 1 1 1 1 1 1 1 1 1 1 1 1 1 1 1 1 1 1 1 1 1 1 1 1 1 1 1 1 1 1 1 1 1 1 1 1 1 1 1 1 1 1 1 1 1 1 100 1 100 1 100 1 1 1 1 1 1 1 1 1 1 1 1 1 1 1 1 1 1 1 1 1 1 1 1 1 1 1 1 1 1
ciInstanceKlass java/lang/reflect/Member 1 1 37 100 1 10 12 1 1 100 1 100 1 1 1 1 3 1 3 1 1 1 1 1 1 1 1 1 1 1 1 1 1 1 1 1 1 1 1
instanceKlass java/lang/reflect/Constructor
instanceKlass java/lang/reflect/Method
ciInstanceKlass java/lang/reflect/Executable 1 1 587 10 7 12 1 1 1 10 7 12 1 1 1 10 7 12 1 1 1 11 7 12 1 1 1 10 7 12 1 1 1 10 12 1 1 10 7 12 1 1 1 10 100 12 1 1 1 10 12 1 8 1 10 10 12 1 1 10 12 1 1 10 100 12 1 1 1 18 12 1 1 11 100 12 1 1 1 8 1 8 1 8 1 10 100 12 1 1 1 11 12 1 1 100 1 8 1 8 1 10 12 1 100 1 8 1 10 12 1 8 1 11 100 12 1 1 1 100 1 11 100 12 1 1 1 11 12 1 8 1 18 8 1 10 12 1 10 12 1 1 18 8 1 10 12 1 100 1 10 12 1 10 12 1 11 12 1 10 12 1 1 8 1 8 1 10 12 1 1 10 12 1 1 10 10 12 1 9 12 1 1 9 100 12 1 1 1 10 100 12 1 1 1 10 12 1 10 12 1 1 10 100 12 1 1 10 12 1 10 12 1 10 12 1 10 7 12 1 1 100 1 10 100 12 1 1 1 10 12 1 1 10 100 12 1 1 10 12 1 10 12 1 1 9 100 12 1 1 1 10 100 10 12 1 8 1 10 12 1 10 12 1 3 100 1 8 1 10 12 1 10 12 1 10 10 12 1 10 12 1 1 8 1 8 1 8 1 9 12 1 1 9 12 1 10 12 1 100 1 8 1 10 12 1 10 12 1 10 12 1 1 10 12 1 1 10 12 1 10 12 10 12 1 100 1 10 12 1 10 12 1 1 100 1 10 100 12 1 1 1 7 1 10 7 12 1 1 1 10 12 1 1 11 7 12 1 1 10 12 1 10 100 12 1 1 1 10 12 1 1 9 12 1 10 12 1 1 10 12 1 10 12 1 1 9 100 12 1 1 1 10 100 12 1 1 1 10 12 1 10 12 1 1 9 12 1 10 10 10 10 100 12 1 1 1 10 12 1 9 12 1 10 12 1 1 9 12 1 100 1 100 1 1 1 1 1 1 1 1 1 1 1 1 1 1 1 1 1 1 1 1 1 1 1 1 1 1 1 1 1 1 1 1 1 1 1 1 100 1 1 1 1 1 1 1 1 1 1 1 1 1 1 1 1 1 1 1 100 1 1 1 1 1 1 1 1 1 1 1 1 1 1 1 1 1 1 1 1 1 1 1 1 1 1 1 1 1 1 1 1 1 1 1 1 1 1 1 1 1 1 1 100 1 1 1 1 1 1 1 1 1 1 1 1 1 1 1 1 1 1 1 1 1 1 100 1 1 16 15 16 1 16 1 15 10 12 16 15 10 100 12 1 1 1 1 100 1 1 1 100 1 1 100 1 100 1 1
ciInstanceKlass java/lang/reflect/Constructor 1 1 437 10 100 12 1 1 1 10 100 12 1 1 9 7 12 1 1 1 9 12 1 1 10 12 1 1 10 12 1 1 10 12 1 1 10 100 12 1 1 10 7 12 1 1 1 9 12 1 1 9 12 1 1 9 12 1 9 12 1 1 9 12 1 9 12 1 1 9 12 1 1 9 12 1 100 1 8 1 10 12 1 10 12 1 9 12 1 1 10 7 12 1 1 1 10 12 1 1 10 12 1 1 10 12 1 7 1 100 1 8 1 10 10 12 1 10 12 1 10 12 1 1 9 100 12 1 1 1 10 7 12 1 1 10 12 1 1 10 12 1 10 12 1 1 10 100 12 1 1 1 10 100 12 1 1 10 12 1 1 10 12 1 10 100 12 1 1 1 8 1 10 10 12 1 100 1 8 1 10 12 1 10 12 1 1 10 12 1 1 10 12 1 10 12 1 10 12 1 1 10 12 1 1 9 12 1 1 10 12 1 1 10 12 1 1 10 12 1 1 11 7 12 1 1 1 10 12 1 1 10 12 1 10 12 1 10 12 1 8 1 9 12 1 1 10 7 12 1 1 1 10 7 12 1 1 10 12 1 1 10 12 1 1 10 12 1 1 10 12 1 1 10 12 1 9 100 12 1 1 10 12 1 10 12 1 10 12 1 100 1 8 1 10 10 12 1 1 10 12 1 10 10 12 1 1 10 12 1 1 10 100 12 1 1 1 11 100 12 1 1 1 10 12 1 1 9 100 12 1 1 1 10 100 12 1 1 1 10 12 1 1 1 1 1 1 1 1 1 1 1 1 1 1 1 1 1 1 1 1 1 1 1 1 1 1 1 1 1 1 1 1 1 1 1 1 1 1 1 1 1 1 1 1 1 1 1 1 1 1 1 1 1 1 1 1 100 1 100 1 100 1 100 1 1 1 1 1 1 1 1 1 1 1 1 1 1 1 1 1 1 1 1 1 1 1 1 1 1 1 1 1 1 1 1 100 1 1
ciInstanceKlass java/lang/reflect/Field 1 1 454 9 7 12 1 1 1 10 12 1 1 10 7 12 1 1 1 10 7 12 1 1 9 12 1 1 9 12 1 1 10 12 1 1 10 12 1 1 10 12 1 1 10 7 12 1 1 10 7 12 1 1 1 9 12 1 1 9 12 1 9 12 1 9 12 1 1 9 12 1 1 9 12 1 9 12 1 1 100 1 8 1 10 12 1 10 12 1 9 12 1 1 9 12 1 10 7 12 1 1 10 12 1 1 10 12 1 1 10 12 1 9 12 1 1 10 12 1 1 9 100 12 1 1 1 10 7 12 1 1 1 100 1 10 12 1 1 10 12 1 1 10 12 1 10 12 1 10 7 1 10 7 12 1 1 100 1 10 8 1 10 12 1 1 10 12 1 1 8 1 10 12 10 12 1 8 1 8 1 10 11 100 1 9 12 1 10 12 1 1 10 12 1 1 11 7 12 1 1 1 10 12 1 11 12 1 1 11 12 1 1 11 12 1 1 11 12 1 1 11 12 1 1 11 12 1 1 11 12 1 1 11 12 1 1 11 12 1 1 11 12 1 1 11 12 1 1 11 12 1 1 11 12 1 1 11 12 1 1 11 12 1 1 11 12 1 1 11 12 1 1 10 12 1 10 100 12 1 1 10 12 1 10 12 1 10 12 1 10 12 1 1 10 12 1 1 10 12 1 10 7 12 1 1 10 12 1 1 11 7 1 10 12 1 7 1 10 100 12 1 1 1 10 7 12 1 1 1 9 12 1 10 7 12 1 1 1 11 7 12 1 1 1 10 12 1 1 10 12 1 1 9 100 12 1 1 10 100 12 1 1 1 10 12 1 1 100 1 1 1 1 1 1 1 1 1 1 1 1 1 1 1 1 1 1 1 1 1 1 1 1 1 1 1 1 1 1 1 1 1 1 1 1 1 1 1 100 1 1 1 1 1 1 1 1 1 1 1 1 1 1 1 1 1 1 1 1 1 1 1 1 1 1 1 1 1 1 1 1 100 1 1 1 1 1 1 1 1 100 1 1 100 1 1
ciInstanceKlass java/lang/reflect/Parameter 0 0 256 10 100 12 1 1 1 9 100 12 1 1 1 9 12 1 1 9 12 1 1 9 12 1 10 12 1 1 10 12 1 1 10 100 12 1 1 1 100 1 10 10 12 1 1 11 100 12 1 1 1 10 12 1 10 100 12 1 1 1 10 12 1 1 10 12 1 10 12 1 8 1 8 1 10 100 12 1 1 1 10 12 1 10 12 9 100 12 1 1 1 9 100 12 1 1 1 10 12 1 1 10 12 1 1 10 100 12 1 1 1 10 12 1 8 1 10 12 1 9 12 1 1 10 12 1 1 9 12 1 1 10 12 1 1 10 12 1 1 10 12 1 1 10 12 1 10 10 12 1 10 100 12 1 1 1 10 12 1 1 11 100 12 1 1 10 100 12 1 1 100 1 10 100 12 1 1 1 10 12 1 1 10 12 1 1 10 12 1 1 10 12 1 1 9 12 1 100 1 10 11 12 1 11 12 1 1 100 1 1 1 1 1 1 1 1 1 1 1 1 1 1 1 1 1 1 1 1 1 1 1 1 1 1 1 1 1 1 1 1 1 1 1 1 1 1 1 100 1 1 1 1 1 100 1 1
ciInstanceKlass java/lang/reflect/RecordComponent 0 0 196 10 100 12 1 1 1 9 100 12 1 1 1 9 12 1 1 9 12 1 10 12 1 1 10 12 1 1 10 100 12 1 1 1 10 12 1 1 9 12 1 1 10 12 1 1 10 12 1 1 10 12 1 10 100 12 1 1 10 100 12 1 1 9 12 1 1 10 100 12 1 1 1 11 100 12 1 1 1 10 9 100 12 1 1 1 10 100 12 1 1 1 9 12 1 1 10 100 12 1 1 1 10 12 1 1 11 100 12 1 1 10 100 12 1 1 100 1 9 12 1 9 12 1 1 9 12 1 10 100 12 1 1 1 10 12 1 1 10 12 1 1 100 1 10 10 12 1 10 12 1 1 8 1 10 12 1 10 12 1 9 12 1 100 1 1 1 1 1 1 1 1 1 1 1 1 1 1 1 1 1 1 1 1 1 1 100 1 1 1 1 1 1 100 1 1
ciInstanceKlass java/lang/StringBuffer 0 0 487 10 100 12 1 1 1 10 12 1 10 12 1 10 12 1 1 9 100 12 1 1 1 10 12 1 1 10 12 1 10 12 1 1 9 12 1 1 10 12 1 10 12 1 1 10 12 1 1 10 12 1 10 12 1 1 10 12 1 10 12 1 1 10 12 1 1 10 100 12 1 1 1 10 12 1 1 10 12 1 10 12 1 10 12 1 10 12 1 10 12 1 10 12 1 10 12 1 10 12 1 10 12 1 10 12 1 10 12 1 10 12 1 10 12 1 10 12 1 1 10 12 1 10 12 1 1 10 12 1 1 10 10 12 1 1 10 12 1 10 12 1 10 12 1 10 12 1 10 12 1 10 12 1 10 12 10 12 1 10 12 1 10 12 1 10 12 1 1 10 12 1 10 12 1 10 10 12 1 1 10 12 1 10 12 1 10 12 1 8 1 10 12 1 10 10 100 12 1 1 1 10 10 12 1 1 9 12 1 1 10 100 12 1 1 10 100 1 8 10 100 12 1 1 1 8 10 12 1 8 1 10 12 1 10 12 1 10 100 12 1 1 1 10 100 12 1 1 1 100 1 10 12 100 1 8 1 10 10 12 1 1 10 12 1 1 10 12 1 10 12 1 10 12 1 1 10 12 1 10 12 1 10 12 1 10 12 1 10 12 1 10 12 10 12 1 10 12 1 10 12 1 10 12 1 10 12 1 10 12 1 10 12 1 10 12 1 10 12 1 10 12 1 10 12 10 12 10 12 1 10 12 1 10 12 1 10 12 10 12 1 10 12 1 10 12 1 10 12 1 10 12 1 10 12 1 10 12 1 10 12 1 10 12 1 10 12 1 10 12 1 100 1 10 12 1 9 100 12 1 1 1 9 100 1 9 12 1 1 100 1 100 1 100 1 100 1 1 1 1 5 0 1 1 1 1 1 1 1 1 1 1 1 1 1 1 1 1 1 1 1 1 1 1 1 1 1 1 1 1 1 1 1 1 1 1 1 1 1 1 1 1 1 1 1 1 1 1 1 1 1 1 1 1 1 1 1 1 1 1 1 1 100 1 1 1 1 1 100 1 1 1 1 1 1 1 1 1 1 1 1 1 1 1 1 1 1
instanceKlass java/lang/StringBuilder
instanceKlass java/lang/StringBuffer
ciInstanceKlass java/lang/AbstractStringBuilder 1 1 662 7 1 10 7 12 1 1 1 9 7 12 1 1 1 9 12 1 9 12 1 1 9 12 1 1 10 100 12 1 1 1 10 12 1 1 100 1 3 3 10 12 1 10 12 1 1 10 12 1 1 11 7 1 100 1 100 1 10 8 1 10 12 1 10 12 1 10 12 1 1 10 12 1 10 12 1 9 12 1 10 12 1 9 12 1 1 10 7 12 1 1 1 10 10 12 1 10 12 1 10 12 1 1 9 12 1 100 1 8 1 10 12 1 10 12 1 1 8 1 10 7 12 1 1 1 10 12 1 1 8 1 10 7 12 1 1 1 100 1 8 1 10 100 1 10 12 1 10 12 1 1 10 7 12 1 1 1 10 12 1 1 10 12 1 1 10 12 1 1 10 12 1 1 10 7 12 1 1 1 10 12 1 100 1 10 10 7 12 1 1 1 9 12 1 1 9 12 1 10 12 1 1 10 10 12 1 1 10 12 1 1 10 12 1 1 10 12 1 1 10 12 1 1 10 12 1 1 10 12 1 1 10 12 1 10 10 10 12 1 10 12 1 1 10 8 1 10 12 1 1 10 12 1 10 12 1 10 12 1 10 10 7 12 1 1 1 10 12 1 1 10 12 1 10 12 1 10 12 1 10 12 100 1 9 12 1 1 9 12 1 10 12 1 1 100 1 9 12 1 9 12 10 12 1 10 12 1 1 10 12 1 1 10 12 1 10 12 1 1 10 12 1 10 12 1 1 10 12 1 1 10 10 7 12 1 1 1 10 12 1 10 12 1 10 12 1 1 10 12 1 10 12 1 1 10 12 1 10 12 1 10 12 1 10 12 1 10 12 1 10 12 1 10 12 1 10 12 1 1 10 12 1 10 12 1 10 12 10 12 1 1 18 12 1 1 100 1 10 100 12 1 1 1 18 10 12 1 1 10 12 1 1 10 12 1 10 12 1 10 12 1 1 10 12 1 10 12 1 1 11 12 1 1 10 12 1 10 12 1 1 10 12 1 10 12 1 10 12 1 10 5 0 10 100 1 8 1 10 10 12 1 1 10 100 12 1 1 1 10 12 1 10 12 1 1 100 1 10 12 100 1 10 100 1 10 10 7 12 1 1 100 1 1 1 1 1 1 1 1 1 1 1 100 1 1 1 1 1 1 1 1 1 1 1 1 1 1 1 1 1 1 1 1 1 1 1 1 1 1 1 1 1 1 1 1 1 1 1 1 1 1 1 1 1 1 1 1 1 1 1 1 1 1 1 1 100 1 1 1 1 1 1 1 1 1 1 1 1 1 1 1 1 1 1 1 1 1 1 1 1 1 1 1 1 1 1 1 1 1 1 1 1 1 1 1 1 1 1 1 1 1 1 1 1 1 1 1 1 1 1 1 1 1 1 1 1 1 1 1 100 1 1 1 1 1 1 100 1 1 1 1 1 1 100 1 1 16 1 15 10 12 16 15 10 12 15 10 100 12 1 1 1 1 1 1 1 100 1 100 1 1
staticfield java/lang/AbstractStringBuilder EMPTYVALUE [B 0
staticfield java/lang/AbstractStringBuilder $assertionsDisabled Z 1
ciInstanceKlass java/lang/StringBuilder 1 1 425 10 7 12 1 1 1 10 12 1 10 12 1 10 12 1 1 10 7 12 1 1 1 10 7 12 1 1 1 10 12 1 10 12 1 10 12 1 10 12 1 10 12 1 10 12 1 10 12 1 10 12 1 10 12 1 10 12 1 10 12 1 10 12 1 10 12 1 10 12 1 1 10 12 1 10 12 1 1 10 12 1 1 10 12 1 10 12 1 10 12 1 10 12 1 10 12 1 10 12 1 10 12 1 10 12 10 12 1 10 12 1 10 12 1 10 12 1 1 10 12 1 10 12 1 10 12 10 12 1 1 10 12 1 10 12 1 10 12 1 1 8 1 10 12 1 10 100 12 1 1 1 9 12 1 1 10 12 1 10 12 1 10 12 1 1 9 12 1 1 10 100 12 1 1 1 10 100 1 10 12 1 1 10 100 12 1 1 10 12 1 10 12 1 1 100 1 100 1 8 1 10 10 12 1 1 10 12 1 10 12 1 10 12 1 1 10 12 1 10 12 1 10 12 1 10 12 1 10 12 1 10 12 10 12 1 10 12 1 10 12 1 10 12 1 10 12 1 10 12 1 10 12 1 10 12 1 10 12 1 1 10 12 1 1 10 12 1 10 12 1 10 12 1 10 12 10 12 10 12 1 10 12 1 10 12 1 10 12 10 12 1 10 12 1 10 12 1 10 12 1 10 12 1 10 12 1 10 12 1 10 12 1 10 12 1 1 10 12 1 10 12 1 1 10 12 1 10 12 1 1 10 12 1 10 12 1 1 10 12 1 10 12 1 10 12 1 10 10 10 12 1 100 1 100 1 100 1 100 1 1 1 1 5 0 1 1 1 1 1 1 1 1 1 1 1 1 1 1 1 1 1 1 1 1 1 1 1 1 1 1 1 1 1 1 1 1 1 1 1 1 1 1 1 1 1 1 1 1 100 1 1 1 100 1 1 1 1 1 1 1 1 1 1 1
ciInstanceKlass java/security/CodeSource 1 1 396 10 7 12 1 1 1 9 7 12 1 1 1 9 12 1 1 9 12 1 1 9 12 1 1 10 7 12 1 1 1 9 12 1 1 10 100 12 1 1 10 100 10 100 12 1 1 1 10 12 1 1 10 12 1 1 100 1 10 10 100 12 1 1 1 10 100 12 1 1 1 10 12 1 1 100 1 10 12 1 1 10 12 1 1 10 12 1 1 10 12 1 10 10 100 1 10 12 1 1 10 100 12 1 1 1 10 12 1 1 10 12 1 10 12 1 8 1 10 12 1 10 12 1 10 12 1 1 10 12 1 8 1 10 12 1 1 10 100 1 10 10 12 1 1 8 1 10 12 1 10 12 1 10 12 1 8 1 8 1 9 12 1 1 100 1 8 1 10 12 1 10 12 1 1 8 1 10 12 1 8 1 8 1 8 1 10 100 12 1 1 10 12 1 1 10 12 1 10 12 1 1 10 12 1 1 10 12 1 1 100 1 100 1 10 12 1 10 12 10 12 1 1 10 100 12 1 1 10 12 1 100 1 10 12 10 100 12 1 1 1 10 8 1 10 12 1 10 12 1 1 100 1 10 12 1 1 100 1 100 1 8 1 8 1 10 10 12 1 1 10 100 12 1 1 1 100 1 10 12 10 12 1 1 11 100 12 1 1 10 10 12 1 11 10 12 1 8 1 100 1 10 12 1 10 12 1 1 10 12 1 11 12 1 1 100 1 1 1 1 5 0 1 1 1 1 1 1 1 1 1 1 1 1 1 1 1 1 1 1 1 1 1 1 1 1 1 1 1 1 1 1 1 1 1 1 1 1 1 1 1 1 1 1 1 1 1 1 1 1 1 1 1 1 1 1 1 1 1 1 1 1 1 1 1 1 1 1 100 1 1 1 1 1 1 1
ciInstanceKlass java/security/ProtectionDomain 1 1 141 10 7 12 1 1 1 9 7 12 1 1 1 9 12 1 1 9 12 1 1 10 7 12 1 1 7 1 9 12 1 9 12 1 1 7 1 9 12 1 1 9 12 1 10 100 12 1 1 10 100 12 1 1 1 10 12 1 1 10 12 1 8 1 100 1 8 1 10 12 1 10 11 12 1 1 10 100 12 1 1 1 10 12 1 1 8 1 11 8 1 10 12 1 8 1 8 1 8 1 10 12 1 8 1 8 1 1 1 1 1 1 1 1 100 1 1 100 1 1 1 1 1 1 1 1 1 1 1 1 1 1 1 1 1 1 1 100 1 1 1
instanceKlass jdk/internal/loader/BuiltinClassLoader
ciInstanceKlass java/security/SecureClassLoader 1 1 99 10 7 12 1 1 1 7 1 10 12 1 9 7 12 1 1 1 10 12 1 10 12 1 10 12 1 1 10 12 1 1 10 12 1 7 1 10 7 1 10 12 1 7 1 10 12 1 11 7 12 1 1 1 7 1 11 12 1 10 12 1 1 1 1 1 1 1 1 1 1 1 1 1 1 1 1 1 1 1 1 1 1 1 1 1 1 1 1 1 1 1 1 1 1 1 1 1 1
ciInstanceKlass java/net/URL 1 1 736 10 7 12 1 1 1 10 12 1 10 7 12 1 1 9 12 1 1 9 12 1 10 12 1 1 9 12 1 1 10 7 12 1 1 1 8 1 10 12 1 1 100 1 10 10 12 1 1 8 1 10 12 1 1 9 12 1 100 1 8 1 10 12 1 10 12 1 8 1 9 12 1 10 12 1 1 9 12 1 10 12 1 10 12 1 9 12 1 9 12 1 8 1 9 12 1 10 12 1 1 8 1 9 12 1 1 10 12 1 1 10 7 12 1 1 1 8 1 10 12 1 7 1 10 12 1 10 12 1 10 12 1 10 12 1 1 10 12 1 1 8 1 10 12 1 1 10 12 1 8 1 9 12 1 8 1 10 12 1 10 7 12 1 1 1 100 1 10 12 1 10 12 1 1 10 7 12 1 1 1 100 1 8 1 10 10 12 1 8 1 10 12 1 1 10 12 1 10 12 1 10 12 1 10 12 1 10 12 1 10 12 1 8 1 10 12 1 8 1 10 10 100 1 10 10 12 1 8 1 10 7 12 1 1 1 10 12 1 9 12 1 1 10 12 1 10 100 12 1 1 1 100 1 10 12 1 10 12 1 10 12 1 10 12 1 10 12 1 10 12 10 10 12 1 8 1 100 1 10 100 12 1 1 1 10 12 1 1 10 12 1 10 12 1 1 8 1 9 100 12 1 1 1 10 100 12 1 1 1 10 12 1 10 12 1 10 7 12 1 1 1 10 12 1 1 10 12 1 9 12 1 1 9 12 1 1 100 1 8 1 10 9 12 1 1 10 7 12 1 1 8 1 10 100 12 1 1 8 1 10 12 1 1 10 12 1 8 1 8 1 10 7 12 1 1 1 100 1 10 100 12 1 1 1 10 12 1 10 12 1 9 100 12 1 1 1 10 100 12 1 1 10 12 1 1 10 12 1 8 1 100 1 10 100 12 1 1 1 10 12 1 1 11 100 12 1 1 11 12 1 10 12 1 10 12 1 8 9 100 12 1 1 1 10 12 1 1 10 12 1 10 12 1 1 10 100 12 1 1 11 7 1 10 12 1 10 12 1 9 12 1 10 12 1 1 10 100 12 1 1 10 100 12 1 1 1 8 10 100 12 1 1 100 1 10 8 8 10 12 1 8 8 8 100 1 10 12 1 9 12 1 1 10 12 1 10 12 1 1 10 12 1 10 12 10 12 1 1 10 12 1 1 10 10 10 12 1 10 12 1 10 12 1 10 12 1 10 12 1 10 10 12 1 100 1 8 1 10 10 10 12 1 1 10 12 1 10 12 1 1 8 1 7 1 10 10 7 1 10 12 1 9 7 12 1 1 1 9 12 1 1 7 1 10 10 7 12 1 1 1 100 1 1 1 1 1 5 0 1 1 1 1 1 1 1 1 1 1 1 1 1 1 1 1 1 1 1 1 1 1 1 1 1 1 1 1 1 1 1 1 1 1 1 1 1 1 1 1 1 1 1 1 1 1 100 1 1 1 1 1 1 1 1 1 1 1 1 1 1 1 1 1 1 1 1 1 1 1 1 1 1 1 1 1 1 1 1 1 1 1 1 100 1 1 1 1 1 1 1 1 1 1 1 1 1 1 1 1 1 1 1 1 1 1 1 100 1 1 1 1 1 1 1 1 1 1 1 1 1 1 1 1 1 1 1
staticfield java/net/URL defaultFactory Ljava/net/URLStreamHandlerFactory; java/net/URL$DefaultFactory
staticfield java/net/URL handlers Ljava/util/Hashtable; java/util/Hashtable
staticfield java/net/URL streamHandlerLock Ljava/lang/Object; java/lang/Object
staticfield java/net/URL serialPersistentFields [Ljava/io/ObjectStreamField; 7 [Ljava/io/ObjectStreamField;
ciInstanceKlass java/util/jar/Manifest 1 1 320 10 7 12 1 1 1 7 1 10 9 7 12 1 1 1 7 1 10 9 12 1 1 9 12 1 1 10 12 1 10 12 1 1 10 12 1 1 10 12 1 1 10 12 1 1 11 7 1 11 12 1 1 10 12 1 1 10 100 12 1 1 1 100 1 100 1 10 8 1 10 12 1 1 10 12 1 1 10 12 1 10 12 1 11 100 1 10 12 1 10 12 1 1 11 12 1 1 10 12 1 11 12 1 1 11 100 12 1 1 1 11 100 12 1 1 11 12 1 1 100 1 10 12 1 8 1 11 12 1 100 1 10 12 1 1 11 12 1 10 12 1 10 12 1 10 9 100 12 1 1 1 10 12 1 1 10 100 12 1 10 12 1 10 12 1 9 100 12 1 1 1 8 1 10 12 1 8 1 8 1 7 1 10 12 1 10 12 1 10 12 1 1 100 1 8 1 10 12 1 1 8 1 10 10 12 1 1 8 1 10 12 1 1 10 100 12 1 1 1 10 12 1 10 11 12 1 1 10 12 1 1 10 100 12 1 1 1 10 12 1 1 10 12 1 10 12 1 1 11 10 12 1 11 10 12 1 100 1 1 1 1 1 1 1 1 1 1 1 1 1 1 1 1 1 1 1 1 1 1 1 1 1 1 1 1 1 1 1 1 1 1 1 100 1 1 1 1 1 1 1 1 1 1 1 1 1 1 100 1 1 1 1 1 1 1 1 1 1 1
ciInstanceKlass java/io/ByteArrayInputStream 1 1 135 10 7 12 1 1 1 9 7 12 1 1 1 9 12 1 1 9 12 1 9 12 1 10 100 12 1 1 1 10 7 12 1 1 1 10 7 12 1 1 1 10 100 12 1 1 1 10 12 1 1 10 100 12 1 1 1 100 1 100 1 100 1 3 10 100 1 10 100 12 1 1 1 9 12 1 1 100 1 10 10 7 12 1 1 1 1 1 1 1 1 1 1 1 1 1 1 1 1 1 1 1 1 1 1 1 1 1 1 1 1 1 1 1 1 1 1 1 100 1 100 1 1 1 1 1 1 1 1 1 1 1 1 1 1
staticfield java/io/ByteArrayInputStream $assertionsDisabled Z 1
instanceKlass java/nio/DoubleBuffer
instanceKlass java/nio/FloatBuffer
instanceKlass java/nio/ShortBuffer
instanceKlass java/nio/IntBuffer
instanceKlass java/nio/CharBuffer
instanceKlass java/nio/LongBuffer
instanceKlass java/nio/ByteBuffer
ciInstanceKlass java/nio/Buffer 1 1 259 100 1 10 7 12 1 1 1 9 7 12 1 1 1 9 12 1 9 12 1 1 9 12 1 9 12 1 1 10 12 1 1 10 12 1 1 10 12 100 1 100 1 10 8 1 10 12 1 1 10 12 1 8 1 8 1 10 12 1 1 10 12 1 8 1 9 12 1 1 100 1 8 1 10 12 1 8 1 8 1 9 12 10 12 1 8 1 8 1 8 1 10 12 1 8 1 8 1 8 1 100 1 10 100 1 10 100 1 10 9 12 1 1 10 7 12 1 1 1 100 1 10 12 1 1 10 12 1 10 100 12 1 1 10 7 12 1 1 1 10 7 12 1 1 1 9 12 1 1 10 7 12 1 1 1 9 12 1 1 7 1 10 10 12 1 1 7 1 10 10 7 12 1 1 1 1 1 3 1 1 1 1 1 1 1 1 1 1 1 1 1 1 100 1 1 1 1 1 1 1 100 1 1 1 1 1 1 1 1 1 1 1 1 1 1 1 1 1 1 1 1 1 1 1 1 1 1 1 1 1 1 1 1 1 1 1 1 1 1 1 1 1 1 100 1 100 1 100 1 100 1 100 1 100 1 100 1 1
staticfield java/nio/Buffer UNSAFE Ljdk/internal/misc/Unsafe; jdk/internal/misc/Unsafe
staticfield java/nio/Buffer SCOPED_MEMORY_ACCESS Ljdk/internal/misc/ScopedMemoryAccess; jdk/internal/misc/ScopedMemoryAccess
staticfield java/nio/Buffer IOOBE_FORMATTER Ljava/util/function/BiFunction; jdk/internal/util/Preconditions$4
staticfield java/nio/Buffer $assertionsDisabled Z 1
ciInstanceKlass java/lang/AssertionStatusDirectives 0 0 24 10 100 12 1 1 1 100 1 1 1 1 1 1 1 1 1 1 1 1 1 1 1 1
instanceKlass com/google/cloud/datastore/core/rep/PropertyPathSegment$Member
instanceKlass jdk/net/UnixDomainPrincipal
instanceKlass java/nio/DirectByteBuffer$Deallocator
instanceKlass sun/util/locale/LanguageTag
instanceKlass java/util/Formatter$FixedString
instanceKlass jdk/internal/classfile/impl/StackCounter$Target
instanceKlass jdk/internal/classfile/impl/StackMapDecoder$StackMapFrameImpl
instanceKlass jdk/internal/classfile/impl/StackMapDecoder$ObjectVerificationTypeInfoImpl
instanceKlass java/lang/reflect/Proxy$ProxyBuilder$ProxyClassContext
instanceKlass java/lang/ClassValue$Version
instanceKlass java/util/stream/Collectors$CollectorImpl
instanceKlass java/lang/invoke/StringConcatFactory$InlineHiddenClassStrategy$MethodHandlePair
instanceKlass java/lang/invoke/MethodHandles$Lookup$ClassDefiner
instanceKlass jdk/internal/classfile/impl/ClassHierarchyImpl$ClassHierarchyInfoImpl
instanceKlass java/lang/classfile/ClassHierarchyResolver$1Factory
instanceKlass jdk/internal/classfile/impl/RawBytecodeHelper$CodeRange
instanceKlass jdk/internal/classfile/impl/StackMapGenerator$Type
instanceKlass jdk/internal/classfile/impl/Util$1WithCodeMethodHandler
instanceKlass jdk/internal/classfile/impl/DirectCodeBuilder$DeferredLabel
instanceKlass java/lang/invoke/InvokerBytecodeGenerator$ClassData
instanceKlass jdk/internal/classfile/impl/AnnotationImpl
instanceKlass java/security/SecureClassLoader$CodeSourceKey
instanceKlass java/util/zip/ZipFile$EntryPos
instanceKlass sun/nio/fs/WindowsPathParser$Result
instanceKlass jdk/internal/reflect/ReflectionFactory$Config
instanceKlass jdk/internal/foreign/abi/UpcallLinker$CallRegs
instanceKlass jdk/internal/foreign/abi/VMStorage
ciInstanceKlass java/lang/Record 1 1 22 10 7 12 1 1 1 100 1 1 1 1 1 1 1 1 1 1 1 1 1 1
ciInstanceKlass java/util/concurrent/ConcurrentHashMap 1 1 1219 100 1 7 1 10 7 12 1 1 1 10 12 1 1 9 12 1 1 3 10 7 12 1 1 1 3 100 1 10 7 12 1 1 1 100 1 10 100 12 1 1 1 100 1 11 12 1 1 11 12 1 11 12 1 1 9 12 1 1 9 12 1 9 12 1 1 10 7 12 1 1 1 7 1 10 12 1 1 10 12 1 1 10 7 12 1 1 1 4 10 12 1 11 7 12 1 1 10 12 1 10 12 1 1 100 1 10 5 0 10 12 1 9 12 1 10 12 1 1 5 0 10 12 1 10 12 1 9 12 1 1 10 12 1 1 9 12 1 9 12 1 1 10 12 1 1 9 12 1 10 12 1 1 9 12 1 1 10 12 1 1 100 1 10 100 1 10 12 1 10 12 1 1 10 12 1 1 10 12 1 1 10 12 1 10 12 1 1 10 12 1 1 100 1 10 12 1 1 7 1 100 1 8 1 10 12 1 10 12 1 1 10 12 1 1 10 10 12 1 11 12 1 1 11 7 12 1 1 1 11 7 12 1 1 1 11 12 1 7 1 11 12 1 11 12 1 10 12 1 1 10 12 1 1 9 12 1 1 10 100 12 1 1 1 9 10 12 1 1 9 12 1 10 12 1 1 5 0 9 12 1 1 7 1 10 12 1 9 12 1 1 7 1 10 12 1 9 12 1 7 1 10 100 1 10 10 12 1 1 8 1 10 12 1 10 12 1 1 11 100 1 10 12 1 10 100 12 1 1 1 8 1 10 100 12 1 1 1 8 1 10 12 1 8 1 10 12 1 10 12 1 1 10 100 12 1 1 10 12 1 10 12 1 10 12 1 9 12 1 9 10 12 1 9 12 1 11 100 12 1 1 1 11 7 12 1 1 1 100 1 10 12 11 100 12 1 1 10 11 7 12 1 10 12 1 100 1 10 12 1 100 1 10 10 9 7 12 1 1 1 3 10 100 12 1 1 9 12 1 10 12 1 1 9 12 1 1 9 12 1 10 12 1 1 10 100 12 1 1 9 12 1 9 7 12 1 1 10 12 1 1 10 12 1 3 9 12 1 9 12 1 10 12 1 1 7 1 9 3 100 1 10 12 1 9 12 1 10 12 1 9 12 1 10 12 1 9 12 1 10 100 12 1 1 1 100 10 12 1 100 1 5 0 10 100 12 1 1 100 1 10 12 1 1 10 12 1 10 12 1 100 1 10 12 1 10 100 1 100 1 10 10 12 1 10 100 1 10 12 1 10 100 1 10 12 1 10 100 1 10 12 1 1 100 1 10 12 1 10 10 12 1 100 1 10 12 1 10 10 12 1 100 1 10 12 1 10 100 1 10 12 1 10 100 1 10 12 1 10 100 1 10 12 1 10 100 1 10 12 1 10 100 1 10 12 1 10 100 1 10 12 1 10 100 1 10 12 1 10 100 1 10 10 100 1 10 10 100 1 10 10 100 1 10 12 1 10 100 1 10 12 1 10 100 1 10 12 1 10 100 1 10 12 1 10 100 1 10 12 1 10 100 1 10 10 100 1 10 10 100 1 10 10 100 1 10 12 1 10 100 1 10 12 1 10 100 1 10 12 1 10 100 1 10 12 1 10 100 1 10 12 1 10 10 12 1 10 12 1 7 1 7 1 10 12 1 9 12 1 1 9 12 1 1 10 12 1 1 8 10 12 1 1 8 8 8 8 7 10 12 1 1 10 12 1 1 100 1 8 1 10 7 1 100 1 100 1 1 1 5 0 1 1 3 1 3 1 1 1 1 3 1 3 1 3 1 1 1 1 1 3 1 3 1 3 1 1 1 1 1 1 1 1 1 1 1 1 1 1 1 1 1 1 1 1 1 1 1 1 1 1 1 100 1 1 1 1 1 1 1 1 1 1 1 1 1 1 1 1 1 1 1 1 1 1 1 1 1 1 1 1 1 1 1 1 1 1 1 1 1 1 1 1 1 1 1 1 1 1 1 1 1 1 1 1 1 1 1 1 1 1 1 1 1 1 1 1 1 1 1 1 1 1 1 1 1 1 1 1 1 1 1 1 1 1 1 1 100 1 1 1 1 1 1 1 1 1 1 1 100 1 1 1 1 1 1 1 1 1 1 1 1 1 1 1 1 1 1 1 1 1 1 1 1 1 1 1 1 1 1 1 1 1 1 1 1 1 1 1 1 1 1 1 1 1 1 1 1 1 1 1 1 1 1 1 1 1 1 1 1 1 1 1 1 1 1 1 1 1 1 1 1 1 1 1 1 1 1 1 1 1 1 1 1 1 1 1 1 1 1 1 1 1 1 1 1 1 1 1 1 1 1 1 1 1 1 1 1 1 1 1 1 1 1 1 1 1 1 1 1 1 1 1 1 1 1 1 1 1 1 1 1 1 1 1 1 1 1 1 1 1 1 1 1 1 1 1 1 1 1 1 1 1 1 1 1 1 1 1 1 1 1 1 1 1 1 1 1 1 1 1 1 1 1 1 1 1 1 1 1 1 1 1 1 1 1 1 1 1 1 1 1 1 1 1 1 1 1 1 1 1 1 1 1 1 1 1 1 1 1 1 1 1 1 1 1 1 1 1 1 1 1 1 100 1 100 1 100 1 100 1 100 1 100 1 100 1 100 1 100 1 1 1 1 1 1 1 1 1 1 1 1 1 1 1 1 1 1 1 1 1 1 1 1 1 1 1 1 1 1 1 1 1 1 1 1 1 1 1 1 1 1 1 1 1 1 1 1 1 1 1 1 1 1 1 1 1 1
staticfield java/util/concurrent/ConcurrentHashMap serialPersistentFields [Ljava/io/ObjectStreamField; 3 [Ljava/io/ObjectStreamField;
staticfield java/util/concurrent/ConcurrentHashMap U Ljdk/internal/misc/Unsafe; jdk/internal/misc/Unsafe
staticfield java/util/concurrent/ConcurrentHashMap SIZECTL J 44
staticfield java/util/concurrent/ConcurrentHashMap TRANSFERINDEX J 56
staticfield java/util/concurrent/ConcurrentHashMap BASECOUNT J 48
staticfield java/util/concurrent/ConcurrentHashMap CELLSBUSY J 60
staticfield java/util/concurrent/ConcurrentHashMap CELLVALUE J 144
staticfield java/util/concurrent/ConcurrentHashMap ABASE J 16
staticfield java/util/concurrent/ConcurrentHashMap ASHIFT I 2
instanceKlass java/util/Collections$SingletonMap
instanceKlass com/google/common/flogger/context/Tags$LightweightTagMap
instanceKlass com/google/protobuf/SmallSortedMap
instanceKlass com/google/common/collect/MapMakerInternalMap
instanceKlass java/util/concurrent/ConcurrentSkipListMap
instanceKlass java/util/TreeMap
instanceKlass java/util/EnumMap
instanceKlass java/util/IdentityHashMap
instanceKlass java/util/WeakHashMap
instanceKlass java/util/Collections$EmptyMap
instanceKlass sun/util/PreHashedMap
instanceKlass java/util/HashMap
instanceKlass java/util/ImmutableCollections$AbstractImmutableMap
instanceKlass java/util/concurrent/ConcurrentHashMap
ciInstanceKlass java/util/AbstractMap 1 1 198 10 7 12 1 1 1 10 7 12 1 1 1 11 7 12 1 1 1 10 11 12 1 1 11 7 12 1 1 1 11 12 1 1 7 1 11 12 1 10 12 1 1 11 12 1 100 1 10 11 12 1 11 7 1 10 12 1 1 11 12 1 9 12 1 1 7 1 10 12 1 9 12 1 1 100 1 10 11 11 12 1 1 11 12 1 100 1 100 1 11 12 1 8 1 100 1 10 10 12 1 1 8 1 10 12 1 10 12 1 1 10 12 1 1 1 1 1 1 1 1 1 1 1 1 1 1 1 1 1 1 1 1 1 1 1 1 1 1 1 1 1 1 1 1 1 1 1 1 1 1 1 1 100 1 1 1 1 1 1 1 100 1 1 1 1 1 1 1 1 1 100 1 1 1 1 1 1 1 1 1 100 1 100 1 100 1 100 1 100 1 1 1 1 1 1 1 1
ciMethod java/util/concurrent/ConcurrentHashMap remove (Ljava/lang/Object;)Ljava/lang/Object; 392 0 196 0 -1
ciInstanceKlass java/util/concurrent/ConcurrentMap 1 1 201 11 100 12 1 1 1 10 100 12 1 1 11 12 1 1 11 100 12 1 1 1 11 100 12 1 1 1 11 12 1 1 100 1 11 12 1 11 12 1 100 1 11 100 12 1 1 1 18 12 1 11 12 1 1 11 100 12 1 1 11 12 1 1 11 100 12 1 11 12 1 1 11 12 1 1 100 1 100 1 1 1 1 1 1 1 1 1 1 1 1 1 1 1 1 1 1 1 1 1 1 1 1 1 1 1 1 1 1 1 1 1 1 1 1 1 1 1 1 1 1 1 1 1 1 1 1 1 1 1 1 1 1 1 1 1 1 1 1 16 15 11 12 15 10 100 12 1 1 1 1 1 100 1 100 1 1 1 100 1 8 1 1 12 10 1 8 1 1 1 8 1 8 1 1 8 1 1 1 8 1 1 1 8 1 1 8 1 8 1 1 1 8 1 1 8 1 1 1 8 1
ciInstanceKlass java/util/Collection 1 1 115 11 7 12 1 1 1 7 1 11 7 12 1 1 1 10 100 12 1 1 1 11 12 1 1 11 100 12 1 1 1 11 12 1 1 11 100 12 1 1 1 11 12 1 1 10 100 12 1 1 1 11 12 1 10 7 12 1 1 1 100 1 100 1 1 1 1 1 1 1 1 1 1 1 1 1 1 1 1 1 1 1 1 1 1 1 1 1 1 1 1 1 1 1 1 1 1 1 1 1 1 1 1 1 1 1 1 1 1 1 1 1 1 1 1
ciInstanceKlass java/util/Deque 1 1 100 10 100 12 1 1 1 11 100 12 1 1 1 100 1 100 1 100 1 1 1 1 1 1 1 1 1 1 1 1 1 1 1 1 1 1 1 1 1 1 1 1 1 1 1 1 1 1 1 1 1 1 1 1 1 1 1 1 1 1 1 1 1 1 1 1 1 1 1 1 1 100 1 8 1 1 12 10 1 1 1 8 1 1 1 8 1 1 1 8 1 1 8 1 1 8 1 1 8 1
instanceKlass com/google/common/collect/MapMakerInternalMap$Segment
instanceKlass jdk/internal/loader/NativeLibraries$CountedLock
instanceKlass java/util/concurrent/ConcurrentHashMap$Segment
ciInstanceKlass java/util/concurrent/locks/ReentrantLock 1 1 177 10 7 12 1 1 1 7 1 10 9 7 12 1 1 1 100 1 10 10 7 12 1 1 10 12 1 10 12 1 1 10 100 12 1 1 1 10 12 1 1 10 12 1 1 10 12 1 1 10 12 1 1 10 12 1 10 12 1 10 12 1 1 10 12 1 10 12 1 1 10 12 1 10 12 1 1 100 1 10 100 1 100 1 8 1 10 12 1 10 12 1 1 10 12 1 1 10 12 1 1 100 1 10 10 12 1 1 10 12 1 1 8 1 8 1 10 100 12 1 1 8 1 10 100 1 100 1 1 1 1 5 0 1 1 1 1 1 1 1 1 1 1 100 1 1 1 1 1 1 1 1 1 1 1 1 1 1 1 1 1 1 1 1 1 100 1 1 1 1 1 1 1 1 100 1 1
ciMethod java/util/concurrent/locks/ReentrantLock lock ()V 324 0 334 0 -1
ciMethod java/util/concurrent/locks/ReentrantLock unlock ()V 324 0 334 0 -1
instanceKlass jdk/internal/loader/ClassLoaders$BootClassLoader
instanceKlass jdk/internal/loader/ClassLoaders$PlatformClassLoader
instanceKlass jdk/internal/loader/ClassLoaders$AppClassLoader
ciInstanceKlass jdk/internal/loader/BuiltinClassLoader 1 1 652 9 7 12 1 1 1 10 7 12 1 1 1 10 7 12 1 1 1 9 12 1 1 9 12 1 1 7 1 10 12 1 9 12 1 10 12 1 9 12 1 10 7 12 1 1 1 10 7 12 1 1 1 10 100 12 1 1 1 11 7 12 1 1 1 100 1 100 1 10 10 12 1 1 8 1 10 12 1 10 12 7 1 10 12 1 10 12 1 1 11 100 12 1 1 1 11 7 12 1 1 1 11 12 1 1 7 1 8 1 8 1 10 9 12 1 1 10 7 12 1 1 11 12 1 1 10 12 1 1 10 12 1 1 10 12 1 1 11 7 12 1 1 1 10 7 12 1 1 100 1 10 100 12 1 1 1 10 7 12 1 1 1 10 12 1 10 12 1 7 1 8 1 10 12 1 1 10 8 1 10 12 1 1 10 12 1 1 10 12 1 1 11 7 12 1 1 11 12 1 7 1 10 11 12 1 1 11 10 12 1 1 7 1 10 12 1 10 7 12 1 10 12 1 11 12 1 1 11 7 1 11 12 1 100 1 10 12 1 1 100 1 100 1 11 12 1 1 10 12 1 10 12 10 12 1 10 7 12 1 1 1 7 1 10 10 12 1 1 10 12 1 1 10 12 1 1 10 12 1 9 12 1 1 100 1 10 10 12 1 1 10 12 1 1 10 12 1 10 12 10 12 1 1 10 12 1 1 10 12 1 1 10 12 1 10 12 1 1 10 12 1 1 10 12 1 10 12 1 1 10 12 1 7 1 10 12 10 7 12 1 1 1 10 12 1 11 12 1 7 1 10 12 1 7 1 100 1 10 12 1 10 12 1 11 12 1 1 10 12 1 1 10 12 1 1 10 12 1 1 10 12 1 1 10 12 1 10 12 1 10 12 1 10 12 1 8 1 10 12 1 1 10 7 12 1 1 10 12 1 100 1 8 1 8 1 10 10 12 1 8 1 8 1 10 7 12 1 1 1 11 7 12 1 1 1 9 7 12 1 1 1 10 7 12 1 1 1 9 12 1 9 12 1 9 12 1 9 12 1 9 12 1 9 12 1 10 7 12 1 1 1 8 1 10 12 1 7 1 10 11 12 1 1 10 12 10 12 1 10 12 1 100 1 10 12 1 10 12 1 11 11 12 1 10 7 12 1 1 10 7 12 1 1 8 1 10 7 12 1 1 10 12 1 1 1 1 1 1 1 1 1 1 1 1 1 1 1 1 1 1 1 1 1 1 1 1 1 1 1 1 1 1 1 1 1 1 1 1 1 1 1 1 1 1 1 1 1 1 1 1 1 1 1 1 1 1 1 100 1 1 1 1 1 1 1 1 1 1 1 1 1 100 1 100 1 1 1 1 1 1 1 1 1 1 1 1 1 1 1 1 1 1 1 1 1 1 1 1 1 1 1 1 1 1 1 1 1 1 1 1 1 1 1 1 1 1 1 1 1 1 1 100 1 1 1 100 1 1 1 1 1
staticfield jdk/internal/loader/BuiltinClassLoader packageToModule Ljava/util/Map; java/util/concurrent/ConcurrentHashMap
staticfield jdk/internal/loader/BuiltinClassLoader $assertionsDisabled Z 1
ciInstanceKlass jdk/internal/loader/ClassLoaders$AppClassLoader 1 1 57 8 1 10 7 12 1 1 1 10 100 12 1 1 1 10 12 1 1 10 7 12 1 1 1 100 1 10 12 1 1 1 1 1 1 1 1 1 1 1 1 1 1 1 1 1 1 1 1 1 1 1 1 100 1 1 1
ciInstanceKlass jdk/internal/loader/ClassLoaders$PlatformClassLoader 1 1 42 8 1 10 7 12 1 1 1 10 7 12 1 1 1 100 1 10 12 1 100 1 1 1 1 1 1 1 1 1 1 1 1 1 1 100 1 1 1 100 1 1
ciInstanceKlass java/lang/ArithmeticException 1 1 26 10 100 12 1 1 1 10 12 1 100 1 1 1 1 5 0 1 1 1 1 1 1 1 1 1
instanceKlass java/lang/CloneNotSupportedException
instanceKlass java/security/PrivilegedActionException
instanceKlass io/gapi/emulators/util/ResetException
instanceKlass com/google/protobuf/Descriptors$DescriptorValidationException
instanceKlass io/grpc/StatusException
instanceKlass javax/naming/NamingException
instanceKlass io/grpc/internal/AutoConfiguredLoadBalancerFactory$PolicyException
instanceKlass io/opencensus/trace/propagation/SpanContextParseException
instanceKlass java/text/ParseException
instanceKlass io/opencensus/tags/propagation/TagContextSerializationException
instanceKlass com/google/common/collect/RegularImmutableMap$BucketOverflowException
instanceKlass com/google/common/flags/FlagException
instanceKlass sun/security/pkcs11/wrapper/PKCS11Exception
instanceKlass java/security/GeneralSecurityException
instanceKlass java/util/concurrent/TimeoutException
instanceKlass java/util/concurrent/ExecutionException
instanceKlass java/net/URISyntaxException
instanceKlass java/lang/InterruptedException
instanceKlass com/google/cloud/datastore/core/exception/DatastoreException
instanceKlass java/io/IOException
instanceKlass java/lang/ReflectiveOperationException
instanceKlass java/lang/RuntimeException
ciInstanceKlass java/lang/Exception 1 1 40 10 7 12 1 1 1 10 12 1 10 12 1 10 12 1 10 12 1 100 1 1 1 1 5 0 1 1 1 1 1 1 1 1 1 1 1 1 1 1
instanceKlass com/google/gson/JsonParseException
instanceKlass io/netty/handler/codec/http/websocketx/WebSocketHandshakeException
instanceKlass io/netty/handler/codec/CodecException
instanceKlass java/util/ConcurrentModificationException
instanceKlass com/google/common/flogger/parser/ParseException
instanceKlass sun/net/httpserver/HttpError
instanceKlass com/google/common/base/VerifyException
instanceKlass io/grpc/StatusRuntimeException
instanceKlass com/google/re2j/PatternSyntaxException
instanceKlass java/lang/MatchException
instanceKlass com/google/common/flags/MalformedFlagDescriptionException
instanceKlass java/nio/BufferOverflowException
instanceKlass com/google/io/base/IORuntimeException
instanceKlass java/security/ProviderException
instanceKlass io/netty/channel/ChannelException
instanceKlass java/util/concurrent/RejectedExecutionException
instanceKlass java/util/NoSuchElementException
instanceKlass java/nio/BufferUnderflowException
instanceKlass java/io/UncheckedIOException
instanceKlass com/google/protobuf/UninitializedMessageException
instanceKlass com/google/protobuf/RuntimeVersion$ProtobufRuntimeVersionException
instanceKlass java/lang/UnsupportedOperationException
instanceKlass java/lang/reflect/UndeclaredThrowableException
instanceKlass com/beust/jcommander/ParameterException
instanceKlass java/lang/SecurityException
instanceKlass java/lang/IllegalStateException
instanceKlass com/google/common/flogger/backend/LoggingException
instanceKlass java/lang/IllegalArgumentException
instanceKlass java/lang/IndexOutOfBoundsException
instanceKlass java/lang/ArithmeticException
instanceKlass java/lang/NullPointerException
instanceKlass java/lang/IllegalCallerException
instanceKlass java/lang/IllegalMonitorStateException
instanceKlass java/lang/ArrayStoreException
instanceKlass java/lang/ClassCastException
ciInstanceKlass java/lang/RuntimeException 1 1 40 10 7 12 1 1 1 10 12 1 10 12 1 10 12 1 10 12 1 100 1 1 1 1 5 0 1 1 1 1 1 1 1 1 1 1 1 1 1 1
ciInstanceKlass java/lang/ArrayIndexOutOfBoundsException 1 1 45 10 100 12 1 1 1 10 12 1 100 1 10 8 1 10 12 1 1 10 12 1 10 12 1 1 100 1 1 1 1 5 0 1 1 1 1 1 1 1 1 1 1 1 1
ciInstanceKlass java/lang/ArrayStoreException 1 1 26 10 100 12 1 1 1 10 12 1 100 1 1 1 1 5 0 1 1 1 1 1 1 1 1 1
ciInstanceKlass java/lang/ClassCastException 1 1 26 10 100 12 1 1 1 10 12 1 100 1 1 1 1 5 0 1 1 1 1 1 1 1 1 1
ciInstanceKlass java/lang/ClassNotFoundException 1 1 96 7 1 10 7 12 1 1 1 10 12 1 10 12 1 1 10 100 12 1 1 1 8 1 10 100 12 1 1 1 10 7 12 1 1 10 100 12 1 1 1 10 100 12 1 1 1 10 12 1 1 7 1 10 12 1 9 12 1 1 1 1 1 5 0 1 1 1 1 1 1 1 1 1 1 1 1 1 1 1 1 1 1 100 1 1 1 1 1 1 1 1 1 1 1 1
staticfield java/lang/ClassNotFoundException serialPersistentFields [Ljava/io/ObjectStreamField; 1 [Ljava/io/ObjectStreamField;
instanceKlass java/lang/NoSuchFieldException
instanceKlass java/lang/NoSuchMethodException
instanceKlass java/lang/reflect/InvocationTargetException
instanceKlass java/lang/InstantiationException
instanceKlass java/lang/IllegalAccessException
instanceKlass java/lang/ClassNotFoundException
ciInstanceKlass java/lang/ReflectiveOperationException 1 1 34 10 7 12 1 1 1 10 12 1 10 12 1 10 12 1 100 1 1 1 1 5 0 1 1 1 1 1 1 1 1 1 1 1
ciInstanceKlass java/lang/IllegalCallerException 0 0 35 10 100 12 1 1 1 10 12 1 10 12 1 10 12 1 100 1 1 1 1 5 0 1 1 1 1 1 1 1 1 1 1 1 1
ciInstanceKlass java/lang/IllegalMonitorStateException 1 1 26 10 100 12 1 1 1 10 12 1 100 1 1 1 1 5 0 1 1 1 1 1 1 1 1 1
ciInstanceKlass java/lang/BootstrapMethodError 0 0 45 10 100 12 1 1 1 10 12 1 10 12 1 10 100 12 1 1 1 10 100 12 1 1 1 1 1 1 5 0 1 1 1 1 1 1 1 1 1 1 1 100 1 1 1
instanceKlass io/netty/util/Signal
instanceKlass java/util/ServiceConfigurationError
instanceKlass java/lang/AssertionError
instanceKlass java/lang/VirtualMachineError
instanceKlass java/lang/LinkageError
ciInstanceKlass java/lang/Error 1 1 58 10 7 12 1 1 1 9 12 1 1 10 100 12 1 1 1 10 100 12 1 1 1 10 12 1 10 12 1 10 12 1 10 12 1 100 1 1 1 1 5 0 1 1 1 1 1 1 1 1 100 1 1 1 1 1 1 1
instanceKlass java/lang/UnsatisfiedLinkError
instanceKlass java/lang/IncompatibleClassChangeError
instanceKlass java/lang/ExceptionInInitializerError
instanceKlass java/lang/BootstrapMethodError
instanceKlass java/lang/NoClassDefFoundError
ciInstanceKlass java/lang/LinkageError 1 1 31 10 7 12 1 1 1 10 12 1 10 12 1 100 1 1 1 1 5 0 1 1 1 1 1 1 1 1 1 1 1
ciInstanceKlass java/lang/NullPointerException 1 1 52 10 100 12 1 1 1 10 12 1 9 100 12 1 1 1 10 12 1 1 9 12 1 1 10 12 1 1 10 12 1 1 1 1 5 0 1 1 1 1 1 1 1 1 100 1 100 1 100 1 1 1
ciInstanceKlass java/lang/InternalError 1 1 34 10 100 12 1 1 1 10 12 1 10 12 1 10 12 1 100 1 1 1 1 5 0 1 1 1 1 1 1 1 1 1 1 1
instanceKlass java/lang/StackOverflowError
instanceKlass java/lang/OutOfMemoryError
instanceKlass java/lang/InternalError
ciInstanceKlass java/lang/VirtualMachineError 1 1 34 10 100 12 1 1 1 10 12 1 10 12 1 10 12 1 100 1 1 1 1 5 0 1 1 1 1 1 1 1 1 1 1 1
ciInstanceKlass java/lang/NoClassDefFoundError 1 1 26 10 7 12 1 1 1 10 12 1 100 1 1 1 1 5 0 1 1 1 1 1 1 1 1 1
instanceKlass io/netty/util/internal/OutOfDirectMemoryError
ciInstanceKlass java/lang/OutOfMemoryError 1 1 26 10 100 12 1 1 1 10 12 1 100 1 1 1 1 5 0 1 1 1 1 1 1 1 1 1
ciInstanceKlass java/lang/StackOverflowError 1 1 26 10 100 12 1 1 1 10 12 1 100 1 1 1 1 5 0 1 1 1 1 1 1 1 1 1
ciInstanceKlass java/lang/StackTraceElement 1 1 235 10 7 12 1 1 1 10 7 12 1 1 9 12 1 1 9 12 1 1 9 12 1 9 12 1 8 1 10 7 12 1 1 1 7 1 9 12 1 8 1 9 12 1 9 12 1 9 12 1 1 10 12 1 1 10 12 1 8 1 10 100 12 1 1 1 100 1 10 12 1 10 12 1 1 10 12 1 10 12 1 1 10 12 1 10 12 1 10 10 12 1 8 1 10 12 1 10 12 1 1 10 12 1 1 10 12 1 10 12 1 10 12 1 9 12 1 1 10 7 12 1 1 1 10 12 1 1 7 1 10 12 1 1 10 7 12 1 1 10 7 12 1 1 1 10 7 12 1 1 10 7 12 1 1 10 10 12 1 1 10 12 1 1 10 12 1 1 10 12 1 100 1 1 1 1 1 1 1 3 1 3 1 1 5 0 1 1 1 1 1 1 1 1 1 1 1 1 1 1 1 1 1 1 1 1 1 1 1 1 1 1 1 1 1 100 1 100 1 1 1 1 1 1 1 100 1 1 1 1 1 1 1 1 1
instanceKlass java/util/concurrent/locks/AbstractQueuedSynchronizer
ciInstanceKlass java/util/concurrent/locks/AbstractOwnableSynchronizer 1 1 32 10 7 12 1 1 1 9 7 12 1 1 1 100 1 1 1 1 5 0 1 1 1 1 1 1 1 1 1 1 1 1
ciInstanceKlass jdk/internal/vm/Continuation 1 1 551 9 7 12 1 1 1 9 12 1 9 12 1 9 12 1 100 1 100 1 10 12 1 1 8 1 10 12 1 1 10 12 1 10 12 1 1 10 12 1 9 7 12 1 1 1 11 100 12 1 1 1 10 100 1 9 12 1 1 9 12 1 1 10 8 1 10 12 1 9 12 1 1 10 11 12 1 1 100 1 10 100 12 1 1 1 10 12 1 1 10 12 1 10 12 1 1 11 12 1 1 9 12 1 1 10 12 1 1 18 12 1 1 10 100 12 1 1 1 100 1 10 12 1 11 100 12 1 1 1 10 12 1 9 12 1 10 12 1 1 100 1 8 1 10 12 1 10 12 1 1 9 12 1 1 11 12 1 1 9 12 1 1 8 1 10 11 12 1 1 11 12 1 1 10 12 1 1 10 12 1 1 9 12 1 10 12 1 10 10 12 1 8 1 10 12 1 8 1 8 1 10 7 12 1 1 1 10 100 12 1 1 1 10 12 1 9 12 1 11 12 1 100 1 10 12 1 10 12 1 1 9 12 1 1 100 1 10 12 1 1 9 12 1 1 10 12 1 10 12 1 11 100 12 1 1 10 7 1 10 12 1 8 1 10 12 1 1 9 12 1 1 10 7 12 1 1 8 1 8 1 8 1 8 1 10 12 1 1 10 12 1 10 12 1 10 12 1 10 12 1 1 10 12 1 1 8 1 9 12 1 10 12 1 1 9 12 1 1 10 12 1 1 9 12 1 8 1 10 100 12 1 1 1 10 12 1 8 1 100 1 8 1 10 9 12 1 1 8 1 10 100 12 1 1 10 100 12 1 1 8 1 8 1 10 12 10 12 1 1 10 100 1 10 100 12 1 1 1 18 11 100 12 1 1 1 18 12 1 11 12 1 1 100 1 10 7 12 1 1 10 12 1 1 8 10 12 1 1 10 7 12 1 1 1 10 7 12 1 1 10 12 1 8 1 10 12 1 100 1 100 1 10 12 1 1 1 1 1 1 1 1 1 1 1 1 1 1 1 1 1 1 1 1 1 1 1 1 1 1 1 1 1 1 1 1 1 1 1 1 1 1 1 1 1 1 1 1 1 1 1 1 1 1 1 1 1 1 1 1 1 1 1 1 1 1 1 1 1 1 1 1 1 1 1 1 1 1 1 1 100 1 1 16 1 15 10 12 16 15 11 100 12 1 1 1 16 1 16 1 15 10 12 16 15 10 100 12 1 1 1 1 1 1 1 1 100 1 100 1 1
staticfield jdk/internal/vm/Continuation U Ljdk/internal/misc/Unsafe; jdk/internal/misc/Unsafe
staticfield jdk/internal/vm/Continuation MOUNTED_OFFSET J 13
staticfield jdk/internal/vm/Continuation PRESERVE_SCOPED_VALUE_CACHE Z 1
staticfield jdk/internal/vm/Continuation JLA Ljdk/internal/access/JavaLangAccess; java/lang/System$1
staticfield jdk/internal/vm/Continuation $assertionsDisabled Z 1
ciInstanceKlass jdk/internal/misc/UnsafeConstants 1 1 34 10 100 12 1 1 1 9 7 12 1 1 1 9 12 1 9 12 1 1 9 12 1 9 12 1 1 1 1 1 1 1 1 1
staticfield jdk/internal/misc/UnsafeConstants ADDRESS_SIZE0 I 8
staticfield jdk/internal/misc/UnsafeConstants PAGE_SIZE I 4096
staticfield jdk/internal/misc/UnsafeConstants BIG_ENDIAN Z 0
staticfield jdk/internal/misc/UnsafeConstants UNALIGNED_ACCESS Z 1
staticfield jdk/internal/misc/UnsafeConstants DATA_CACHE_LINE_FLUSH_SIZE I 0
ciInstanceKlass java/lang/invoke/MethodHandleImpl 1 1 1424 10 7 12 1 1 1 7 1 10 7 12 1 1 1 10 7 12 1 1 1 100 1 10 8 1 10 12 1 1 10 12 1 10 12 1 1 10 7 12 1 1 1 9 100 12 1 1 1 10 100 12 1 1 1 100 1 10 12 1 1 10 12 1 1 10 12 1 1 10 7 12 1 1 1 9 7 12 1 1 1 10 7 12 1 1 1 100 1 10 9 12 1 1 9 12 1 10 12 1 1 10 12 1 10 12 1 1 10 12 1 1 10 12 1 1 8 1 8 1 10 12 1 1 10 12 1 1 10 12 1 1 10 12 1 1 10 12 1 10 12 1 1 10 7 12 1 1 1 10 12 1 7 1 10 7 12 1 1 1 10 12 1 1 10 12 1 1 11 7 12 1 1 1 11 7 12 1 1 11 12 1 1 7 1 11 12 1 10 12 1 1 10 12 1 1 11 12 1 10 7 12 1 1 10 12 1 1 10 7 12 1 1 10 12 1 10 12 1 1 10 7 12 1 1 1 10 7 12 1 1 1 10 12 1 1 10 12 1 1 9 7 12 1 1 1 10 10 12 1 1 10 12 1 1 10 10 12 1 1 10 12 1 1 10 7 12 1 1 1 10 12 1 1 10 12 1 10 12 1 10 7 12 1 1 1 10 7 12 1 1 1 10 12 1 1 10 12 1 10 12 1 10 12 1 10 12 1 1 10 12 1 10 12 1 1 10 12 1 10 12 1 8 1 100 1 10 12 1 10 12 1 1 10 12 1 10 12 1 1 10 12 1 1 7 1 10 12 1 100 1 8 1 10 12 1 10 100 12 1 1 1 8 1 10 12 1 10 100 12 1 1 1 100 1 9 7 1 10 12 1 1 10 12 1 1 9 12 1 10 12 1 1 10 7 12 1 1 10 12 1 1 10 12 1 1 10 12 1 10 12 1 7 1 10 12 1 1 9 12 1 1 10 12 1 9 7 12 1 1 1 11 7 12 1 1 7 1 9 12 1 7 1 10 12 1 10 12 1 1 7 1 10 12 1 1 10 12 1 1 10 7 12 1 1 1 10 12 1 1 10 12 1 10 12 1 1 10 12 1 10 12 1 1 10 12 1 7 1 9 7 12 1 1 1 10 12 1 10 12 1 9 7 12 1 1 1 10 12 1 1 10 12 1 1 10 12 1 10 100 12 1 1 10 100 12 1 1 1 9 12 1 10 12 1 9 12 10 12 1 10 12 1 10 12 1 10 12 1 1 10 12 1 10 12 1 1 10 12 1 10 12 1 1 10 12 1 1 10 12 1 1 10 12 1 10 12 1 10 12 1 1 10 12 1 10 100 12 1 1 10 12 1 10 100 12 1 1 8 1 10 8 1 100 1 10 9 12 1 100 1 10 12 1 8 1 10 10 12 1 10 10 12 1 1 10 12 1 1 10 12 1 10 12 1 100 1 8 1 10 12 1 10 100 12 1 1 1 10 12 1 1 10 12 1 10 12 1 100 1 10 12 1 10 12 1 10 12 1 1 7 1 10 12 1 10 7 12 1 1 10 12 1 9 12 1 10 12 1 1 10 12 1 1 100 1 10 10 12 1 8 1 8 1 9 12 1 8 1 8 1 8 1 9 12 1 10 12 1 1 9 12 1 1 10 12 1 8 1 9 7 1 10 12 1 1 10 12 1 8 1 8 1 8 1 100 1 100 1 8 8 1 8 1 100 1 8 1 100 1 10 12 1 7 1 10 10 7 12 1 1 1 10 12 1 10 12 10 12 1 10 12 1 11 100 12 1 1 1 18 12 1 11 100 12 1 1 1 18 18 12 1 11 12 1 1 10 12 1 1 10 12 1 10 12 1 11 12 1 9 12 1 9 12 10 10 12 1 1 9 12 1 1 11 12 1 1 18 12 1 1 11 12 1 1 11 12 1 1 10 12 1 11 100 1 10 12 1 10 12 1 10 12 1 9 12 1 9 12 10 12 1 10 100 12 1 1 1 10 12 1 10 12 1 1 10 12 1 10 12 9 12 1 1 10 12 1 10 12 1 1 9 12 1 9 12 1 10 12 1 10 12 1 1 10 12 1 100 1 10 12 1 9 12 1 1 11 100 1 9 12 1 9 12 11 12 1 9 12 1 10 12 10 12 1 1 10 12 1 1 9 100 12 1 1 10 12 1 10 12 1 10 12 1 1 100 1 10 12 1 10 12 1 1 100 1 10 12 1 1 10 12 1 1 100 1 10 12 1 1 10 12 1 1 10 12 1 10 12 1 10 12 1 9 12 1 10 12 1 10 12 1 1 9 7 12 1 1 1 8 10 12 1 1 8 1 10 12 1 8 1 8 1 8 1 8 1 8 1 8 1 100 1 8 1 8 1 10 12 1 9 12 1 10 12 1 1 1 1 1 3 1 1 3 1 3 1 3 1 3 1 3 1 3 1 3 1 3 1 1 1 1 1 1 1 1 1 3 1 3 1 1 1 1 1 1 1 1 1 1 1 1 1 1 1 1 1 1 1 1 1 1 1 1 1 1 1 1 1 1 1 1 1 1 1 1 1 1 1 1 1 1 1 1 1 1 1 1 1 1 1 1 1 1 1 1 1 1 1 1 1 1 1 1 1 1 1 1 1 1 1 1 1 1 1 1 1 1 1 1 1 1 1 1 1 1 1 1 1 1 1 1 1 1 1 1 1 1 1 1 1 1 1 100 1 1 1 1 1 1 1 1 1 1 1 1 1 1 1 1 1 1 1 1 1 1 1 1 1 1 1 1 1 1 1 1 1 1 1 1 1 1 1 1 1 1 1 1 1 1 1 1 1 1 1 1 1 1 1 1 1 1 1 1 1 1 1 1 1 1 1 1 1 1 1 1 1 1 1 1 1 1 1 1 1 1 1 1 1 1 1 1 1 1 1 1 1 1 1 1 1 1 1 1 1 1 1 1 1 1 1 1 1 1 1 1 1 1 1 1 1 1 1 1 1 1 1 1 1 1 1 1 1 1 1 1 1 1 1 1 1 1 1 1 1 1 1 1 1 1 1 1 1 1 1 1 1 1 1 1 1 1 1 1 1 1 1 1 1 1 1 1 1 100 1 100 1 100 1 100 1 100 1 100 1 100 1 1 16 15 10 12 16 15 16 16 1 15 10 12 16 16 15 10 12 16 15 10 100 12 1 1 1 1 1 1 1 1 1 1 1 1 1 1 1 1 1 1 1 1 1 1 1 1
staticfield java/lang/invoke/MethodHandleImpl ARRAYS [Ljava/lang/invoke/MethodHandle; 256 [Ljava/lang/invoke/MethodHandle;
staticfield java/lang/invoke/MethodHandleImpl NFS [Ljava/lang/invoke/LambdaForm$NamedFunction; 7 [Ljava/lang/invoke/LambdaForm$NamedFunction;
staticfield java/lang/invoke/MethodHandleImpl HANDLES [Ljava/lang/invoke/MethodHandle; 9 [Ljava/lang/invoke/MethodHandle;
staticfield java/lang/invoke/MethodHandleImpl $assertionsDisabled Z 1
instanceKlass java/lang/invoke/DelegatingMethodHandle
instanceKlass java/lang/invoke/BoundMethodHandle
instanceKlass java/lang/invoke/DirectMethodHandle
ciInstanceKlass java/lang/invoke/MethodHandle 1 1 734 100 1 9 7 12 1 1 1 10 7 12 1 1 1 10 7 12 1 1 1 7 1 7 1 10 12 1 1 9 12 1 1 10 12 1 10 12 1 1 10 12 1 1 10 100 12 1 1 1 10 12 1 1 10 12 1 1 11 100 12 1 1 1 10 12 1 1 10 12 1 10 12 1 9 12 1 1 9 12 1 1 10 100 12 1 1 1 10 12 1 10 12 1 1 10 12 1 10 12 1 100 1 100 1 10 8 1 10 12 1 1 10 12 1 8 1 10 12 1 1 10 12 1 10 7 12 1 1 1 10 12 1 1 10 12 1 1 10 12 1 1 10 7 12 1 1 1 10 12 1 1 10 12 1 1 10 12 1 10 12 1 1 10 100 12 1 1 10 7 12 1 1 10 12 1 10 12 1 10 12 1 1 10 12 1 1 10 12 1 1 10 12 1 1 10 7 12 1 1 1 10 7 12 1 1 1 10 12 1 1 10 12 1 1 10 12 1 1 8 1 10 7 12 1 1 1 8 1 10 12 1 10 12 1 1 10 12 1 1 10 12 1 8 1 10 12 1 1 8 1 10 12 1 8 1 10 100 12 1 1 1 9 12 1 1 100 1 10 9 100 12 1 1 1 9 100 1 8 1 10 12 1 1 10 12 1 10 12 1 1 10 12 1 10 12 1 1 10 12 1 10 12 1 1 10 12 1 10 12 1 1 10 12 1 1 8 1 10 12 1 1 8 1 10 12 1 10 12 1 1 10 12 1 10 12 1 10 12 1 1 9 100 12 1 1 1 10 12 1 1 11 12 1 10 12 1 10 12 1 1 10 100 12 1 1 100 1 11 12 1 10 100 1 11 12 1 100 1 10 12 1 11 12 1 9 100 12 1 1 1 11 12 1 1 11 100 12 1 1 1 10 12 1 1 9 12 1 11 12 1 9 12 1 9 12 1 9 12 1 11 12 1 1 9 12 1 9 12 1 9 12 1 9 12 1 9 12 1 9 12 1 9 12 1 8 1 10 12 1 10 12 1 8 1 10 12 1 10 12 1 10 12 1 1 10 10 10 7 12 1 1 10 12 1 1 100 1 100 1 8 1 8 1 10 10 12 1 1 10 12 1 10 12 1 100 1 10 100 12 1 1 1 10 9 7 12 1 1 1 10 12 1 1 10 12 1 1 8 1 8 1 10 100 12 1 1 9 12 1 9 12 1 1 9 12 1 1 10 12 1 100 1 10 12 1 10 12 1 1 9 12 1 1 9 12 1 1 10 7 12 1 1 1 11 100 12 1 1 9 12 1 10 12 1 1 9 12 1 10 12 1 8 10 12 1 1 8 1 1 1 1 1 1 1 1 100 1 1 1 1 1 1 1 1 1 1 1 1 1 1 1 1 1 1 1 1 1 1 1 1 1 1 1 1 1 1 1 1 100 1 1 1 1 1 1 1 1 1 1 1 1 1 1 1 1 1 1 1 1 1 1 1 1 1 1 1 1 1 1 1 1 1 1 1 1 1 1 1 1 1 1 1 1 1 1 1 1 1 1 1 1 1 1 1 1 1 1 1 1 1 1 1 1 1 1 1 1 1 1 1 1 1 1 1 1 1 1 1 1 1 1 1 1 1 1 100 1 1 100 1 100 1 100 1 1 100 1 1 100 1 1 1 1
staticfield java/lang/invoke/MethodHandle FORM_OFFSET J 20
staticfield java/lang/invoke/MethodHandle UPDATE_OFFSET J 13
staticfield java/lang/invoke/MethodHandle $assertionsDisabled Z 1
ciInstanceKlass java/lang/invoke/MethodType 1 1 724 7 1 10 7 12 1 1 1 9 12 1 1 9 12 1 1 9 12 1 1 10 7 12 1 1 1 9 7 12 1 1 8 1 10 100 12 1 1 1 9 7 1 9 7 1 10 12 1 1 100 1 10 8 1 10 12 1 1 10 12 1 10 12 1 1 100 1 8 1 10 12 1 100 1 10 10 12 1 10 12 1 1 10 12 1 1 11 7 12 1 1 1 9 12 1 11 12 1 1 7 10 12 1 1 10 12 1 1 7 1 7 1 10 7 12 1 1 1 10 12 1 10 12 1 9 12 1 1 10 7 12 1 1 10 12 1 1 10 7 12 1 1 1 10 7 12 1 1 1 10 12 1 9 12 1 1 10 12 1 1 10 12 1 1 10 12 1 1 10 12 1 1 10 12 1 1 10 12 1 10 12 1 10 12 1 1 10 12 1 8 1 8 1 10 12 1 1 9 12 1 1 100 1 10 10 12 1 1 10 12 1 10 12 1 1 10 12 1 1 10 12 1 10 12 1 10 12 1 8 1 10 12 1 1 10 100 12 1 1 1 10 12 1 10 12 1 1 10 12 1 10 12 1 10 12 1 1 10 12 1 10 12 1 9 12 1 10 12 1 10 10 12 1 1 10 12 1 9 12 1 1 10 12 1 1 11 12 1 1 10 12 1 1 10 12 1 10 12 1 100 1 8 1 8 1 8 1 10 12 1 10 12 1 10 12 1 1 10 10 12 1 11 12 1 1 11 12 1 10 100 12 1 1 1 9 12 1 10 12 1 10 12 1 1 10 12 1 1 10 12 1 10 12 1 10 100 12 1 1 1 10 12 1 1 10 12 1 10 12 1 10 12 1 10 9 12 1 1 7 1 10 12 1 10 100 12 1 1 1 10 12 1 1 10 100 12 1 1 1 10 12 1 1 8 1 10 100 12 1 1 1 11 12 1 1 9 12 1 1 10 12 1 1 10 12 1 10 12 1 1 10 12 1 1 10 100 12 1 1 10 12 1 10 12 100 1 11 100 12 1 1 10 12 1 11 12 1 10 100 12 1 1 10 12 1 1 10 12 1 1 9 12 1 1 9 100 12 1 1 1 10 100 12 1 1 1 9 12 1 10 100 12 1 1 10 12 1 100 10 12 1 10 12 1 1 10 12 1 7 1 10 10 12 1 1 7 1 7 1 9 12 1 1 100 1 100 1 100 1 1 1 5 0 1 1 1 1 1 1 1 3 1 3 1 3 1 1 1 1 1 1 1 1 1 1 1 1 1 1 1 1 1 1 1 1 1 1 1 1 1 1 1 1 1 1 1 1 1 1 1 1 1 1 1 1 1 1 1 1 1 1 1 1 1 1 1 1 1 1 1 1 1 1 1 1 1 1 1 1 1 1 1 1 1 1 1 1 1 1 1 1 1 1 1 1 1 1 1 1 1 1 1 1 1 1 1 1 1 1 1 1 1 1 1 1 1 1 1 1 1 1 1 1 1 1 1 1 1 1 1 1 1 1 1 1 1 1 1 1 1 1 1 1 100 1 100 1 1 1 1 1 1 1 1 1 1 1 1 1 100 1 1 1 1 100 1 1 1 100 1 1 1 1 1 1 1 1 1 1 1 1 1 1 1 1 1 1 100 1 1 100 1 1
staticfield java/lang/invoke/MethodType internTable Ljdk/internal/util/ReferencedKeySet; jdk/internal/util/ReferencedKeySet
staticfield java/lang/invoke/MethodType NO_PTYPES [Ljava/lang/Class; 0 [Ljava/lang/Class;
staticfield java/lang/invoke/MethodType objectOnlyTypes [Ljava/lang/invoke/MethodType; 20 [Ljava/lang/invoke/MethodType;
staticfield java/lang/invoke/MethodType METHOD_HANDLE_ARRAY [Ljava/lang/Class; 1 [Ljava/lang/Class;
staticfield java/lang/invoke/MethodType serialPersistentFields [Ljava/io/ObjectStreamField; 0 [Ljava/io/ObjectStreamField;
staticfield java/lang/invoke/MethodType $assertionsDisabled Z 1
ciInstanceKlass java/lang/invoke/TypeDescriptor$OfMethod 1 0 43 100 1 100 1 100 1 1 1 1 1 1 1 1 1 1 1 1 1 1 1 1 1 1 1 1 1 1 1 1 1 1 1 1 1 1 1 1 1 1 100 1 1
instanceKlass io/netty/channel/embedded/EmbeddedChannel$State
instanceKlass io/netty/handler/codec/compression/ZlibWrapper
instanceKlass com/google/gson/Strictness
instanceKlass io/netty/handler/codec/http/websocketx/WebSocketServerProtocolHandler$ServerHandshakeStateEvent
instanceKlass io/netty/handler/codec/http/websocketx/WebSocket08FrameDecoder$State
instanceKlass io/netty/handler/codec/http/websocketx/WebSocketVersion
instanceKlass io/netty/buffer/PoolArena$SizeClass
instanceKlass io/netty/handler/codec/http/HttpStatusClass
instanceKlass io/netty/handler/codec/http/HttpObjectDecoder$State
instanceKlass com/google/common/base/StandardSystemProperty
instanceKlass java/time/format/TextStyle
instanceKlass java/time/format/ResolverStyle
instanceKlass java/time/format/SignStyle
instanceKlass java/time/format/DateTimeFormatterBuilder$SettingsParser
instanceKlass java/time/temporal/JulianFields$Field
instanceKlass java/time/temporal/IsoFields$Unit
instanceKlass java/time/temporal/IsoFields$Field
instanceKlass java/time/temporal/ChronoField
instanceKlass java/time/zone/ZoneOffsetTransitionRule$TimeDefinition
instanceKlass java/time/DayOfWeek
instanceKlass java/time/Month
instanceKlass sun/util/logging/PlatformLogger$Level
instanceKlass com/google/common/flogger/backend/FormatType
instanceKlass com/google/common/flogger/backend/FormatChar
instanceKlass com/google/protobuf/ProtobufToStringOutput$OutputMode
instanceKlass com/google/common/flogger/context/Tags$Type
instanceKlass io/netty/channel/DefaultChannelPipeline$AddStrategy
instanceKlass java/lang/System$Logger$Level
instanceKlass com/google/firestore/v1beta1/ListCollectionIdsRequest$ConsistencySelectorCase
instanceKlass com/google/firestore/v1beta1/PartitionQueryRequest$QueryTypeCase
instanceKlass com/google/firestore/v1beta1/PartitionQueryRequest$ConsistencySelectorCase
instanceKlass com/google/firestore/v1beta1/RunAggregationQueryRequest$QueryTypeCase
instanceKlass com/google/firestore/v1beta1/RunAggregationQueryRequest$ConsistencySelectorCase
instanceKlass com/google/firestore/v1beta1/ExecutePipelineRequest$PipelineTypeCase
instanceKlass com/google/firestore/v1beta1/ExecutePipelineRequest$ConsistencySelectorCase
instanceKlass com/google/firestore/v1beta1/RunQueryRequest$QueryTypeCase
instanceKlass com/google/firestore/v1beta1/RunQueryRequest$ConsistencySelectorCase
instanceKlass com/google/firestore/v1beta1/BatchGetDocumentsRequest$ConsistencySelectorCase
instanceKlass com/google/firestore/v1beta1/GetOrListDocumentsRequest$ConsistencySelectorCase
instanceKlass com/google/firestore/v1/ListCollectionIdsRequest$ConsistencySelectorCase
instanceKlass com/google/firestore/v1/PartitionQueryRequest$QueryTypeCase
instanceKlass com/google/firestore/v1/PartitionQueryRequest$ConsistencySelectorCase
instanceKlass com/google/firestore/v1/RunAggregationQueryRequest$QueryTypeCase
instanceKlass com/google/firestore/v1/RunAggregationQueryRequest$ConsistencySelectorCase
instanceKlass com/google/firestore/v1/ExecutePipelineRequest$PipelineTypeCase
instanceKlass com/google/firestore/v1/ExecutePipelineRequest$ConsistencySelectorCase
instanceKlass com/google/firestore/v1/RunQueryRequest$QueryTypeCase
instanceKlass com/google/firestore/v1/RunQueryRequest$ConsistencySelectorCase
instanceKlass com/google/firestore/v1/BatchGetDocumentsRequest$ConsistencySelectorCase
instanceKlass com/google/firestore/v1/GetOrListDocumentsRequest$ConsistencySelectorCase
instanceKlass com/google/datastore/v1/CommitRequest$TransactionSelectorCase
instanceKlass com/google/datastore/v1/CommitRequest$Mode
instanceKlass com/google/datastore/v1/RunAggregationQueryRequest$QueryTypeCase
instanceKlass com/google/datastore/v1/RunQueryRequest$QueryTypeCase
instanceKlass io/gapi/gax/protobuf/PathTemplate$SegmentKind
instanceKlass com/google/common/base/AbstractIterator$State
instanceKlass io/gapi/emulators/protobuf/HttpConfig$HttpKind
instanceKlass com/google/api/HttpRule$PatternCase
instanceKlass com/google/protobuf/DescriptorProtos$MethodOptions$LogLevel
instanceKlass com/google/protobuf/DescriptorProtos$MethodOptions$IdempotencyLevel
instanceKlass com/google/protobuf/DescriptorProtos$MethodOptions$Format
instanceKlass com/google/protobuf/DescriptorProtos$MethodOptions$SecurityLevel
instanceKlass com/google/protobuf/DescriptorProtos$MethodOptions$Protocol
instanceKlass io/grpc/stub/ClientCalls$StubType
instanceKlass com/google/protobuf/WireFormat$Utf8Validation
instanceKlass com/google/net/proto2/contrib/annotatedfingerprint/FingerprintingAnnotations$RepeatedFieldRule
instanceKlass com/google/net/proto2/contrib/annotatedfingerprint/FingerprintingAnnotations$FieldRule
instanceKlass com/google/api/FieldBehavior
instanceKlass com/google/protos/datapol/SemanticAnnotations$DataFormat
instanceKlass com/google/protos/datapol/SemanticAnnotations$SemanticType
instanceKlass com/google/protobuf/DescriptorProtos$MethodOptions$TokenUnit
instanceKlass com/google/protobuf/DescriptorProtos$FieldOptions$CType
instanceKlass com/google/protobuf/Proto1FeaturesProto$Proto1Features$NestInFileClassFeature$NestInFileClass
instanceKlass com/google/protobuf/JavaFeaturesProto$JavaFeatures$NestInFileClassFeature$NestInFileClass
instanceKlass com/google/protobuf/JavaFeaturesProto$JavaFeatures$Utf8Validation
instanceKlass com/google/protobuf/DescriptorProtos$FeatureSet$VisibilityFeature$DefaultSymbolVisibility
instanceKlass com/google/protobuf/DescriptorProtos$FeatureSet$EnforceNamingStyle
instanceKlass com/google/protobuf/DescriptorProtos$FeatureSet$JsonFormat
instanceKlass com/google/protobuf/DescriptorProtos$FeatureSet$MessageEncoding
instanceKlass com/google/protobuf/DescriptorProtos$FeatureSet$Utf8Validation
instanceKlass com/google/protobuf/DescriptorProtos$FeatureSet$RepeatedFieldEncoding
instanceKlass com/google/protobuf/DescriptorProtos$FeatureSet$EnumType
instanceKlass com/google/protobuf/DescriptorProtos$FeatureSet$FieldPresence
instanceKlass com/google/protobuf/TextFormat$Parser$SingularOverwritePolicy
instanceKlass com/google/protobuf/Descriptors$FileDescriptorTables$SearchFilter
instanceKlass com/google/protobuf/Descriptors$FieldDescriptor$JavaType
instanceKlass com/google/protobuf/Descriptors$FieldDescriptor$Type
instanceKlass com/google/protobuf/WireFormat$JavaType
instanceKlass com/google/protobuf/WireFormat$FieldType
instanceKlass com/google/protobuf/DescriptorProtos$FileOptions$OptimizeMode
instanceKlass com/google/protobuf/DescriptorProtos$Edition
instanceKlass com/google/protobuf/DescriptorProtos$FieldOptions$OptionTargetType
instanceKlass com/google/protobuf/DescriptorProtos$FieldOptions$OptionRetention
instanceKlass com/google/protobuf/DescriptorProtos$FieldDescriptorProto$Type
instanceKlass com/google/protobuf/DescriptorProtos$FieldDescriptorProto$Label
instanceKlass io/grpc/internal/DnsNameResolver$JdkAddressResolver
instanceKlass io/grpc/grpclb/GrpclbState$Mode
instanceKlass io/grpc/InternalChannelz$ChannelTrace$Event$Severity
instanceKlass io/grpc/internal/ManagedChannelImpl$ResolutionState
instanceKlass io/grpc/ConnectivityState
instanceKlass java/lang/invoke/MethodHandleImpl$ArrayAccess
instanceKlass io/grpc/TlsServerCredentials$Feature
instanceKlass io/grpc/TlsChannelCredentials$Feature
instanceKlass java/util/Comparators$NaturalOrderComparator
instanceKlass io/grpc/netty/NegotiationType
instanceKlass io/netty/channel/socket/InternetProtocolFamily
instanceKlass io/grpc/netty/Utils$EventLoopGroupType
instanceKlass io/grpc/Status$Code
instanceKlass io/grpc/MethodDescriptor$MethodType
instanceKlass com/google/firestore/v1/StructuredQuery$UnaryFilter$Operator
instanceKlass java/math/RoundingMode
instanceKlass com/google/firestore/v1/StructuredQuery$FieldFilter$Operator
instanceKlass com/google/re2j/Regexp$Op
instanceKlass com/google/cloud/datastore/core/rep/SpecialPropertyDescriptor
instanceKlass com/google/cloud/datastore/core/rep/ReservedName
instanceKlass com/google/common/collect/MapMakerInternalMap$Strength
instanceKlass com/google/common/flags/Flags$ParseState
instanceKlass com/google/io/protocol/ProtocolMessage$PrintFlag
instanceKlass com/google/cloud/datastore/internal/InternalHeader$ApiVersion
instanceKlass jdk/internal/util/OperatingSystem
instanceKlass java/net/StandardProtocolFamily
instanceKlass java/security/DrbgParameters$Capability
instanceKlass sun/security/util/KnownOIDs
instanceKlass java/security/Security$SecPropLoader$LoadingMode
instanceKlass java/util/Locale$Category
instanceKlass java/lang/StackStreamFactory$WalkerState
instanceKlass java/lang/StackWalker$ExtendedOption
instanceKlass java/lang/StackWalker$Option
instanceKlass sun/misc/Unsafe$MemoryAccessOption
instanceKlass java/time/temporal/ChronoUnit
instanceKlass com/google/common/hash/Hashing$ChecksumType
instanceKlass com/google/common/hash/Hashing$Crc32CSupplier
instanceKlass com/google/cloud/datastore/util/leveldb/LevelDBLogRecordUtil$RecordType
instanceKlass com/google/common/base/Functions$IdentityFunction
instanceKlass com/google/common/time/SystemTimeSource
instanceKlass com/google/protobuf/Extension$ExtensionType
instanceKlass sun/util/locale/provider/LocaleProviderAdapter$Type
instanceKlass com/google/protobuf/RuntimeVersion$RuntimeDomain
instanceKlass java/lang/classfile/attribute/StackMapFrameInfo$SimpleVerificationTypeInfo
instanceKlass java/lang/reflect/ProxyGenerator$PrimitiveTypeInfo
instanceKlass java/lang/classfile/ClassFile$StackMapsOption
instanceKlass java/lang/reflect/AccessFlag$Location
instanceKlass java/lang/reflect/AccessFlag
instanceKlass java/lang/module/ModuleDescriptor$Modifier
instanceKlass java/lang/annotation/RetentionPolicy
instanceKlass java/util/stream/Collector$Characteristics
instanceKlass io/netty/util/ResourceLeakDetector$Level
instanceKlass jdk/internal/logger/BootstrapLogger$LoggingBackend
instanceKlass java/util/stream/MatchOps$MatchKind
instanceKlass java/util/stream/StreamShape
instanceKlass java/util/stream/StreamOpFlag$Type
instanceKlass java/util/stream/StreamOpFlag
instanceKlass java/lang/classfile/Opcode$Kind
instanceKlass java/lang/classfile/Opcode
instanceKlass com/google/common/flogger/backend/google/SimpleCustomFormatter$Flag
instanceKlass com/google/common/flogger/StackSize
instanceKlass java/util/regex/Pattern$Qtype
instanceKlass java/lang/invoke/VarHandle$AccessType
instanceKlass java/lang/invoke/VarHandle$AccessMode
instanceKlass java/lang/invoke/MethodHandleImpl$Intrinsic
instanceKlass java/lang/classfile/AttributeMapper$AttributeStability
instanceKlass jdk/internal/classfile/impl/AbstractPoolEntry$Utf8EntryImpl$State
instanceKlass java/lang/classfile/TypeKind
instanceKlass java/lang/invoke/LambdaForm$BasicType
instanceKlass java/lang/invoke/LambdaForm$Kind
instanceKlass java/lang/constant/DirectMethodHandleDesc$Kind
instanceKlass sun/invoke/util/Wrapper
instanceKlass com/google/cloud/datastore/emulator/impl/ProductMode
instanceKlass java/util/concurrent/TimeUnit
instanceKlass java/nio/file/LinkOption
instanceKlass sun/nio/fs/WindowsPathType
instanceKlass java/nio/file/StandardOpenOption
instanceKlass jdk/internal/vm/Continuation$Pinned
instanceKlass java/io/File$PathStatus
instanceKlass jdk/internal/module/ModuleBootstrap$IllegalNativeAccess
instanceKlass java/lang/reflect/ClassFileFormatVersion
instanceKlass java/lang/Thread$State
instanceKlass java/lang/module/ModuleDescriptor$Requires$Modifier
ciInstanceKlass java/lang/Enum 1 1 204 9 7 12 1 1 1 9 12 1 1 10 7 12 1 1 1 9 12 1 10 7 12 1 1 1 100 1 10 10 12 1 1 10 12 1 100 1 10 10 7 12 1 1 10 12 1 1 18 12 1 1 10 100 12 1 1 1 10 12 1 1 11 7 12 1 1 1 100 1 8 1 10 12 1 100 1 100 1 10 8 1 10 12 1 1 10 12 1 1 8 1 10 12 1 10 100 1 8 1 10 10 12 1 1 10 100 12 1 1 1 100 1 100 1 100 1 1 1 1 1 1 1 1 1 1 1 1 1 1 1 1 1 1 1 1 1 1 1 1 1 1 1 1 1 1 1 1 1 1 1 1 1 1 1 1 1 1 1 1 1 1 1 3 1 1 1 1 100 1 100 1 1 100 1 1 1 1 1 1 1 1 1 1 1 16 15 10 12 16 15 10 100 12 1 1 1 1 1 100 1 100 1 1
ciInstanceKlass java/lang/invoke/LambdaForm 1 1 1030 7 1 100 1 10 7 12 1 1 1 9 12 1 1 9 12 1 9 12 1 9 12 1 1 9 12 1 1 9 12 1 1 9 12 1 1 9 12 1 1 9 12 1 10 7 12 1 1 9 12 1 10 12 1 1 100 1 10 10 12 1 1 10 12 1 10 12 1 10 12 1 1 10 12 1 9 12 1 9 12 1 10 12 1 1 9 7 12 1 1 1 9 7 12 1 1 9 12 1 1 10 12 1 9 12 1 10 100 12 1 1 1 10 12 1 1 100 1 10 12 1 1 9 7 12 1 1 1 10 100 12 1 1 1 10 12 1 10 12 1 1 7 1 10 12 1 10 12 1 10 12 1 1 10 12 1 1 10 12 1 10 12 1 10 12 1 10 12 1 10 12 1 1 8 1 10 12 1 10 12 1 10 10 12 1 8 1 8 1 9 12 1 9 12 1 1 10 12 1 1 9 12 1 1 10 7 12 1 1 1 10 12 1 1 10 12 1 10 12 1 1 10 12 1 7 1 10 12 1 10 100 12 1 1 1 9 12 1 10 12 1 8 1 8 1 8 1 8 1 8 1 8 1 8 1 8 1 10 12 1 9 12 1 7 1 10 12 1 1 9 12 1 1 10 12 1 1 10 12 1 1 10 12 10 12 1 10 12 1 1 10 12 1 1 10 12 1 1 10 10 12 1 1 10 12 1 1 7 1 8 1 10 12 1 1 10 12 1 10 12 1 1 10 8 1 10 12 1 1 8 1 8 1 8 1 10 12 1 10 12 1 10 12 1 1 10 100 12 1 1 1 10 7 12 1 1 1 10 12 1 1 9 12 1 1 8 1 10 100 12 1 1 1 10 7 12 1 1 10 12 1 10 12 1 1 10 12 1 1 9 12 1 8 10 12 1 1 100 1 10 12 1 1 10 12 1 9 7 12 1 1 9 100 12 1 1 1 8 1 10 100 12 1 1 10 12 1 1 100 1 100 1 10 10 12 1 1 10 12 1 1 8 1 8 1 100 1 8 1 10 12 10 12 1 10 12 1 10 12 1 10 12 1 1 9 100 12 1 1 10 12 1 8 1 8 1 10 12 1 10 12 1 1 8 1 8 1 8 1 100 1 8 1 100 1 8 1 100 1 8 1 10 12 1 8 1 9 10 100 12 1 1 1 10 12 1 9 12 1 1 10 12 1 10 10 12 1 10 12 1 10 12 1 10 12 1 1 10 12 1 10 12 1 1 10 12 1 1 10 12 1 1 10 12 1 1 8 1 100 10 12 1 10 12 1 9 12 1 1 10 7 12 1 1 8 1 8 1 100 1 8 1 8 1 8 1 8 1 8 1 8 1 8 1 8 1 10 12 1 1 10 12 1 1 10 12 1 10 12 1 10 12 1 10 12 1 8 1 8 1 8 1 10 12 1 8 1 10 12 1 8 1 8 1 8 1 8 1 8 1 10 12 1 10 12 1 10 12 1 1 10 7 12 1 1 1 10 12 1 10 12 1 10 12 1 10 12 1 10 12 1 9 12 1 1 8 1 10 12 1 1 9 12 1 9 12 1 1 10 12 1 1 9 12 1 1 9 12 1 10 12 1 1 9 12 1 1 7 1 10 7 12 1 1 1 9 7 12 1 1 1 10 7 12 1 1 1 10 12 1 1 10 12 1 1 10 12 1 9 12 1 10 12 1 9 12 1 10 12 1 10 12 1 8 1 10 12 1 9 12 1 1 7 1 10 7 12 1 1 1 100 1 10 12 1 9 12 1 10 12 1 10 12 1 10 12 1 1 10 12 1 9 7 12 1 1 10 12 1 1 10 12 1 10 12 1 9 12 1 9 9 12 1 7 9 12 1 1 10 12 1 1 9 12 1 10 12 1 10 7 1 9 1 1 1 1 3 1 3 1 1 3 1 3 1 1 1 1 1 1 1 1 1 1 1 1 1 1 1 1 1 1 1 1 1 1 1 1 1 1 1 1 1 1 1 1 1 1 1 1 1 1 1 1 1 1 1 1 1 100 1 1 1 1 1 1 1 1 1 1 1 1 1 1 1 1 1 1 1 1 1 1 1 1 1 1 1 1 1 1 1 1 1 1 1 1 1 1 1 1 1 1 1 1 1 1 1 1 1 1 1 1 1 1 1 1 1 1 1 1 1 1 1 1 1 1 1 100 1 1 1 1 1 1 1 1 1 1 1 1 1 1 1 1 1 1 1 1 1 1 1 1 1 1 1 1 1 1 1 1 1 1 1 1 100 1 1 1 1 1 1 1 1 1 1 1 1 1 1 100 1 1 1 100 1 1 100 1 1 1 1 1 1 1 1 1 1 1 1
staticfield java/lang/invoke/LambdaForm DEFAULT_CUSTOMIZED Ljava/lang/invoke/MethodHandle; 
staticfield java/lang/invoke/LambdaForm DEFAULT_KIND Ljava/lang/invoke/LambdaForm$Kind; java/lang/invoke/LambdaForm$Kind
staticfield java/lang/invoke/LambdaForm COMPILE_THRESHOLD I 0
staticfield java/lang/invoke/LambdaForm INTERNED_ARGUMENTS [[Ljava/lang/invoke/LambdaForm$Name; 5 [[Ljava/lang/invoke/LambdaForm$Name;
staticfield java/lang/invoke/LambdaForm IMPL_NAMES Ljava/lang/invoke/MemberName$Factory; java/lang/invoke/MemberName$Factory
staticfield java/lang/invoke/LambdaForm LF_identity [Ljava/lang/invoke/LambdaForm; 6 [Ljava/lang/invoke/LambdaForm;
staticfield java/lang/invoke/LambdaForm NF_identity [Ljava/lang/invoke/LambdaForm$NamedFunction; 6 [Ljava/lang/invoke/LambdaForm$NamedFunction;
staticfield java/lang/invoke/LambdaForm LF_constant [Ljava/lang/invoke/LambdaForm; 5 [Ljava/lang/invoke/LambdaForm;
staticfield java/lang/invoke/LambdaForm createIdentityFormLock Ljava/lang/Object; java/lang/Object
staticfield java/lang/invoke/LambdaForm DEBUG_NAME_COUNTERS Ljava/util/HashMap; 
staticfield java/lang/invoke/LambdaForm DEBUG_NAMES Ljava/util/HashMap; 
staticfield java/lang/invoke/LambdaForm TRACE_INTERPRETER Z 0
staticfield java/lang/invoke/LambdaForm $assertionsDisabled Z 1
instanceKlass jdk/internal/reflect/DirectMethodHandleAccessor
ciInstanceKlass jdk/internal/reflect/MethodAccessorImpl 1 1 38 10 7 12 1 1 1 10 100 12 1 1 1 100 1 1 1 1 1 1 1 100 1 100 1 1 1 1 1 1 1 1 1 1 1 1 1 1
ciInstanceKlass jdk/internal/reflect/MethodAccessor 1 0 17 100 1 100 1 1 1 1 100 1 100 1 1 1 1 1 1
ciInstanceKlass jdk/internal/reflect/CallerSensitive 0 0 17 100 1 100 1 100 1 1 1 1 1 1 1 1 1 1 1
ciInstanceKlass jdk/internal/reflect/DirectConstructorHandleAccessor$NativeAccessor 1 1 44 10 7 12 1 1 1 9 7 12 1 1 1 10 12 1 1 1 1 1 1 1 1 1 1 1 1 1 1 1 1 1 100 1 100 1 1 1 1 1 100 1 1 1
ciInstanceKlass jdk/internal/reflect/ConstructorAccessor 1 0 16 100 1 100 1 1 1 1 100 1 100 1 100 1 1 1
instanceKlass jdk/internal/reflect/DirectConstructorHandleAccessor
instanceKlass jdk/internal/reflect/DirectConstructorHandleAccessor$NativeAccessor
ciInstanceKlass jdk/internal/reflect/ConstructorAccessorImpl 1 1 27 10 7 12 1 1 1 100 1 100 1 1 1 1 1 1 1 1 1 100 1 100 1 100 1 1 1
ciInstanceKlass jdk/internal/reflect/ConstantPool 1 1 142 10 100 12 1 1 1 9 7 12 1 1 1 10 12 1 1 10 12 1 1 10 12 1 10 12 1 1 10 12 1 1 10 12 1 10 12 1 1 10 12 1 10 12 1 1 10 12 1 10 12 1 10 12 1 10 12 1 1 10 12 1 1 10 12 1 1 10 12 1 1 10 12 1 10 12 1 1 10 100 12 1 1 1 8 11 7 12 1 1 1 10 7 12 1 1 1 1 1 1 1 1 1 1 1 1 1 1 1 1 1 1 1 1 1 1 1 1 1 1 1 1 1 1 1 1 1 1 1 1 1 1 1 1 1 1 1 1 1 1 1 1
instanceKlass java/lang/invoke/VolatileCallSite
instanceKlass java/lang/invoke/MutableCallSite
instanceKlass java/lang/invoke/ConstantCallSite
ciInstanceKlass java/lang/invoke/CallSite 1 1 297 10 7 12 1 1 1 10 7 12 1 1 1 9 12 1 1 10 7 12 1 1 1 10 12 1 100 1 10 12 1 1 10 12 1 1 9 100 12 1 1 1 10 100 12 1 1 10 12 1 1 100 1 100 1 10 10 100 12 1 1 1 10 12 1 1 8 1 10 12 1 10 12 1 1 10 12 1 10 12 1 1 10 12 1 1 10 10 100 12 1 1 10 12 1 1 9 12 1 9 100 12 1 1 1 8 1 10 7 12 1 1 1 10 12 1 1 100 1 10 12 1 1 9 12 1 8 1 100 1 10 12 1 10 12 1 100 1 8 1 10 10 12 1 10 12 1 1 100 1 10 12 1 1 10 12 1 10 12 1 10 12 1 1 10 12 1 1 9 12 1 1 8 10 12 1 1 9 12 1 1 100 1 10 10 12 1 10 100 12 1 1 1 10 12 1 1 10 12 1 1 10 12 1 10 7 12 1 1 1 100 1 8 1 10 10 12 10 12 1 1 100 1 100 1 100 1 8 1 10 12 1 10 7 12 1 1 1 1 1 1 1 1 1 1 1 1 1 1 1 1 1 1 1 1 1 1 1 1 1 1 1 1 1 1 1 1 1 1 1 1 1 1 1 1 1 1 1 1 1 1 1 1 1 1 1 1 1 1 1 1 100 1 100 1 1 1
staticfield java/lang/invoke/CallSite $assertionsDisabled Z 1
ciInstanceKlass java/lang/invoke/ConstantCallSite 1 1 65 10 7 12 1 1 1 9 7 12 1 1 1 9 12 1 1 10 7 12 1 1 1 10 12 1 100 1 10 12 9 12 1 1 100 1 10 10 12 1 1 10 12 1 1 1 1 1 1 1 1 1 1 1 1 1 100 1 1 1 1 1 1 1 1
staticfield java/lang/invoke/ConstantCallSite UNSAFE Ljdk/internal/misc/Unsafe; jdk/internal/misc/Unsafe
instanceKlass java/lang/invoke/DirectMethodHandle$StaticAccessor
instanceKlass java/lang/invoke/DirectMethodHandle$Interface
instanceKlass java/lang/invoke/DirectMethodHandle$Accessor
instanceKlass java/lang/invoke/DirectMethodHandle$Constructor
ciInstanceKlass java/lang/invoke/DirectMethodHandle 1 1 929 7 1 100 1 7 1 7 1 10 7 12 1 1 1 10 7 12 1 1 1 100 1 10 12 1 10 12 1 1 10 7 12 1 1 10 12 1 1 10 12 1 10 12 1 7 1 10 12 1 1 10 12 1 1 10 12 1 10 12 1 1 10 7 12 1 1 1 10 12 1 9 7 12 1 1 1 100 1 10 9 12 1 1 9 12 1 10 12 1 10 12 1 10 12 1 1 10 12 1 10 12 1 10 12 1 10 7 12 1 1 1 10 12 1 10 12 1 1 8 1 10 12 1 1 100 1 10 12 1 7 1 10 10 12 1 10 12 1 10 12 1 10 7 12 1 1 1 10 12 1 1 7 1 10 12 1 10 12 1 7 1 10 12 1 10 12 1 1 10 12 1 1 10 12 8 10 7 12 1 1 1 10 12 1 10 12 1 10 12 1 1 10 12 1 9 7 12 1 1 1 7 1 10 12 1 10 7 12 1 1 1 10 12 1 10 12 1 1 9 12 1 1 7 1 10 8 1 10 12 1 1 10 12 1 1 8 1 10 12 1 10 12 1 10 10 12 1 10 12 1 10 12 1 10 12 1 10 12 1 1 10 12 1 10 12 1 10 12 1 1 10 10 7 12 1 1 1 10 12 1 10 12 1 1 10 12 1 10 12 1 1 8 1 9 7 12 1 1 1 8 1 9 12 1 9 12 1 8 1 9 12 1 9 12 1 8 1 9 12 1 9 12 1 8 1 10 12 1 10 12 1 1 10 7 12 1 1 1 10 12 1 10 12 1 1 9 12 1 1 7 1 10 12 1 1 100 1 10 7 12 1 1 1 10 12 1 1 10 12 1 1 7 1 10 12 1 1 10 12 1 10 12 1 1 7 1 10 12 1 1 10 12 1 10 12 1 10 12 1 1 10 12 1 9 12 1 1 10 7 1 9 12 1 10 12 1 7 1 7 1 7 1 10 7 12 1 1 1 9 12 1 1 10 7 12 1 1 1 10 7 12 1 1 10 12 10 12 1 100 1 10 12 1 10 12 1 1 8 1 9 12 1 9 12 1 10 12 1 1 9 12 1 1 10 7 12 1 1 1 9 12 1 1 9 12 1 1 10 12 1 10 12 1 10 12 1 10 12 1 1 10 12 1 9 12 1 9 12 1 10 12 1 10 12 1 10 12 1 10 12 1 1 10 12 1 1 9 12 1 1 10 12 1 1 9 7 12 1 1 1 9 12 1 9 12 1 9 12 1 9 12 1 9 12 1 9 12 1 9 12 1 9 12 1 9 12 1 9 12 1 9 12 1 9 12 1 9 12 1 9 12 1 9 12 1 9 12 1 9 12 1 9 12 1 9 12 1 9 12 1 9 12 1 9 12 1 9 12 1 9 12 1 100 1 10 12 1 8 1 8 1 8 1 8 1 8 1 8 1 8 1 8 1 8 1 10 12 1 10 12 1 8 1 8 1 8 1 9 12 1 1 9 12 1 1 10 12 1 10 12 1 1 10 12 1 1 9 7 1 10 12 1 10 12 10 12 1 10 12 1 10 12 1 10 8 1 8 1 8 1 8 1 10 12 1 1 9 12 1 1 10 12 1 10 100 12 1 1 1 8 9 12 1 1 10 12 1 1 8 1 8 8 9 12 1 8 1 8 8 8 8 8 1 8 10 12 1 7 1 10 12 1 8 1 8 1 10 12 1 10 12 1 10 12 1 9 12 1 10 12 1 1 7 1 1 1 1 3 1 3 1 3 1 3 1 3 1 3 1 3 1 3 1 1 1 1 1 1 1 1 1 1 3 1 3 1 3 1 1 3 1 3 1 1 1 1 1 1 1 1 1 1 1 1 1 1 1 1 1 1 1 1 1 1 1 1 1 1 1 1 1 1 1 1 1 1 1 1 1 1 1 1 1 1 1 1 1 1 1 1 1 1 1 1 1 1 1 1 1 1 1 1 1 1 100 1 1 1 1 1 1 1 1 1 100 1 1 1 1 1 1 1 1 1 1 1 1 1 1 1 1 1 1 1 1 1 1 1 1 1 1 1 1 1 1 1 1 1 1 1 1 1 1 1 1 1 1 1 1 1 1 1 1 1 1 1 1 1
staticfield java/lang/invoke/DirectMethodHandle IMPL_NAMES Ljava/lang/invoke/MemberName$Factory; java/lang/invoke/MemberName$Factory
staticfield java/lang/invoke/DirectMethodHandle FT_UNCHECKED_REF I 8
staticfield java/lang/invoke/DirectMethodHandle FT_CHECKED_REF I 9
staticfield java/lang/invoke/DirectMethodHandle ACCESSOR_FORMS [Ljava/lang/invoke/LambdaForm; 120 [Ljava/lang/invoke/LambdaForm;
staticfield java/lang/invoke/DirectMethodHandle ALL_WRAPPERS [Lsun/invoke/util/Wrapper; 10 [Lsun/invoke/util/Wrapper;
staticfield java/lang/invoke/DirectMethodHandle NFS [Ljava/lang/invoke/LambdaForm$NamedFunction; 12 [Ljava/lang/invoke/LambdaForm$NamedFunction;
staticfield java/lang/invoke/DirectMethodHandle OBJ_OBJ_TYPE Ljava/lang/invoke/MethodType; java/lang/invoke/MethodType
staticfield java/lang/invoke/DirectMethodHandle LONG_OBJ_TYPE Ljava/lang/invoke/MethodType; java/lang/invoke/MethodType
staticfield java/lang/invoke/DirectMethodHandle $assertionsDisabled Z 1
ciInstanceKlass java/lang/invoke/MutableCallSite 0 0 61 10 100 12 1 1 1 10 12 1 9 100 12 1 1 1 10 12 1 10 12 1 1 9 100 12 1 1 1 10 100 12 1 1 1 10 100 12 1 1 1 1 1 1 1 1 1 1 1 1 1 1 1 1 1 1 1 1 100 1 1
ciInstanceKlass java/lang/invoke/VolatileCallSite 0 0 37 10 100 12 1 1 1 10 12 1 10 100 12 1 1 1 10 12 1 10 12 1 1 1 1 1 1 1 1 1 1 1 1 1 1 1 1
instanceKlass java/lang/invoke/VarHandleByteArrayAsDoubles$ByteArrayViewVarHandle
instanceKlass java/lang/invoke/VarHandleByteArrayAsFloats$ByteArrayViewVarHandle
instanceKlass java/lang/invoke/VarHandleByteArrayAsChars$ByteArrayViewVarHandle
instanceKlass java/lang/invoke/VarHandleByteArrayAsShorts$ByteArrayViewVarHandle
instanceKlass java/lang/invoke/VarHandleLongs$FieldInstanceReadOnly
instanceKlass java/lang/invoke/VarHandleReferences$Array
instanceKlass java/lang/invoke/VarHandleByteArrayAsLongs$ByteArrayViewVarHandle
instanceKlass java/lang/invoke/VarHandleByteArrayAsInts$ByteArrayViewVarHandle
instanceKlass java/lang/invoke/VarHandleBooleans$FieldInstanceReadOnly
instanceKlass java/lang/invoke/VarHandleReferences$FieldInstanceReadOnly
instanceKlass java/lang/invoke/VarHandleInts$FieldInstanceReadOnly
ciInstanceKlass java/lang/invoke/VarHandle 1 1 474 10 7 12 1 1 1 10 7 12 1 1 9 12 1 1 9 12 1 1 10 12 1 1 8 1 10 12 1 1 10 7 12 1 1 1 10 12 1 1 10 100 12 1 1 1 9 100 12 1 1 1 10 12 1 1 10 7 12 1 1 1 10 12 1 1 9 12 1 10 12 1 9 12 1 1 10 7 12 1 1 10 12 1 9 7 12 1 1 1 9 12 1 1 10 12 1 1 100 1 100 1 10 8 1 10 12 1 1 10 12 1 8 1 10 12 1 10 12 1 9 12 1 1 9 12 1 10 12 1 10 12 1 1 10 12 1 10 10 100 12 1 1 1 10 12 1 1 10 12 1 1 10 100 12 1 1 1 10 100 12 1 1 1 10 100 12 1 1 1 9 12 1 1 9 10 12 1 10 12 1 1 10 12 1 1 10 12 1 10 100 12 1 1 1 9 12 1 1 10 12 1 1 9 12 1 10 12 1 10 12 1 10 100 12 1 1 100 1 10 9 7 12 1 1 1 9 12 1 1 10 7 12 1 1 1 10 12 1 10 12 1 10 12 1 10 12 1 10 12 1 10 12 1 1 8 10 12 1 1 7 1 10 12 1 1 100 1 1 1 1 1 1 1 1 1 1 1 1 1 1 1 1 1 1 1 1 1 1 1 1 1 1 1 1 1 1 1 1 1 1 1 1 1 1 1 1 1 1 1 1 1 1 1 1 1 1 1 1 1 1 1 1 1 1 1 1 1 1 1 1 1 100 1 1 1 1 1 1 1 1 100 1 1 1 1 1 1 1 1 1 1 1 1 100 1 100 1 1 100 1 100 1 100 1 100 1 100 1 100 1 100 1 100 1 100 1 100 1 100 1 100 1 100 1 100 1 100 1 100 1 100 1 100 1 100 1 100 1 100 1 100 1 100 1 100 1 100 1 100 1 100 1 100 1 100 1 100 1 100 1 100 1 100 1 100 1 100 1 100 1 1 1 1 1 1 100 1 1 1 100 1 1 100 1 100 1 100 1 100 1 100 1 100 1 1 1 1 100 1 100 1 100 1 100 1 100 1 100 1 100 1 100 1
staticfield java/lang/invoke/VarHandle VFORM_OFFSET J 16
staticfield java/lang/invoke/VarHandle $assertionsDisabled Z 1
ciInstanceKlass java/lang/invoke/MemberName 1 1 730 7 1 7 1 100 1 9 12 1 1 10 7 12 1 1 1 9 12 1 1 10 12 1 1 10 12 1 1 10 12 1 1 10 12 1 10 12 1 1 10 7 12 1 1 1 10 12 1 9 7 12 1 1 10 12 1 100 1 100 1 10 12 1 8 1 10 12 1 1 10 12 1 10 12 1 1 10 12 1 9 12 1 1 8 1 10 100 12 1 1 1 7 1 10 10 12 1 1 7 1 7 1 10 12 1 9 12 1 1 100 1 8 1 10 12 1 10 12 1 10 12 1 10 12 1 10 12 1 1 10 12 1 10 12 1 10 12 1 1 8 1 8 1 10 12 1 8 1 9 12 1 1 3 10 12 1 10 12 1 10 12 1 10 10 7 12 1 1 1 10 12 1 10 12 1 10 12 1 10 12 1 7 1 8 10 12 1 1 10 12 1 1 8 1 9 100 1 8 9 100 1 10 12 1 1 10 12 1 10 12 1 8 1 10 12 1 1 10 12 1 10 12 1 10 12 1 10 12 1 1 100 1 10 12 1 1 10 12 1 8 1 10 12 1 10 12 1 8 1 10 12 1 1 10 12 1 1 100 1 10 12 1 1 10 12 8 1 8 1 100 1 10 12 1 10 100 12 1 1 1 100 1 10 12 10 12 1 10 12 1 10 12 1 10 12 1 10 10 12 1 10 12 1 10 12 1 3 10 12 1 3 10 12 1 3 3 3 3 3 3 10 12 1 3 9 12 1 10 12 1 1 3 10 12 1 10 10 7 12 1 1 1 10 12 1 1 10 7 12 1 1 10 10 12 1 10 12 1 1 10 12 1 10 10 12 1 1 10 12 1 10 12 1 10 12 1 100 1 10 10 10 12 100 1 10 10 10 12 1 1 10 12 1 1 10 10 12 1 8 10 7 1 10 12 1 10 7 1 10 12 1 10 12 1 10 12 1 10 10 12 1 10 12 1 1 10 12 1 1 10 12 1 10 12 1 10 12 1 100 1 10 12 1 1 100 1 8 1 10 7 1 10 12 1 10 12 10 12 1 1 10 12 1 10 12 1 8 1 8 1 8 1 8 1 10 12 1 10 12 1 10 7 12 1 1 1 8 1 8 1 10 12 1 8 1 10 10 10 12 1 10 12 1 8 1 8 1 10 10 12 1 8 1 10 100 12 1 1 1 8 1 100 1 10 12 1 10 12 1 1 10 12 1 8 1 8 1 8 1 8 1 100 1 10 8 1 8 1 8 1 8 1 10 12 1 100 1 100 1 100 1 10 100 1 10 100 1 10 100 12 1 1 1 9 7 12 1 1 1 100 1 100 1 1 1 1 1 1 1 3 1 3 1 3 1 3 1 3 1 3 1 1 1 1 1 1 1 1 3 1 3 1 1 1 1 1 1 1 1 1 1 1 1 1 1 1 1 1 1 1 1 1 1 1 1 100 1 1 1 1 1 1 1 1 1 1 1 1 1 1 1 1 1 1 1 1 1 1 1 1 1 1 1 1 1 1 1 1 1 1 1 1 1 1 1 1 1 1 1 1 1 1 1 1 1 1 1 1 1 1 1 1 1 1 1 1 1 1 1 1 1 1 1 1 1 1 1 1 1 1 1 1 100 1 1 1 1 1 1 1 1 1 1 1 1 1 1 1 1
staticfield java/lang/invoke/MemberName $assertionsDisabled Z 1
ciInstanceKlass java/lang/invoke/ResolvedMethodName 1 1 25 10 100 12 1 1 1 9 7 12 1 1 1 1 1 1 1 1 1 1 1 1 1 1 1
ciInstanceKlass java/lang/invoke/MethodHandleNatives 1 1 689 100 1 10 7 12 1 1 1 9 7 12 1 1 1 10 12 1 1 100 1 10 10 12 1 1 10 12 1 10 12 1 8 1 8 1 8 1 8 1 8 1 8 1 8 1 8 1 8 1 8 1 10 12 1 1 7 1 10 7 12 1 1 1 10 100 12 1 1 1 7 1 10 10 12 1 1 8 1 10 12 1 8 1 10 12 1 1 8 1 10 12 1 1 9 100 12 1 1 1 8 1 10 100 12 1 1 1 100 1 10 12 100 1 100 1 8 1 7 1 10 10 12 1 7 1 9 7 12 1 1 10 12 1 1 10 12 1 10 7 12 1 1 1 10 12 1 1 9 12 1 8 1 10 12 1 1 10 12 1 8 1 10 12 1 1 7 1 10 12 1 10 7 12 1 1 1 10 12 1 10 12 1 1 10 12 1 1 8 1 10 12 1 1 8 1 10 12 1 8 1 8 1 8 1 100 1 10 12 1 8 1 10 100 12 1 1 1 10 12 1 1 10 100 12 1 1 10 10 12 1 1 10 12 1 10 100 12 1 1 1 100 1 8 1 10 100 12 1 1 1 7 1 8 1 10 12 1 8 1 8 1 8 1 8 1 8 1 10 12 1 1 10 12 1 1 10 12 1 10 12 1 1 10 12 1 1 7 1 10 12 1 100 1 100 1 10 12 1 10 12 1 8 1 8 1 10 10 12 1 1 10 12 1 1 8 1 10 100 12 1 1 8 1 8 1 10 12 1 1 10 7 12 1 1 1 100 1 10 12 1 1 7 1 9 12 1 1 10 7 12 1 1 1 10 10 12 1 9 12 1 10 12 1 9 12 1 9 12 1 10 12 1 1 10 12 1 10 12 1 1 7 1 7 1 10 12 1 1 10 12 1 10 12 1 1 10 7 12 1 1 1 10 12 1 8 1 10 12 1 10 12 1 10 12 1 1 10 12 1 10 7 12 1 1 1 10 12 1 1 100 1 8 1 10 9 7 12 1 1 1 10 12 1 1 10 12 1 1 100 1 10 12 1 1 10 12 1 1 100 1 100 1 10 10 100 1 100 1 10 100 1 10 10 12 1 1 10 100 1 10 12 1 10 12 1 1 10 12 1 1 10 12 1 1 10 12 1 10 12 1 1 10 8 1 10 12 1 10 12 1 10 12 1 10 12 1 10 12 1 1 10 12 1 10 12 1 10 12 1 10 10 7 12 1 1 10 12 1 1 1 1 1 1 1 1 1 1 1 1 1 100 1 1 1 1 1 1 1 1 1 1 1 1 1 1 1 1 1 1 1 1 1 1 1 1 1 1 1 1 1 1 1 1 1 1 1 1 1 1 1 1 1 1 1 1 1 1 1 1 1 1 1 1 1 1 1 1 1 1 1 1 1 1 1 100 1 1 1 1 1 1 1 1 1 1 1 1 1 1 1 1 1 1 1 1 1 1 1 1 1 1 1 1 1 1 1 1 1 1 1 100 1 1 1 1 1 1 1 1 1 1 1 1 1 1 1 1 1 1 1 1 1 1 1 1 1 1 1 1 1 1 1 1 1 1 100 1 1
staticfield java/lang/invoke/MethodHandleNatives $assertionsDisabled Z 1
ciInstanceKlass jdk/internal/foreign/abi/NativeEntryPoint 0 0 223 10 100 12 1 1 1 9 100 12 1 1 1 9 12 1 1 100 1 8 1 10 12 1 10 12 1 1 100 1 10 100 12 1 1 1 10 12 1 9 12 1 1 18 12 1 1 10 100 12 1 1 1 9 100 12 1 1 1 8 1 10 12 1 1 8 1 8 1 8 1 8 1 10 100 12 1 1 1 100 1 10 10 12 1 1 8 1 10 12 1 8 1 10 12 1 10 12 1 1 10 12 1 1 100 1 8 1 10 12 1 10 12 1 1 100 1 8 1 10 10 12 1 9 12 1 1 18 12 1 1 10 100 12 1 1 1 10 12 1 1 10 12 1 10 100 12 1 1 1 10 1 1 1 1 1 1 1 1 1 1 1 1 1 1 1 1 1 1 1 1 1 1 1 1 1 1 1 1 1 1 1 1 1 1 1 1 1 1 1 1 1 1 1 1 16 1 15 10 12 16 1 16 15 10 12 15 10 100 12 1 1 1 1 1 100 1 1 100 1 100 1 1
ciInstanceKlass jdk/internal/foreign/abi/ABIDescriptor 0 0 55 10 100 12 1 1 1 9 100 12 1 1 1 9 12 1 1 9 12 1 9 12 1 9 12 1 1 9 12 1 9 12 1 1 9 12 1 9 12 1 9 12 1 9 12 1 1 1 1 1 1 1 1 1 1
ciInstanceKlass jdk/internal/foreign/abi/VMStorage 0 0 111 10 100 12 1 1 1 9 100 12 1 1 1 9 12 1 1 9 12 1 1 9 12 1 1 100 1 10 8 1 10 12 1 1 10 12 1 10 12 1 1 10 12 1 100 1 10 100 12 1 1 1 10 100 12 1 1 10 100 12 1 1 10 100 12 1 1 1 18 12 1 1 1 1 1 1 1 1 1 1 1 1 1 1 1 1 1 1 1 1 1 1 8 1 15 15 15 15 15 10 100 12 1 1 1 1 100 1 100 1 1
ciInstanceKlass jdk/internal/foreign/abi/UpcallLinker$CallRegs 0 0 66 10 100 12 1 1 1 9 100 12 1 1 1 9 12 1 18 12 1 1 18 12 1 1 18 12 1 1 1 1 1 1 1 1 1 1 1 1 1 1 1 1 1 1 100 1 1 1 8 1 15 15 15 10 100 12 1 1 1 1 1 100 1 100 1 1
instanceKlass java/lang/StackFrameInfo
ciInstanceKlass java/lang/ClassFrameInfo 1 1 126 10 7 12 1 1 1 9 7 12 1 1 1 7 1 3 9 12 1 1 9 12 1 1 100 1 9 12 1 1 3 11 100 12 1 1 1 11 12 1 10 12 1 1 10 12 1 1 10 12 1 100 1 10 10 12 1 1 8 1 8 1 10 12 100 1 10 10 12 1 1 8 1 10 12 1 8 1 10 12 8 1 10 12 1 10 7 12 1 1 1 100 1 1 1 1 1 1 1 1 1 1 1 1 1 1 1 1 1 1 1 1 1 1 1 1 1 1 1 100 1 1 1 1 1 1
staticfield java/lang/ClassFrameInfo JLIA Ljdk/internal/access/JavaLangInvokeAccess; java/lang/invoke/MethodHandleImpl$1
ciInstanceKlass java/lang/StackWalker$StackFrame 1 1 41 100 1 10 12 1 1 100 1 100 1 1 1 1 1 1 1 1 1 1 1 1 1 1 1 1 1 1 1 1 1 1 1 1 1 1 1 100 1 1 1
ciInstanceKlass java/lang/StackWalker 1 1 236 9 7 12 1 1 1 10 7 12 1 1 1 7 1 10 7 12 1 1 1 10 12 1 1 11 7 12 1 1 1 10 12 1 1 10 12 1 1 100 1 8 1 10 12 1 10 12 1 10 12 1 10 7 12 1 1 9 12 1 1 9 12 1 1 9 12 1 1 9 12 1 1 10 12 1 1 9 12 1 1 9 12 1 1 9 12 1 1 9 12 1 1 10 12 1 1 10 7 12 1 1 1 10 7 12 1 1 1 18 12 1 1 100 1 8 1 10 8 1 10 12 1 1 10 100 12 1 1 1 10 12 1 1 10 12 1 11 12 1 1 9 7 12 1 1 11 100 12 1 1 1 10 12 1 1 1 1 1 1 1 1 1 1 1 1 1 1 1 1 1 1 1 1 1 1 1 1 1 1 1 1 1 1 1 1 1 1 1 1 1 1 1 1 1 1 1 1 1 1 1 1 1 1 1 1 1 1 1 100 1 1 16 15 10 12 16 1 15 10 100 12 1 1 1 1 1 1 1 1 1 100 1 100 1 1
staticfield java/lang/StackWalker DEFAULT_EMPTY_OPTION Ljava/util/EnumSet; java/util/RegularEnumSet
staticfield java/lang/StackWalker DEFAULT_WALKER Ljava/lang/StackWalker; java/lang/StackWalker
instanceKlass java/lang/LiveStackFrameInfo
ciInstanceKlass java/lang/StackFrameInfo 1 1 150 10 7 12 1 1 1 9 7 12 1 1 1 9 12 1 1 11 7 12 1 1 1 10 12 1 1 10 7 12 1 1 1 9 12 1 1 10 12 1 1 9 12 1 1 100 1 10 12 10 12 1 9 12 1 100 1 100 1 10 12 1 1 11 12 1 1 10 12 1 10 12 1 10 12 1 1 9 12 1 1 10 12 1 1 10 100 12 1 1 10 12 1 1 9 12 1 10 100 12 1 1 1 9 12 1 1 10 100 1 10 12 1 9 12 1 1 10 12 1 1 10 12 1 1 1 1 1 1 1 1 1 1 1 1 1 1 1 1 100 1 100 1 1 1 1 1 1 1 1
staticfield java/lang/StackFrameInfo $assertionsDisabled Z 1
ciInstanceKlass java/lang/LiveStackFrameInfo 0 0 97 10 100 12 1 1 1 9 100 12 1 1 1 9 12 1 9 12 1 9 12 1 9 12 1 1 100 1 10 12 1 1 10 12 1 8 1 10 12 1 1 8 1 8 1 8 1 10 100 1 10 12 1 100 1 10 12 1 100 1 100 1 1 1 3 1 3 1 1 1 1 1 1 1 1 1 1 1 1 1 1 1 1 1 1 1 1 1 1 1 1 1 1 1 100 1 1
ciInstanceKlass java/lang/LiveStackFrame 0 0 112 100 1 10 100 12 1 1 1 11 100 12 1 1 1 11 12 1 9 100 12 1 1 1 10 100 12 1 1 1 10 100 12 1 1 1 11 12 1 10 12 1 100 1 100 1 1 1 1 1 1 1 1 1 1 1 1 1 1 1 1 1 1 1 1 1 1 1 1 1 100 1 1 1 1 1 1 1 100 1 8 1 1 12 10 1 1 1 8 1 1 1 8 1 1 1 8 1 1 1 8 1 1 8 1 1 1 8 1 1 8 1
instanceKlass java/lang/StackStreamFactory$StackFrameTraverser
ciInstanceKlass java/lang/StackStreamFactory$AbstractStackWalker 1 1 364 7 1 100 1 3 10 7 12 1 1 1 10 7 12 1 1 10 7 12 1 1 1 9 12 1 1 9 12 1 1 9 12 1 1 9 12 1 9 12 1 10 7 12 1 1 1 10 12 1 1 10 100 12 1 1 9 12 1 1 9 12 1 1 10 12 1 1 9 12 1 1 10 7 12 1 1 1 10 12 1 1 9 12 1 1 9 100 12 1 1 1 100 1 10 8 1 10 12 1 1 10 12 1 8 1 10 12 1 1 10 100 12 1 1 1 100 1 8 1 10 12 1 8 1 10 12 10 7 12 1 1 9 12 1 1 8 1 5 0 8 1 8 1 9 12 1 1 10 12 1 1 18 12 1 1 10 100 12 1 1 1 10 12 1 1 10 12 1 10 12 1 9 7 12 1 1 1 10 12 1 1 9 12 1 10 12 1 10 12 1 10 12 1 10 12 1 10 12 1 10 12 1 1 8 1 10 12 1 10 12 1 10 12 1 10 12 1 1 8 1 10 12 1 1 10 12 1 1 10 12 1 1 10 12 1 10 12 1 10 12 1 9 12 1 8 1 10 12 1 8 1 10 12 1 10 12 1 1 10 12 1 10 12 1 10 12 1 1 10 12 1 10 12 1 10 12 1 10 12 1 10 12 1 10 12 1 1 10 12 1 10 12 1 10 12 1 10 12 1 8 1 1 1 1 1 1 1 1 1 1 1 1 1 100 1 1 1 1 1 1 100 1 1 1 1 100 1 1 1 1 1 1 1 1 1 1 1 1 1 1 1 1 1 1 16 15 15 10 100 12 1 1 1 1 1 1 1 1 100 1 100 1 1
ciInstanceKlass jdk/internal/module/Modules 1 1 481 10 100 12 1 1 1 9 7 12 1 1 1 11 7 12 1 1 1 11 12 1 1 11 12 1 1 11 12 1 1 11 12 1 11 12 1 11 12 1 11 12 1 11 12 1 11 12 1 1 10 100 12 1 1 1 10 12 1 1 10 100 12 1 1 10 100 12 1 1 1 10 100 12 1 1 10 12 1 1 11 12 1 9 12 1 1 11 100 12 1 1 1 10 12 1 1 10 10 12 1 10 100 1 9 12 1 1 10 100 12 1 1 10 12 1 1 10 100 12 1 1 1 100 1 11 100 12 1 1 1 10 100 12 1 1 1 11 100 12 1 1 10 12 1 1 10 100 12 1 1 10 100 12 1 1 1 10 12 1 1 10 12 1 1 11 12 1 1 18 12 1 1 11 100 12 1 1 10 100 12 1 1 1 11 100 12 1 1 1 100 1 11 12 1 1 11 100 12 1 1 1 11 12 1 1 10 12 1 1 10 100 12 1 1 18 12 1 1 11 12 1 1 18 12 1 1 11 12 1 1 10 12 1 18 18 10 12 1 1 9 12 1 1 11 100 12 1 1 1 100 1 10 11 12 1 11 12 1 1 10 100 1 10 12 1 1 10 100 12 1 1 10 12 1 1 11 12 10 12 1 1 100 1 10 18 12 1 10 12 1 1 100 1 8 1 10 12 1 10 100 12 1 1 18 12 1 11 11 12 10 12 1 10 10 100 1 18 12 1 10 10 10 7 12 1 1 10 7 12 1 1 1 10 12 1 1 1 1 1 1 1 1 1 1 1 1 1 1 1 1 1 1 1 1 1 1 1 1 1 1 1 1 1 1 1 1 1 1 1 1 1 1 1 1 1 1 1 1 1 1 1 1 1 1 1 1 1 1 1 1 1 1 1 1 1 1 1 1 100 1 1 1 1 1 1 1 1 1 1 1 1 1 1 1 1 1 1 1 1 1 1 1 16 15 10 12 1 16 1 16 1 15 10 12 1 16 1 16 1 15 10 12 16 1 15 10 16 1 15 10 12 16 1 16 15 10 12 16 15 10 12 16 15 10 12 15 10 100 12 1 1 1 1 1 1 100 1 100 1 1
staticfield jdk/internal/module/Modules JLA Ljdk/internal/access/JavaLangAccess; java/lang/System$1
staticfield jdk/internal/module/Modules JLMA Ljdk/internal/access/JavaLangModuleAccess; java/lang/module/ModuleDescriptor$1
staticfield jdk/internal/module/Modules $assertionsDisabled Z 1
ciInstanceKlass jdk/internal/loader/ClassLoaders 1 1 185 10 100 12 1 1 1 10 7 12 1 1 1 10 12 1 1 10 7 12 1 1 1 9 7 12 1 1 1 9 12 1 1 9 12 1 1 7 1 11 100 12 1 1 1 100 1 11 12 1 1 11 12 1 1 10 100 12 1 1 1 10 100 12 1 1 1 100 1 100 1 10 7 12 1 1 1 9 12 1 1 8 1 10 7 12 1 1 1 10 12 1 1 7 1 10 12 1 10 12 1 1 7 1 10 12 1 1 10 12 1 1 10 12 1 7 1 10 12 10 12 1 8 1 10 7 12 1 1 8 1 8 1 10 12 1 7 1 10 10 12 1 10 12 1 1 1 1 1 1 1 1 1 1 1 1 1 1 1 1 1 1 1 1 100 1 1 1 1 1 1 1 1 1 1 1 1 1 1 1 1 1 1 1 1
staticfield jdk/internal/loader/ClassLoaders JLA Ljdk/internal/access/JavaLangAccess; java/lang/System$1
staticfield jdk/internal/loader/ClassLoaders BOOT_LOADER Ljdk/internal/loader/ClassLoaders$BootClassLoader; jdk/internal/loader/ClassLoaders$BootClassLoader
staticfield jdk/internal/loader/ClassLoaders PLATFORM_LOADER Ljdk/internal/loader/ClassLoaders$PlatformClassLoader; jdk/internal/loader/ClassLoaders$PlatformClassLoader
staticfield jdk/internal/loader/ClassLoaders APP_LOADER Ljdk/internal/loader/ClassLoaders$AppClassLoader; jdk/internal/loader/ClassLoaders$AppClassLoader
instanceKlass io/netty/util/internal/RecyclableArrayList
instanceKlass com/google/re2j/Parser$Stack
ciInstanceKlass java/util/ArrayList 1 1 514 10 7 12 1 1 1 7 1 9 7 12 1 1 1 9 12 1 100 1 100 1 10 8 1 10 12 1 1 10 12 1 10 12 1 1 10 12 1 9 12 1 11 7 12 1 1 1 9 12 1 1 11 12 1 1 7 10 7 12 1 1 1 9 12 1 10 12 1 10 12 1 1 10 7 12 1 1 1 10 7 12 1 1 1 10 12 1 1 10 12 1 1 10 12 1 1 10 12 1 10 12 1 1 100 1 100 1 10 12 1 10 10 7 12 1 1 1 10 7 12 1 1 10 12 1 100 1 10 10 12 10 12 1 1 10 12 1 1 10 12 1 10 12 10 12 1 1 100 1 10 12 1 1 10 12 1 1 10 12 1 100 1 10 11 12 1 1 11 100 12 1 1 1 11 12 1 10 12 1 10 12 1 10 12 1 1 100 1 10 12 1 1 10 10 12 1 1 10 12 1 8 1 8 1 8 1 8 1 10 12 1 1 10 12 1 1 11 12 1 100 1 10 100 12 1 1 10 12 1 10 12 1 1 10 100 12 1 1 10 12 1 10 100 12 1 1 1 11 100 12 1 1 1 10 12 1 100 1 8 1 10 100 1 10 12 1 7 1 10 12 1 10 12 1 1 7 1 10 12 1 10 12 1 1 11 100 12 1 1 7 1 10 12 1 10 12 1 1 11 100 12 1 1 10 12 1 1 10 12 1 1 10 12 1 1 10 12 1 1 11 100 12 1 1 10 12 1 1 10 12 1 1 100 1 100 1 100 1 1 1 1 5 0 1 3 1 1 1 1 1 1 1 1 1 1 1 1 1 1 1 1 1 1 1 1 1 1 1 1 1 1 1 1 1 1 1 1 1 1 1 1 1 1 1 1 1 1 1 1 1 1 1 1 1 1 1 1 1 1 1 1 1 1 1 1 1 1 1 1 1 1 1 1 1 1 1 1 1 1 1 1 1 1 1 1 1 1 1 1 1 1 1 1 1 1 1 1 1 1 1 1 1 1 1 1 1 1 1 1 100 1 1 1 1 100 1 1 1 1 1 1 1 1 1 1 1 1 1 1 1 1 1 1 1 1 1 1 1 1 1 1 1 1 1 100 1 1 1 1 1 1 1 1 1 1 1 1 1 1 1 1 1 1 1 100 1 100 1 1 1 1 1 1
staticfield java/util/ArrayList EMPTY_ELEMENTDATA [Ljava/lang/Object; 0 [Ljava/lang/Object;
staticfield java/util/ArrayList DEFAULTCAPACITY_EMPTY_ELEMENTDATA [Ljava/lang/Object; 0 [Ljava/lang/Object;
ciInstanceKlass java/util/List 1 1 251 10 100 12 1 1 1 11 100 12 1 1 1 11 100 12 1 1 1 11 12 1 1 11 100 12 1 1 11 12 1 1 11 12 1 1 10 100 12 1 1 1 100 1 100 1 10 12 1 1 100 1 10 100 12 1 1 1 11 12 1 1 11 12 1 11 12 1 100 1 10 12 1 11 12 1 1 11 12 1 1 11 12 1 10 100 12 1 1 1 9 7 12 1 1 1 7 1 10 12 10 12 1 7 1 10 12 1 1 10 12 1 10 12 1 1 11 12 1 1 100 1 1 1 1 1 1 1 1 1 1 1 1 1 1 1 1 1 1 1 1 1 1 1 1 1 1 1 1 1 1 1 1 1 1 1 1 1 1 1 1 1 1 1 1 100 1 100 1 1 1 1 1 1 1 1 1 1 1 1 1 1 1 1 1 1 1 1 1 1 1 1 1 1 1 1 1 1 1 1 1 1 1 1 1 1 1 1 1 1 1 1 1 1 1 1 1 1 1 1 1 1 1 1 1 1 1 1 1 1 1 1 1 1 1 1 1 1 1 1 1 1 1 1 100 1 1 100 1 1 1
ciInstanceKlass java/util/SequencedCollection 1 1 104 100 1 10 12 1 1 11 100 12 1 1 1 11 100 12 1 1 1 11 12 1 1 11 12 1 100 1 100 1 1 1 1 1 1 1 1 1 1 1 1 1 1 1 1 1 1 1 1 1 1 1 1 1 1 1 1 1 100 1 8 1 12 10 1 1 8 1 1 1 8 1 1 8 1 1 1 8 1 1 8 1 1 1 8 1 1 8 1 8 1 1 8 1 1 1 8 1 1 8 1 1 8 1
ciInstanceKlass java/lang/Iterable 1 1 62 10 7 12 1 1 1 11 7 12 1 1 1 11 7 12 1 1 1 11 12 1 1 11 7 12 1 1 1 10 100 12 1 1 1 100 1 1 1 1 1 1 1 1 1 1 1 1 1 1 1 1 1 1 1 1 1 1 1 1 1 1
ciInstanceKlass java/util/RandomAccess 1 0 7 100 1 100 1 1 1
instanceKlass java/util/TreeMap$Values
instanceKlass java/util/AbstractQueue
instanceKlass com/google/common/collect/ImmutableCollection
instanceKlass java/util/LinkedHashMap$LinkedValues
instanceKlass java/util/IdentityHashMap$Values
instanceKlass java/util/HashMap$Values
instanceKlass java/util/ArrayDeque
instanceKlass java/util/AbstractSet
instanceKlass java/util/ImmutableCollections$AbstractImmutableCollection
instanceKlass java/util/AbstractList
ciInstanceKlass java/util/AbstractCollection 1 1 160 10 7 12 1 1 1 10 7 12 1 1 1 10 12 1 1 11 7 12 1 1 1 11 12 1 1 10 12 1 1 10 100 12 1 1 1 10 12 1 1 10 12 1 1 10 7 12 1 1 10 7 12 1 1 1 7 1 10 100 12 1 1 1 10 100 12 1 1 1 100 1 10 11 12 1 11 7 1 10 12 1 10 12 1 10 100 12 1 1 1 11 8 1 7 1 10 10 12 1 1 8 1 10 12 1 10 12 1 1 1 1 1 1 1 1 1 1 1 1 1 1 1 1 1 1 1 1 1 1 1 1 1 1 1 1 1 1 1 1 1 1 1 1 1 1 1 1 1 1 1 1 1 1 1 1 1 1 1 1
instanceKlass io/netty/handler/codec/HeadersUtils$1
instanceKlass io/netty/handler/codec/CodecOutputList
instanceKlass java/util/AbstractSequentialList
instanceKlass java/util/Vector
instanceKlass sun/security/jca/ProviderList$2
instanceKlass com/google/protobuf/AbstractProtobufList
instanceKlass java/util/ArrayList$SubList
instanceKlass java/util/Collections$SingletonList
instanceKlass java/util/Arrays$ArrayList
instanceKlass java/util/Collections$EmptyList
instanceKlass java/util/ArrayList
ciInstanceKlass java/util/AbstractList 1 1 218 10 7 12 1 1 1 9 7 12 1 1 1 10 12 1 1 10 12 1 1 100 1 10 10 12 1 1 11 100 12 1 1 1 11 12 1 1 11 12 1 10 100 12 1 1 1 10 12 1 11 12 1 11 12 1 11 12 1 10 12 1 1 10 12 1 1 11 100 12 1 1 1 11 100 1 11 7 1 10 12 1 100 1 10 12 1 10 12 1 1 100 1 100 1 10 12 1 100 1 10 100 1 100 1 10 8 1 10 12 1 1 10 12 1 10 12 1 1 10 12 1 8 1 100 1 8 1 8 1 8 1 10 100 1 11 10 10 12 1 11 12 1 10 12 1 1 8 1 8 1 1 1 1 1 1 1 1 1 1 1 1 1 1 1 1 1 1 1 1 1 1 1 1 1 1 1 1 1 1 1 1 1 1 1 1 1 1 1 1 1 1 1 1 1 1 1 1 1 1 1 1 1 1 1 1 1 1 100 1 100 1 1 1 1 1 1 1
ciInstanceKlass java/lang/annotation/Annotation 1 0 17 100 1 100 1 1 1 1 1 1 1 1 1 1 1 1 1
ciInstanceKlass java/util/concurrent/ConcurrentHashMap$KeySetView 1 1 189 10 7 12 1 1 1 9 7 12 1 1 1 9 12 1 1 10 7 12 1 1 1 10 12 1 1 9 12 1 1 7 1 10 12 1 100 1 10 12 1 10 12 1 1 11 100 12 1 1 1 11 100 12 1 1 1 11 12 1 1 10 10 100 12 1 1 1 100 1 10 12 1 1 11 10 12 1 1 100 1 10 12 1 100 1 10 100 1 10 12 1 10 12 1 1 9 100 12 1 1 11 100 12 1 1 1 10 12 1 10 12 1 1 100 1 1 1 1 5 0 1 1 1 1 1 1 1 1 1 1 1 1 1 1 1 1 1 1 1 1 1 1 100 1 1 1 1 1 1 1 1 1 1 1 1 1 1 1 1 1 1 1 1 1 1 1 1 1 1 1 1 1 1 1 1 1 1 1 1 1 1 1 1 1 1 1 1 1
instanceKlass java/util/concurrent/ConcurrentHashMap$EntrySetView
instanceKlass java/util/concurrent/ConcurrentHashMap$ValuesView
instanceKlass java/util/concurrent/ConcurrentHashMap$KeySetView
ciInstanceKlass java/util/concurrent/ConcurrentHashMap$CollectionView 1 1 203 7 1 10 7 12 1 1 1 9 7 12 1 1 1 10 12 1 10 12 1 1 10 12 1 1 10 12 1 1 5 0 100 1 8 1 10 12 1 10 12 1 1 11 7 12 1 1 11 12 1 1 3 3 10 100 12 1 1 1 10 12 1 1 10 100 12 1 1 10 100 12 1 1 1 100 1 100 1 10 10 12 1 1 8 1 10 12 1 10 12 1 1 11 100 1 10 12 1 1 100 1 10 9 12 1 1 100 1 11 11 11 12 1 10 12 100 1 1 1 1 5 0 1 1 1 1 1 1 1 1 1 1 1 1 1 1 1 1 1 1 1 1 1 1 1 1 1 1 1 1 1 1 1 1 1 1 1 1 1 1 1 1 1 1 1 1 1 1 1 1 1 1 100 1 1 1 1 1 1 100 1 100 1 100 1 1 1 100 1 1 1 1 1 1 100 1 8 10 1 1 8 1
ciMethod java/util/concurrent/ConcurrentHashMap$KeySetView remove (Ljava/lang/Object;)Z 6 0 3 0 0
ciInstanceKlass java/nio/channels/ScatteringByteChannel 1 0 15 100 1 100 1 100 1 1 1 1 100 1 1 1 1
ciInstanceKlass java/nio/channels/ReadableByteChannel 1 0 14 100 1 100 1 100 1 1 1 1 100 1 1 1
ciInstanceKlass java/nio/channels/Channel 1 0 16 100 1 100 1 100 1 1 1 1 1 1 100 1 1 1
ciInstanceKlass java/nio/channels/WritableByteChannel 1 0 14 100 1 100 1 100 1 1 1 1 100 1 1 1
ciInstanceKlass java/nio/channels/ByteChannel 1 0 11 100 1 100 1 100 1 100 1 1 1
ciInstanceKlass java/nio/channels/InterruptibleChannel 1 0 14 100 1 100 1 100 1 1 1 1 100 1 1 1
ciInstanceKlass java/nio/channels/GatheringByteChannel 1 0 15 100 1 100 1 100 1 1 1 1 100 1 1 1 1
instanceKlass java/nio/channels/SelectableChannel
instanceKlass java/nio/channels/FileChannel
ciInstanceKlass java/nio/channels/spi/AbstractInterruptibleChannel 1 1 124 10 7 12 1 1 1 9 7 12 1 1 1 7 1 10 12 1 9 12 1 1 9 12 1 1 10 12 1 9 12 1 1 9 12 1 1 10 7 12 1 1 1 10 12 1 1 10 7 12 1 1 1 10 12 1 1 11 100 12 1 1 1 11 12 1 9 12 1 100 1 10 100 1 10 10 7 12 1 1 1 11 7 1 10 12 1 1 8 10 12 1 1 100 1 100 1 1 1 1 1 1 1 1 100 1 1 100 1 1 1 1 1 1 1 1 1 1 1 1 1 1 1 1
staticfield java/nio/channels/spi/AbstractInterruptibleChannel U Ljdk/internal/misc/Unsafe; jdk/internal/misc/Unsafe
staticfield java/nio/channels/spi/AbstractInterruptibleChannel INTERRUPTED_TARGET J 24
ciMethod java/nio/channels/spi/AbstractInterruptibleChannel isOpen ()Z 516 0 494 0 0
ciInstanceKlass java/util/ArrayDeque 1 1 440 100 1 9 7 12 1 1 1 3 10 12 1 1 10 100 12 1 1 1 9 12 1 1 9 12 1 10 100 12 1 1 1 100 1 8 1 10 12 1 1 100 1 3 10 7 12 1 1 7 1 11 100 12 1 1 1 10 12 1 10 12 1 1 100 1 10 100 1 10 10 12 1 10 12 1 10 12 1 10 18 12 1 1 11 12 1 1 10 12 1 1 10 12 1 10 12 1 1 100 1 10 10 12 1 10 12 1 1 10 12 1 1 10 12 1 1 10 12 1 10 12 1 10 12 1 10 12 1 10 12 1 1 7 1 10 12 1 100 1 10 100 1 10 10 100 12 1 1 1 11 100 12 1 10 12 1 1 18 12 1 1 18 11 100 12 1 10 12 1 1 10 12 1 1 10 12 1 1 10 12 1 1 10 12 1 1 10 12 1 100 10 12 1 1 10 12 1 1 10 12 1 1 10 100 12 1 1 10 12 1 100 1 100 1 10 10 100 12 1 1 10 12 1 10 12 1 10 100 12 1 1 10 12 1 10 100 12 1 1 1 11 100 12 1 1 1 10 12 1 100 1 9 12 1 1 8 1 10 12 1 1 10 100 12 1 1 1 8 1 10 12 1 1 10 12 1 11 12 1 100 1 100 1 100 1 1 1 1 1 5 0 1 1 1 1 1 1 1 1 1 1 1 1 1 1 1 1 1 1 1 1 1 1 1 1 1 1 1 1 1 1 1 1 1 1 1 1 1 1 1 1 1 1 1 1 1 1 1 1 1 1 1 1 1 1 1 1 1 1 1 1 1 1 1 1 1 1 1 1 1 1 1 1 1 1 1 1 1 1 1 1 1 1 1 1 1 1 100 1 1 1 1 1 1 1 1 100 1 1 1 1 1 1 1 1 1 1 1 100 1 1 1 100 1 1 1 1 1 1 1 1 1 1 1 16 15 16 15 10 12 15 10 12 15 10 100 12 1 1 1 1 1 1 1 100 1 100 1 1
ciInstanceKlass java/util/Queue 1 0 68 100 1 100 1 100 1 1 1 1 1 1 1 1 1 1 1 1 1 1 1 1 100 1 8 1 1 12 10 1 8 1 1 1 8 1 1 1 8 1 1 1 8 1 1 1 8 1 1 8 1 1 1 8 1 1 8 1 1 1 8 1 1 8 1 1 8 1
ciMethod java/util/ArrayDeque pollFirst ()Ljava/lang/Object; 792 0 5516 0 174
ciMethod java/util/ArrayDeque elementAt ([Ljava/lang/Object;I)Ljava/lang/Object; 780 0 5577 0 0
ciMethod java/util/ArrayDeque inc (II)I 1024 0 7005 0 0
ciInstanceKlass java/nio/channels/NetworkChannel 1 0 26 100 1 100 1 100 1 1 1 1 100 1 1 1 1 1 1 1 1 1 1 1 1 1 1 1
instanceKlass java/nio/channels/spi/AbstractSelectableChannel
ciInstanceKlass java/nio/channels/SelectableChannel 1 1 45 10 7 12 1 1 1 10 7 12 1 1 1 100 1 1 1 1 1 1 1 1 1 1 1 1 1 1 1 100 1 1 1 1 1 1 1 1 100 1 1 1 1 1 1
ciMethod java/nio/channels/SelectableChannel isRegistered ()Z 0 0 1 0 -1
instanceKlass java/nio/channels/DatagramChannel
instanceKlass java/nio/channels/Pipe$SinkChannel
instanceKlass java/nio/channels/Pipe$SourceChannel
instanceKlass java/nio/channels/ServerSocketChannel
instanceKlass java/nio/channels/SocketChannel
ciInstanceKlass java/nio/channels/spi/AbstractSelectableChannel 1 1 228 10 7 12 1 1 1 9 7 12 1 1 1 9 12 1 1 7 1 10 9 12 1 1 9 12 1 9 12 1 1 9 12 1 1 10 100 12 1 1 1 100 1 10 7 1 10 12 1 1 7 1 10 12 1 10 12 1 1 10 12 1 1 10 100 12 1 1 1 18 12 1 1 11 100 12 1 1 1 10 100 12 1 1 1 18 12 1 1 11 12 1 1 10 12 1 1 100 1 10 10 12 1 100 1 10 10 12 1 100 1 10 10 12 1 10 12 1 1 7 1 10 12 1 1 10 12 1 1 10 12 1 10 7 12 1 1 10 12 1 9 12 1 10 12 1 10 12 1 1 10 7 12 1 1 1 1 1 1 1 1 1 1 1 1 1 1 1 1 1 1 100 1 1 1 100 1 1 1 1 1 1 1 1 1 1 1 1 1 100 1 1 1 1 1 1 1 1 1 1 1 1 16 15 10 12 16 16 1 15 11 100 12 1 16 15 10 100 12 1 1 1 1 100 1 100 1 1
staticfield java/nio/channels/spi/AbstractSelectableChannel $assertionsDisabled Z 1
ciMethod java/nio/channels/spi/AbstractSelectableChannel isRegistered ()Z 112 0 60 0 0
ciMethod java/nio/channels/spi/AbstractSelectableChannel removeKey (Ljava/nio/channels/SelectionKey;)V 4 8 3 0 -1
ciInstanceKlass sun/nio/ch/SocketChannelImpl 1 1 896 10 7 12 1 1 1 9 7 12 1 1 1 9 12 1 10 7 12 1 1 1 10 7 12 1 1 7 1 10 12 1 9 12 1 1 9 12 1 7 1 10 9 12 1 1 8 1 10 7 12 1 1 1 9 12 1 100 1 8 1 10 12 1 8 1 9 12 1 1 10 7 12 1 1 1 9 12 1 1 10 12 1 10 7 12 1 1 1 9 12 1 10 12 1 1 9 12 1 10 12 1 9 12 1 9 12 1 10 12 1 100 1 10 100 1 10 9 12 1 10 12 1 10 7 12 1 1 1 8 1 10 12 1 10 12 1 10 12 1 1 11 7 12 1 1 1 100 1 10 8 1 10 12 1 1 10 12 1 8 1 10 12 1 1 11 7 12 1 1 1 10 7 12 1 1 100 1 8 1 10 9 7 12 1 1 1 10 12 1 1 9 12 1 10 12 1 100 1 10 12 1 9 12 1 1 10 12 1 1 10 12 1 1 10 12 1 1 10 12 1 10 12 1 9 7 12 1 1 1 9 12 1 10 12 1 10 7 12 1 1 1 9 12 1 1 10 12 1 10 12 1 1 100 1 8 1 10 10 12 1 10 12 1 10 12 1 10 12 1 9 12 1 10 12 1 9 12 1 7 1 10 12 1 1 10 12 1 10 12 1 5 0 9 12 1 1 10 12 1 1 10 12 1 1 9 12 1 1 10 12 1 1 100 1 10 12 1 1 10 12 1 1 10 12 1 10 12 1 10 7 12 1 1 10 12 1 1 10 12 1 10 12 1 10 12 1 1 10 12 1 9 12 1 9 12 1 10 12 1 10 12 1 9 12 1 10 12 1 100 1 10 10 12 10 7 1 10 12 1 10 10 12 1 10 12 10 12 1 1 8 1 10 12 1 9 12 1 10 12 1 100 1 10 9 12 1 10 12 1 1 10 7 12 1 1 1 10 12 1 100 1 10 100 1 10 10 12 1 1 10 12 1 10 12 1 1 10 12 1 1 10 100 12 1 1 1 11 100 1 10 100 12 1 1 10 12 1 1 100 1 10 12 1 1 10 12 1 10 12 1 10 12 1 1 10 12 1 1 10 100 12 1 1 1 10 12 1 100 1 10 10 12 1 10 100 12 1 1 100 1 10 12 1 10 12 1 10 12 1 10 12 1 1 10 12 1 1 10 12 1 10 12 1 1 10 12 1 100 1 10 12 1 10 100 12 1 1 1 100 1 10 10 12 1 10 12 1 10 12 1 10 12 1 10 12 1 10 7 12 1 1 10 12 1 10 12 1 9 12 1 7 1 10 12 1 10 12 1 1 10 12 1 1 9 12 1 10 12 1 10 12 10 12 1 10 12 1 10 12 1 10 100 12 1 1 1 10 12 1 10 12 1 1 10 100 12 1 1 100 1 8 1 10 10 12 1 100 1 10 10 12 1 10 12 1 1 10 100 12 1 1 1 10 100 12 1 1 100 1 11 12 1 10 12 1 10 12 1 1 10 12 1 1 10 12 1 1 8 1 10 12 1 1 10 12 1 10 12 10 12 1 10 12 1 10 7 12 1 1 10 12 1 9 12 1 9 12 1 9 12 1 10 12 100 1 9 12 1 10 12 1 10 12 1 1 10 12 1 10 12 1 10 12 1 10 12 1 8 1 8 1 8 1 8 1 8 1 8 1 10 12 8 1 8 1 10 12 1 1 10 12 1 10 12 1 7 1 10 100 1 1 1 3 1 3 1 3 1 3 1 3 1 1 1 1 1 1 1 1 100 1 1 100 1 1 100 1 100 1 100 1 1 1 1 1 1 1 1 1 1 1 1 1 1 1 1 1 1 1 1 1 1 1 1 1 1 100 1 1 1 1 1 1 1 1 1 1 1 1 1 1 1 1 1 1 1 1 1 1 1 1 1 1 1 1 1 1 1 1 1 1 1 1 1 1 1 1 1 1 1 1 1 1 100 1 1 1 1 1 1 1 1 1 1 1 1 1 1 1 1 1 1 1 1 1 1 1 1 1 1 1 1 1 1 1
staticfield sun/nio/ch/SocketChannelImpl nd Lsun/nio/ch/NativeDispatcher; sun/nio/ch/SocketDispatcher
staticfield sun/nio/ch/SocketChannelImpl $assertionsDisabled Z 1
ciInstanceKlass sun/nio/ch/SelChImpl 1 1 116 10 100 12 1 1 1 10 12 1 1 11 100 12 1 1 1 18 12 1 1 10 100 12 1 1 1 5 0 9 100 12 1 1 1 10 12 1 1 9 12 1 10 12 1 11 12 1 1 10 100 12 1 1 11 12 1 1 100 1 100 1 1 1 1 1 1 1 1 1 100 1 1 1 1 1 1 1 1 1 1 1 1 1 1 1 1 16 15 11 12 1 15 10 100 12 1 1 1 1 100 1 100 1 1 1 100 1 8 1 1 12 10 1 8 1
ciMethod sun/nio/ch/SelChImpl kill ()V 0 0 1 0 -1
ciMethod sun/nio/ch/SocketChannelImpl kill ()V 6 0 3 0 0
ciMethod sun/nio/ch/SocketChannelImpl tryFinishClose ()V 6 0 3 0 -1
ciMethod java/util/Deque pollFirst ()Ljava/lang/Object; 0 0 1 0 -1
ciMethod java/lang/Thread holdsLock (Ljava/lang/Object;)Z 2 0 1 0 -1
ciMethod java/util/Set remove (Ljava/lang/Object;)Z 0 0 1 0 -1
ciMethod java/util/Map remove (Ljava/lang/Object;)Ljava/lang/Object; 0 0 1 0 -1
ciInstanceKlass java/lang/AssertionError 0 0 79 10 100 12 1 1 1 10 12 1 10 100 12 1 1 1 10 100 1 100 1 10 12 1 1 10 12 1 10 12 1 10 12 1 10 12 1 10 12 1 10 12 1 10 12 1 1 1 1 5 0 1 1 1 1 1 1 1 1 1 1 100 1 1 1 1 1 1 1 1 1 1 1 1 1 1 1 1 1
instanceKlass io/netty/channel/nio/SelectedSelectionKeySetSelector
instanceKlass java/nio/channels/spi/AbstractSelector
ciInstanceKlass java/nio/channels/Selector 1 1 157 10 7 12 1 1 1 10 7 12 1 1 1 10 12 1 1 100 1 8 1 10 12 1 10 100 12 1 1 1 100 1 10 7 12 1 1 1 10 12 1 5 0 10 12 1 1 11 100 12 1 1 10 12 1 1 10 12 1 11 12 1 1 9 12 1 1 11 12 1 100 1 10 18 12 1 1 11 12 1 1 11 12 1 10 12 1 1 100 1 10 10 7 12 1 1 100 1 1 1 1 1 1 1 1 1 100 1 1 1 1 1 1 1 1 1 1 1 1 1 1 1 1 1 1 1 100 1 1 1 1 1 1 1 1 1 1 1 16 15 10 12 16 1 15 10 100 12 1 1 1 1 100 1 100 1 1
staticfield java/nio/channels/Selector $assertionsDisabled Z 1
instanceKlass sun/nio/ch/SelectorImpl
ciInstanceKlass java/nio/channels/spi/AbstractSelector 1 1 156 10 7 12 1 1 1 9 7 12 1 1 1 7 1 11 7 12 1 1 1 9 12 1 1 100 1 10 7 1 10 12 1 9 12 1 1 11 12 1 1 9 12 1 1 10 7 12 1 1 1 10 12 1 9 12 1 1 10 7 12 1 1 1 7 1 10 12 1 1 10 7 12 1 1 1 10 7 12 1 1 1 10 12 1 1 11 100 12 1 1 10 7 12 1 1 1 8 9 7 12 1 1 1 10 7 12 1 1 1 1 1 1 1 1 1 1 1 1 100 1 1 1 1 100 1 100 1 100 1 1 1 1 100 1 1 1 1 1 1 1 1 1 1 1 1 1 1 1 1 1 1 1 100 1 1
staticfield java/nio/channels/spi/AbstractSelector CLOSED Ljava/lang/invoke/VarHandle; java/lang/invoke/VarHandleBooleans$FieldInstanceReadWrite
instanceKlass sun/nio/ch/WEPollSelectorImpl
ciInstanceKlass sun/nio/ch/SelectorImpl 1 1 295 10 7 12 1 1 1 7 1 10 12 1 9 7 12 1 1 1 10 7 12 1 1 1 9 12 1 1 7 1 10 9 12 1 10 7 12 1 1 1 9 12 1 10 7 12 1 1 9 12 1 10 12 1 1 100 1 10 10 12 1 10 12 1 10 12 1 9 12 1 1 100 1 8 1 10 12 1 10 12 1 1 100 1 8 1 10 5 0 10 12 1 10 100 12 1 1 1 10 12 1 1 10 12 1 11 7 12 1 1 1 11 7 12 1 1 11 12 1 1 7 1 10 12 1 1 10 12 1 1 10 7 1 10 12 1 7 1 11 12 1 11 12 1 1 11 12 9 12 1 11 12 1 100 1 10 100 1 10 10 12 1 10 12 1 10 12 1 1 11 12 1 10 12 1 1 100 1 10 100 12 1 1 1 10 12 1 11 7 12 1 1 1 10 100 12 1 1 11 12 1 10 12 1 10 12 1 1 10 12 1 1 10 12 1 11 100 12 1 1 11 12 1 10 12 1 10 7 12 1 1 1 1 1 1 1 1 1 1 1 1 1 1 1 1 1 1 100 1 1 1 1 1 1 1 1 100 1 100 1 1 1 1 1 1 1 1 1 1 1 1 1 1 1 1 1 1 1 1 1 1 1 1 1 1 1 1 1 1 1 1 1 100 1 1
staticfield sun/nio/ch/SelectorImpl $assertionsDisabled Z 1
ciInstanceKlass sun/nio/ch/WEPollSelectorImpl 1 1 329 7 1 10 7 12 1 1 1 7 1 10 12 1 9 7 12 1 1 1 7 1 10 9 12 1 1 7 1 10 9 12 1 1 9 12 1 10 12 1 1 9 12 1 1 10 12 1 1 9 12 1 7 1 10 12 1 9 12 1 1 100 1 10 12 1 1 10 12 1 10 12 1 1 10 7 12 1 1 1 9 12 1 1 10 12 1 1 10 7 1 9 12 1 10 12 1 1 9 12 1 1 10 100 12 1 1 1 100 1 10 7 1 5 0 10 7 12 1 1 1 10 12 1 10 12 1 10 12 1 1 10 7 12 1 1 10 12 1 1 10 12 1 10 10 12 1 1 11 7 12 1 1 1 7 1 10 12 1 1 10 10 12 1 1 11 7 12 1 1 1 10 12 1 10 12 1 10 12 1 1 10 12 1 10 12 1 1 10 12 1 1 11 12 1 1 10 12 1 10 12 1 1 10 7 12 1 1 1 10 12 1 10 12 1 1 10 12 1 10 12 1 9 12 1 10 12 10 11 12 1 11 12 1 1 10 7 12 1 1 1 100 1 10 12 1 10 12 1 1 9 12 1 1 9 12 1 9 12 1 9 12 1 9 12 1 10 7 12 1 1 1 1 3 1 1 1 1 1 1 1 1 1 1 1 1 1 100 1 1 1 1 1 1 1 1 1 1 1 1 1 100 1 100 1 1 1 1 1 1 1 1 1 1 1 1 1 1 1 1 1 1 1 1 1 1 1 1 1
staticfield sun/nio/ch/WEPollSelectorImpl $assertionsDisabled Z 1
ciInstanceKlass sun/nio/ch/WEPoll 1 1 137 10 100 12 1 1 1 9 7 12 1 1 1 9 12 1 1 10 7 12 1 1 1 10 12 1 1 10 12 1 1 9 12 1 9 12 1 10 12 1 10 12 1 1 10 12 1 9 12 1 1 100 1 10 9 12 1 10 7 12 1 1 1 10 12 1 1 10 12 1 1 10 7 12 1 1 10 12 1 10 12 1 10 12 1 1 1 3 1 3 1 3 1 1 1 3 1 3 1 3 1 3 1 1 1 1 1 1 1 1 1 1 1 1 1 1 1 1 1 1 1 1 1 1 1 1 1 100 1 1 1 1 1 1 1 1 1
staticfield sun/nio/ch/WEPoll UNSAFE Ljdk/internal/misc/Unsafe; jdk/internal/misc/Unsafe
staticfield sun/nio/ch/WEPoll ADDRESS_SIZE I 8
staticfield sun/nio/ch/WEPoll SIZEOF_EPOLLEVENT I 16
staticfield sun/nio/ch/WEPoll OFFSETOF_EVENTS I 0
staticfield sun/nio/ch/WEPoll OFFSETOF_SOCK I 8
staticfield sun/nio/ch/WEPoll $assertionsDisabled Z 1
ciInstanceKlass io/netty/channel/nio/SelectedSelectionKeySet 1 1 82 10 7 12 1 1 1 7 1 9 7 12 1 1 1 9 12 1 1 10 12 1 10 100 12 1 1 1 100 1 10 12 1 10 12 1 1 10 7 12 1 1 1 10 100 12 1 1 1 10 12 1 1 1 1 1 1 1 1 1 1 1 1 1 1 1 1 1 1 100 1 1 1 1 1 1 1 1 1 1 1 1
instanceKlass java/nio/channels/spi/AbstractSelectionKey
ciInstanceKlass java/nio/channels/SelectionKey 1 1 91 10 7 12 1 1 1 10 7 12 1 1 1 10 12 1 10 12 1 9 12 1 1 10 7 12 1 1 1 9 12 1 1 10 7 12 1 1 1 8 10 7 12 1 1 1 1 1 1 3 1 3 1 3 1 3 1 1 1 1 1 1 1 1 1 1 1 1 1 1 1 1 1 100 1 1 1 1 1 1 1 1 1 1 1 1 1 1 100 1 1
staticfield java/nio/channels/SelectionKey ATTACHMENT Ljava/lang/invoke/VarHandle; java/lang/invoke/VarHandleReferences$FieldInstanceReadWrite
instanceKlass sun/nio/ch/SelectionKeyImpl
ciInstanceKlass java/nio/channels/spi/AbstractSelectionKey 1 1 80 10 7 12 1 1 1 9 7 12 1 1 1 9 12 1 1 10 7 12 1 1 1 10 12 1 1 7 1 7 1 10 12 1 1 100 1 10 12 1 10 7 12 1 1 1 8 9 7 12 1 1 1 10 7 12 1 1 1 1 1 1 1 1 1 1 1 1 1 1 1 100 1 1 1 1 1 100 1 1
staticfield java/nio/channels/spi/AbstractSelectionKey INVALID Ljava/lang/invoke/VarHandle; java/lang/invoke/VarHandleBooleans$FieldInstanceReadWrite
ciInstanceKlass sun/nio/ch/SelectionKeyImpl 1 1 200 10 7 12 1 1 1 9 7 12 1 1 1 9 12 1 1 10 12 1 1 100 1 10 11 7 12 1 1 1 11 12 1 1 7 1 10 12 1 9 12 1 1 10 12 1 10 12 1 100 1 10 9 12 1 1 10 7 12 1 1 1 10 7 12 1 1 1 10 12 1 10 12 1 9 12 1 11 12 1 1 11 12 1 1 11 12 1 9 12 1 9 12 1 9 12 1 1 10 12 1 1 9 12 1 10 100 12 1 1 1 100 1 10 100 1 10 8 1 10 12 1 1 10 12 1 8 1 8 1 10 12 1 8 1 8 1 10 12 1 1 10 7 12 1 1 10 7 12 1 1 1 8 9 7 12 1 1 1 10 7 12 1 1 1 1 1 1 1 1 1 1 1 1 1 1 1 1 1 1 1 1 1 1 1 1 1 1 1 1 1 1 1 1 1 1 1 100 1 1
staticfield sun/nio/ch/SelectionKeyImpl INTERESTOPS Ljava/lang/invoke/VarHandle; java/lang/invoke/VarHandleInts$FieldInstanceReadWrite
staticfield sun/nio/ch/SelectionKeyImpl $assertionsDisabled Z 1
ciMethodData java/util/ArrayDeque inc (II)I 2 6493 orig 80 0 0 0 0 0 0 0 0 0 0 0 0 0 0 0 0 0 0 0 0 0 0 0 0 0 0 0 0 0 0 0 0 0 0 0 0 0 0 0 0 0 0 0 0 0 0 0 0 0 0 0 0 0 0 0 0 0 0 0 0 0 0 0 0 0 0 0 0 0 0 0 0 0 0 0 0 0 0 0 0 data 9 0x50007 0x180a 0x20 0x154 0x0 0x9 0x2 0x0 0x0 oops 0 methods 0
ciMethodData java/util/ArrayDeque elementAt ([Ljava/lang/Object;I)Ljava/lang/Object; 2 5187 orig 80 0 0 0 0 0 0 0 0 0 0 0 0 0 0 0 0 0 0 0 0 0 0 0 0 0 0 0 0 0 0 0 0 0 0 0 0 0 0 0 0 0 0 0 0 0 0 0 0 0 0 0 0 0 0 0 0 0 0 0 0 0 0 0 0 0 0 0 0 0 0 0 0 0 0 0 0 0 0 0 0 data 7 0x0 0x0 0x0 0x9 0x2 0x0 0x0 oops 0 methods 0
ciMethodData java/util/ArrayDeque pollFirst ()Ljava/lang/Object; 2 5120 orig 80 0 0 0 0 0 0 0 0 0 0 0 0 0 0 0 0 0 0 0 0 0 0 0 0 0 0 0 0 0 0 0 0 0 0 0 0 0 0 0 0 0 0 0 0 0 0 0 0 0 0 0 0 0 0 0 0 0 0 0 0 0 0 0 0 0 0 0 0 0 0 0 0 0 0 0 0 0 0 0 0 data 23 0xc0002 0x1400 0x110007 0x7a0 0x60 0xc60 0x170104 0x0 0x0 0x0 0x0 0x0 0x1c0002 0xc60 0x0 0x0 0x0 0x0 0x0 0x0 0x9 0x1 0x6 oops 0 methods 0
ciMethod java/nio/channels/spi/AbstractSelector deregister (Ljava/nio/channels/spi/AbstractSelectionKey;)V 4 0 3 0 0
ciMethod sun/nio/ch/WEPollSelectorImpl implDereg (Lsun/nio/ch/SelectionKeyImpl;)V 4 0 3 0 0
ciMethod sun/nio/ch/SelectorImpl implDereg (Lsun/nio/ch/SelectionKeyImpl;)V 0 0 1 0 -1
ciMethod sun/nio/ch/SelectorImpl processDeregisterQueue ()V 514 4 5379 0 -1
ciMethod sun/nio/ch/WEPoll ctl (JIJI)I 108 0 54 0 -1
ciMethod java/nio/channels/SelectionKey channel ()Ljava/nio/channels/SelectableChannel; 0 0 1 0 -1
ciMethod sun/nio/ch/SelectionKeyImpl getFDVal ()I 18 0 10 0 -1
ciMethod sun/nio/ch/SelectionKeyImpl channel ()Ljava/nio/channels/SelectableChannel; 34 0 19 0 0
ciMethod sun/nio/ch/SelectionKeyImpl registeredEvents (I)V 20 0 10 0 -1
ciMethod sun/nio/ch/SelectionKeyImpl registeredEvents ()I 20 0 10 0 -1
ciMethod java/nio/channels/spi/AbstractSelectionKey isValid ()Z 162 0 90 0 -1
ciMethod io/netty/channel/nio/SelectedSelectionKeySet remove (Ljava/lang/Object;)Z 6 0 3 0 0
ciMethodData sun/nio/ch/SelectorImpl processDeregisterQueue ()V 2 5122 orig 80 0 0 0 0 0 0 0 0 0 0 0 0 0 0 0 0 0 0 0 0 0 0 0 0 0 0 0 0 0 0 0 0 0 0 0 0 0 0 0 0 0 0 0 0 0 0 0 0 0 0 0 0 0 0 0 0 0 0 0 0 0 0 0 0 0 0 0 0 0 0 0 0 0 0 0 0 0 0 0 0 data 120 0x30007 0x1402 0x60 0x0 0x70002 0x0 0xa0007 0x0 0x30 0x0 0x110002 0x0 0x180007 0x1402 0x60 0x0 0x1f0002 0x0 0x220007 0x0 0x30 0x0 0x290002 0x0 0x380005 0x0 0x25ce33a90e8 0x1403 0x0 0x0 0x3d0104 0x0 0x25ce33a9190 0x1 0x0 0x0 0x420007 0x1402 0x228 0x1 0x470005 0x0 0x25ce33a9238 0x1 0x0 0x0 0x4f0005 0x0 0x25ce33a92e0 0x1 0x0 0x0 0x5a0005 0x0 0x25ce33a9388 0x1 0x0 0x0 0x620005 0x0 0x25ce33a9238 0x1 0x0 0x0 0x660005 0x0 0x25ce33a9190 0x1 0x0 0x0 0x6b0005 0x0 0x25ce33a9430 0x1 0x0 0x0 0x6e0007 0x0 0xd0 0x1 0x720005 0x0 0x25ce33a9430 0x1 0x0 0x0 0x750007 0x0 0x80 0x1 0x790004 0x0 0x25ce33a9430 0x1 0x0 0x0 0x7c0005 0x0 0x25ce33a9430 0x1 0x0 0x0 0x810003 0x1 0xfffffffffffffd90 0x860003 0x1402 0x18 0x0 0x0 0x0 0x0 0x0 0x0 0x0 0x9 0x1 0x0 0x890001 0x890001 oops 11 26 java/util/ArrayDeque 32 sun/nio/ch/SelectionKeyImpl 42 sun/nio/ch/WEPollSelectorImpl 48 io/netty/channel/nio/SelectedSelectionKeySet 54 java/util/concurrent/ConcurrentHashMap$KeySetView 60 sun/nio/ch/WEPollSelectorImpl 66 sun/nio/ch/SelectionKeyImpl 72 sun/nio/ch/SocketChannelImpl 82 sun/nio/ch/SocketChannelImpl 92 sun/nio/ch/SocketChannelImpl 98 sun/nio/ch/SocketChannelImpl methods 0
ciMethodData sun/nio/ch/SelectionKeyImpl channel ()Ljava/nio/channels/SelectableChannel; 1 2 orig 80 0 0 0 0 0 0 0 0 0 0 0 0 0 0 0 0 0 0 0 0 0 0 0 0 0 0 0 0 0 0 0 0 0 0 0 0 0 0 0 0 0 0 0 0 0 0 0 0 0 0 0 0 0 0 0 0 0 0 0 0 0 0 0 0 0 0 0 0 0 0 0 0 0 0 0 0 0 0 0 0 data 15 0x40004 0x0 0x25ce33a9430 0x2 0x0 0x0 0x0 0x0 0x0 0x0 0x0 0x0 0x9 0x1 0x0 oops 1 2 sun/nio/ch/SocketChannelImpl methods 0
compile sun/nio/ch/SelectorImpl processDeregisterQueue ()V -1 4 inline 5 0 -1 0 sun/nio/ch/SelectorImpl processDeregisterQueue ()V 1 56 0 java/util/ArrayDeque pollFirst ()Ljava/lang/Object; 2 12 0 java/util/ArrayDeque elementAt ([Ljava/lang/Object;I)Ljava/lang/Object; 2 28 0 java/util/ArrayDeque inc (II)I 1 79 0 io/netty/channel/nio/SelectedSelectionKeySet remove (Ljava/lang/Object;)Z
