version 2
JvmtiExport can_access_local_variables 0
JvmtiExport can_hotswap_or_post_breakpoint 1
JvmtiExport can_post_on_exceptions 0
# 268 ciObject found
instanceKlass io/netty/util/concurrent/SingleThreadEventExecutor
ciInstanceKlass java/lang/Cloneable 1 0 7 100 1 100 1 1 1
instanceKlass com/firebase/core/namespace/OperationResponseIgnored$
instanceKlass com/firebase/core/namespace/RecoverNamespaceFailure$
instanceKlass com/firebase/core/namespace/CredentialExpired
instanceKlass  @bci com/firebase/core/namespace/NamespaceActor $anonfun$handleEnvelope$3 (Lcom/firebase/core/namespace/NamespaceActor;Lakka/actor/ActorRef;Lscala/concurrent/ExecutionContext;Lcom/firebase/core/namespace/NamespaceEnvelope;Lcom/firebase/core/namespace/NamespaceEnvelope;)Lscala/concurrent/Future; 145 <appendix> member <vmtarget> ; # com/firebase/core/namespace/NamespaceActor$$Lambda+0x000000000950c868
instanceKlass com/firebase/core/namespace/MessageNames$Internal$
instanceKlass  @bci jdk/internal/reflect/MethodHandleIntegerFieldAccessorImpl getInt (Ljava/lang/Object;)I 20 <adapter> ; # java/lang/invoke/LambdaForm$MH+0x0000000009511000
# instanceKlass java/lang/invoke/LambdaForm$MH+0x0000000009510c00
# instanceKlass java/lang/invoke/LambdaForm$BMH+0x0000000009510800
# instanceKlass java/lang/invoke/LambdaForm$DMH+0x0000000009510400
# instanceKlass java/lang/invoke/LambdaForm$MH+0x0000000009510000
instanceKlass  @bci com/firebase/server/client/NettyHttpBesieger $anonfun$new$1 (Lcom/firebase/server/client/NettyHttpBesieger;)V 8 <appendix> member <vmtarget> ; # com/firebase/server/client/NettyHttpBesieger$$Lambda+0x000000000950c198
instanceKlass  @bci com/firebase/server/client/SingleHostChannelPool numAcquiredChannels ()Lscala/concurrent/Future; 48 <appendix> member <vmtarget> ; # com/firebase/server/client/SingleHostChannelPool$$Lambda+0x000000000950bf68
instanceKlass  @bci com/firebase/server/router/HttpRequestQueue $anonfun$startNextRequest$1 (Lcom/firebase/server/router/HttpRequestQueue;)Lscala/Function0; 56 <appendix> argL0 ; # com/firebase/server/router/HttpRequestQueue$$Lambda+0x000000000950bc78
instanceKlass  @bci com/firebase/server/router/RequestQueueWriter finish ()V 2 <appendix> member <vmtarget> ; # com/firebase/server/router/RequestQueueWriter$$Lambda+0x000000000950b980
instanceKlass io/netty/util/internal/PromiseNotificationUtil
instanceKlass io/netty/handler/stream/ChunkedInput
instanceKlass io/netty/handler/stream/ChunkedWriteHandler$PendingWrite
instanceKlass  @bci com/firebase/server/response/FirebaseEncoder encode (Lio/netty/channel/ChannelHandlerContext;Lcom/firebase/server/response/messages/CustomHttpResponder;Ljava/util/List;)V 51 <appendix> member <vmtarget> ; # com/firebase/server/response/FirebaseEncoder$$Lambda+0x000000000950ab20
instanceKlass  @bci com/firebase/server/response/FirebaseEncoder encode (Lio/netty/channel/ChannelHandlerContext;Lcom/firebase/server/response/messages/CustomHttpResponder;Ljava/util/List;)V 34 <appendix> member <vmtarget> ; # com/firebase/server/response/FirebaseEncoder$$Lambda+0x000000000950a738
instanceKlass  @bci com/firebase/server/response/FirebaseEncoder encode (Lio/netty/channel/ChannelHandlerContext;Lcom/firebase/server/response/messages/CustomHttpResponder;Ljava/util/List;)V 17 <appendix> member <vmtarget> ; # com/firebase/server/response/FirebaseEncoder$$Lambda+0x000000000950a350
instanceKlass com/firebase/server/response/FirebaseEncoder$
instanceKlass  @bci com/firebase/server/rest/messages/JsonResponder response ()Lio/netty/handler/codec/http/HttpResponse; 162 <appendix> member <vmtarget> ; # com/firebase/server/rest/messages/JsonResponder$$Lambda+0x0000000009509cd8
instanceKlass  @bci com/firebase/server/rest/messages/JsonResponder response ()Lio/netty/handler/codec/http/HttpResponse; 145 <appendix> argL0 ; # com/firebase/server/rest/messages/JsonResponder$$Lambda+0x0000000009509a08
instanceKlass com/firebase/server/response/messages/ContentTypes$
instanceKlass  @bci com/firebase/server/rest/messages/JsonResponder prepareContent (Lcom/firebase/server/http/HttpRequestParameters;Lio/netty/buffer/ByteBuf;)Lio/netty/buffer/ByteBuf; 26 <appendix> member <vmtarget> ; # com/firebase/server/rest/messages/JsonResponder$$Lambda+0x0000000009509518
instanceKlass  @bci com/firebase/server/rest/messages/JsonResponder prepareContent (Lcom/firebase/server/http/HttpRequestParameters;Lio/netty/buffer/ByteBuf;)Lio/netty/buffer/ByteBuf; 17 <appendix> member <vmtarget> ; # com/firebase/server/rest/messages/JsonResponder$$Lambda+0x0000000009509130
instanceKlass  @bci com/firebase/server/router/RequestQueueWriter write (Ljava/lang/Object;)V 3 <appendix> member <vmtarget> ; # com/firebase/server/router/RequestQueueWriter$$Lambda+0x0000000009508e38
instanceKlass  @bci com/firebase/server/router/RequestQueueWriter writeAndFinish (Ljava/lang/Object;)V 3 <appendix> member <vmtarget> ; # com/firebase/server/router/RequestQueueWriter$$Lambda+0x0000000009508b40
instanceKlass com/firebase/server/rest/messages/JsonResponder
instanceKlass  @bci com/firebase/server/rest/package$ handleRestHttpResponse (Lcom/firebase/server/router/decoder/DecodedRequest;Lcom/firebase/server/router/PipelinedChannelWriter;Lscala/util/Try;)I 36 <appendix> member <vmtarget> ; # com/firebase/server/rest/package$$$Lambda+0x00000000095083e8
instanceKlass  @bci com/firebase/server/rest/package$ $anonfun$handleRestHttpResponse$3 (Lcom/firebase/server/router/PipelinedChannelWriter;Lcom/firebase/server/router/decoder/DecodedRequest;Lcom/firebase/server/rest/RestHttpResult;)Lcom/firebase/util/result/package$Result; 38 <appendix> member <vmtarget> ; # com/firebase/server/rest/package$$$Lambda+0x0000000009508000
instanceKlass  @bci com/firebase/server/rest/package$ $anonfun$handleRestHttpResponse$3 (Lcom/firebase/server/router/PipelinedChannelWriter;Lcom/firebase/server/router/decoder/DecodedRequest;Lcom/firebase/server/rest/RestHttpResult;)Lcom/firebase/util/result/package$Result; 29 <appendix> member <vmtarget> ; # com/firebase/server/rest/package$$$Lambda+0x0000000009500c00
instanceKlass com/fasterxml/jackson/databind/ser/impl/PropertySerializerMap$SerializerAndMapResult
instanceKlass com/fasterxml/jackson/databind/ser/std/StdKeySerializers
instanceKlass com/fasterxml/jackson/annotation/JsonInclude
instanceKlass com/fasterxml/jackson/databind/ser/impl/PropertySerializerMap
instanceKlass com/fasterxml/jackson/annotation/JsonIgnoreProperties
instanceKlass com/fasterxml/jackson/annotation/JsonIgnoreProperties$Value
instanceKlass com/fasterxml/jackson/annotation/JsonFilter
instanceKlass  @bci java/lang/ClassLoader definePackage (Ljava/lang/String;Ljava/lang/Module;)Ljava/lang/Package; 73 <appendix> member <vmtarget> ; # java/lang/ClassLoader$$Lambda+0x00000000093f1188
instanceKlass  @bci jdk/internal/loader/BootLoader$PackageHelper findModule (Ljava/lang/String;)Ljava/lang/Module; 90 <appendix> member <vmtarget> ; # jdk/internal/loader/BootLoader$PackageHelper$$Lambda+0x00000000093f0f58
instanceKlass jdk/internal/loader/BootLoader$PackageHelper
instanceKlass com/fasterxml/jackson/databind/util/StdConverter
instanceKlass com/fasterxml/jackson/annotation/JsonIdentityInfo
instanceKlass com/fasterxml/jackson/annotation/JsonAutoDetect
instanceKlass com/fasterxml/jackson/databind/introspect/POJOPropertiesCollector
instanceKlass com/fasterxml/jackson/databind/introspect/AnnotationCollector$OneAnnotation
instanceKlass  @bci sun/reflect/annotation/AnnotationParser parseEnumArray (ILjava/lang/Class;Ljava/nio/ByteBuffer;Ljdk/internal/reflect/ConstantPool;Ljava/lang/Class;)Ljava/lang/Object; 16 <appendix> member <vmtarget> ; # sun/reflect/annotation/AnnotationParser$$Lambda+0x00000000093f08b8
instanceKlass com/fasterxml/jackson/annotation/JacksonAnnotationsInside
instanceKlass  @bci com/firebase/util/encoding/json/SizeLimitedOutputDecorator decorate (Lcom/fasterxml/jackson/core/io/IOContext;Ljava/io/OutputStream;)Ljava/io/OutputStream; 14 <appendix> member <vmtarget> ; # com/firebase/util/encoding/json/SizeLimitedOutputDecorator$$Lambda+0x0000000009506560
instanceKlass  @bci com/firebase/util/encoding/json/SizeLimitedOutputDecorator decorate (Lcom/fasterxml/jackson/core/io/IOContext;Ljava/io/OutputStream;)Ljava/io/OutputStream; 5 <appendix> member <vmtarget> ; # com/firebase/util/encoding/json/SizeLimitedOutputDecorator$$Lambda+0x0000000009505f10
instanceKlass  @bci com/firebase/util/encoding/snapshot/SnapshotWriter writeValue (Ljava/io/OutputStream;Ljava/lang/Object;)V 13 <appendix> member <vmtarget> ; # com/firebase/util/encoding/snapshot/SnapshotWriter$$Lambda+0x0000000009505540
instanceKlass com/firebase/server/rest/RenderableResponse
instanceKlass com/firebase/server/rest/RawResponse
instanceKlass com/firebase/server/networking/package$BufferRenderable$
instanceKlass com/firebase/server/networking/package$BufferRenderable
instanceKlass  @bci com/firebase/core/namespace/BoundedNamespaceOperationsQueue dequeueBatch ()Lscala/Option; 155 <appendix> member <vmtarget> ; # com/firebase/core/namespace/BoundedNamespaceOperationsQueue$$Lambda+0x00000000095043e8
instanceKlass  @bci com/firebase/server/rest/package$ handleRestHttpResponse (Lcom/firebase/server/router/decoder/DecodedRequest;Lcom/firebase/server/router/PipelinedChannelWriter;Lscala/util/Try;)I 20 <appendix> member <vmtarget> ; # com/firebase/server/rest/package$$$Lambda+0x0000000009504000
instanceKlass  @bci com/firebase/core/namespace/OperationQueue oldestKeyFilter (Lscala/Function1;)Lscala/Option; 45 <appendix> argL0 ; # com/firebase/core/namespace/OperationQueue$$Lambda+0x00000000094ff9c8
instanceKlass  @bci com/firebase/server/rest/package$ handleRestHttpResponse (Lcom/firebase/server/router/decoder/DecodedRequest;Lcom/firebase/server/router/PipelinedChannelWriter;Lscala/util/Try;)I 10 <appendix> argL0 ; # com/firebase/server/rest/package$$$Lambda+0x00000000094ff5e8
instanceKlass  @bci com/firebase/core/namespace/OperationQueue oldestKeyFilter (Lscala/Function1;)Lscala/Option; 34 <appendix> argL0 ; # com/firebase/core/namespace/OperationQueue$$Lambda+0x00000000094ff208
instanceKlass  @bci com/firebase/server/rest/RestHandler $anonfun$handleHttpResponse$2 (Lcom/firebase/server/router/decoder/NamespaceRequest;Lcom/firebase/server/router/PipelinedChannelWriter;Lcom/firebase/server/rest/RestHttpResult;Lscala/Option;)I 3 <appendix> member <vmtarget> ; # com/firebase/server/rest/RestHandler$$Lambda+0x00000000094fef10
instanceKlass  @bci com/firebase/core/namespace/OperationQueue oldestKeyFilter (Lscala/Function1;)Lscala/Option; 12 <appendix> member <vmtarget> ; # com/firebase/core/namespace/OperationQueue$$Lambda+0x00000000094feb28
instanceKlass  @cpi com/firebase/server/rest/RestHandler 324 form vmentry <vmtarget> ; # java/lang/invoke/LambdaForm$DMH+0x0000000009500800
instanceKlass com/firebase/util/collections/package$GenTraversableExtensions$
instanceKlass  @bci com/firebase/server/rest/RestHandler $anonfun$handleHttpResponse$1 (Lcom/firebase/server/rest/RestHandler;Lcom/firebase/server/router/decoder/NamespaceRequest;Lcom/firebase/server/router/PipelinedChannelWriter;Lscala/Option;Lscala/util/Try;)Lscala/util/Try; 131 <appendix> member <vmtarget> ; # com/firebase/server/rest/RestHandler$$Lambda+0x00000000094fe620
instanceKlass  @bci com/firebase/core/namespace/OperationQueue oldestKey ()Lscala/Option; 1 <appendix> argL0 ; # com/firebase/core/namespace/OperationQueue$$Lambda+0x00000000094fe240
instanceKlass  @cpi com/firebase/server/rest/RestHandler 323 form vmentry <vmtarget> ; # java/lang/invoke/LambdaForm$DMH+0x0000000009500400
instanceKlass com/firebase/server/rest/ShouldProxyRequest
instanceKlass  @bci com/firebase/core/persistence/backend/dummy/DummyDataPersistenceLayer doGarbageCollection ()V 5 <appendix> member <vmtarget> ; # com/firebase/core/persistence/backend/dummy/DummyDataPersistenceLayer$$Lambda+0x00000000094fdb78
instanceKlass  @cpi com/firebase/core/persistence/backend/dummy/DummyDataPersistenceLayer 188 form vmentry <vmtarget> ; # java/lang/invoke/LambdaForm$DMH+0x0000000009500000
instanceKlass com/firebase/server/rest/RestSuccess$
instanceKlass  @bci com/firebase/server/rest/package$RestFutureHelper$ $anonfun$toSpecial$1 (Lscala/PartialFunction;Lscala/concurrent/Future;Lcom/firebase/core/namespace/VisibleOperationResult;)Lcom/firebase/server/rest/HandlerResult; 3 <appendix> member <vmtarget> ; # com/firebase/server/rest/package$RestFutureHelper$$$Lambda+0x00000000094fd568
instanceKlass  @bci com/firebase/core/namespace/NamespaceManager doMaintenance ()Lcom/firebase/util/result/package$Result; 5 <appendix> member <vmtarget> ; # com/firebase/core/namespace/NamespaceManager$$Lambda+0x00000000094fd270
instanceKlass com/firebase/core/namespace/client/LatencyTracking$
instanceKlass  @bci com/firebase/util/concurrent/FutureHelpers$ $anonfun$foldLeft$1 (Lscala/collection/Iterator;Lscala/concurrent/ExecutionContext;Lscala/Function2;Ljava/lang/Object;)Lscala/concurrent/Future; 7 <appendix> argL0 ; # com/firebase/util/concurrent/FutureHelpers$$$Lambda+0x00000000094fcc80
instanceKlass com/firebase/core/namespace/SuspendedResult
instanceKlass com/firebase/core/namespace/NamespaceFailure
instanceKlass  @bci com/firebase/core/namespace/NamespaceActor $anonfun$handleMessageGroup$5 (Lcom/firebase/core/namespace/NamespaceActor;Lakka/actor/ActorRef;Lcom/firebase/core/namespace/NamespaceEnvelope;Ljava/util/concurrent/ConcurrentLinkedQueue;Ljava/util/concurrent/ConcurrentLinkedQueue;Lcom/firebase/core/namespace/OperationResult;)V 11 <appendix> member <vmtarget> ; # com/firebase/core/namespace/NamespaceActor$$Lambda+0x00000000094fc2c8
instanceKlass  @bci com/firebase/core/namespace/NamespaceActor $anonfun$handleNewRules$1 (Lcom/firebase/core/namespace/NamespaceActor;Ljava/lang/String;Lcom/firebase/core/namespace/OperationSuccess;)Lcom/firebase/util/result/package$Result; 351 <appendix> argL0 ; # com/firebase/core/namespace/NamespaceActor$$Lambda+0x00000000094fbee8
instanceKlass  @bci com/firebase/core/namespace/StateManager syncStatus ()V 16 <appendix> member <vmtarget> ; # com/firebase/core/namespace/StateManager$$Lambda+0x00000000094fbc10
instanceKlass  @bci com/firebase/core/namespace/NamespaceActor $anonfun$new$5 (Lcom/firebase/core/namespace/NamespaceActor;Lcom/firebase/core/metadata/NamespaceMetadata;Lcom/firebase/core/metadata/NamespaceMetadata;)V 66 <appendix> argL0 ; # com/firebase/core/namespace/NamespaceActor$$Lambda+0x00000000094fb830
instanceKlass com/firebase/core/namespace/InternalError
instanceKlass com/firebase/core/namespace/UnavailableWithDelay
instanceKlass com/firebase/core/namespace/VisibleDelayedFailure
instanceKlass  @bci com/firebase/core/namespace/view/BroadcastActor handleNoReply (Lcom/firebase/core/namespace/view/NoReply;)V 25 <appendix> member <vmtarget> ; # com/firebase/core/namespace/view/BroadcastActor$$Lambda+0x00000000094fabf8
instanceKlass  @bci com/firebase/core/namespace/view/BroadcastActor$$anonfun$receive$1 $anonfun$applyOrElse$7 (Lcom/firebase/core/namespace/view/BroadcastActor$$anonfun$receive$1;Lcom/firebase/core/namespace/view/BroadcastOperation;)V 9 <appendix> member <vmtarget> ; # com/firebase/core/namespace/view/BroadcastActor$$anonfun$receive$1$$Lambda+0x00000000094fa900
instanceKlass  @bci com/firebase/core/stats/NamespaceStats timeBroadcastActor (Lscala/Function0;)V 5 <appendix> member <vmtarget> ; # com/firebase/core/stats/NamespaceStats$$Lambda+0x00000000094fa4f8
instanceKlass com/firebase/core/namespace/Unavailable
instanceKlass  @bci com/firebase/core/namespace/view/BroadcastActor$$anonfun$receive$1 $anonfun$applyOrElse$6 (Lcom/firebase/core/namespace/view/BroadcastActor$$anonfun$receive$1;Lcom/firebase/core/namespace/view/BroadcastOperation;)V 9 <appendix> member <vmtarget> ; # com/firebase/core/namespace/view/BroadcastActor$$anonfun$receive$1$$Lambda+0x00000000094f9ef0
instanceKlass com/firebase/core/namespace/Unauthorized
instanceKlass  @bci com/firebase/core/namespace/view/BroadcastActor$$anonfun$receive$1 applyOrElse (Ljava/lang/Object;Lscala/Function1;)Ljava/lang/Object; 37 <appendix> member <vmtarget> ; # com/firebase/core/namespace/view/BroadcastActor$$anonfun$receive$1$$Lambda+0x00000000094f96d0
instanceKlass com/firebase/core/namespace/OperationResult$
instanceKlass  @bci com/firebase/core/util/CorkedQueue logResult (Ljava/lang/Object;)V 3 <appendix> member <vmtarget> ; # com/firebase/core/util/CorkedQueue$$Lambda+0x00000000094f93f8
instanceKlass com/firebase/core/namespace/view/NoReply
instanceKlass  @bci com/firebase/core/namespace/NamespaceActor reevaluateAllListens (Lcom/firebase/core/namespace/NamespaceManager;Lcom/firebase/util/data/RequestContext;Lcom/firebase/util/data/ReadContext;)V 21 <appendix> member <vmtarget> ; # com/firebase/core/namespace/NamespaceActor$$Lambda+0x00000000094f8b40
instanceKlass com/firebase/core/namespace/access/PersistentNamespaceAccessor
instanceKlass  @bci com/firebase/core/namespace/NamespaceActor $anonfun$new$6 (Lcom/firebase/core/namespace/NamespaceActor;Lcom/firebase/util/data/RequestContext;Lcom/firebase/core/namespace/IndexedViewChanges;)Lcom/firebase/core/namespace/OperationSuccess; 5 <appendix> member <vmtarget> ; # com/firebase/core/namespace/NamespaceActor$$Lambda+0x00000000094f8208
instanceKlass com/firebase/core/namespace/ViewChange
instanceKlass  @bci com/firebase/core/namespace/NamespaceActor $anonfun$new$5 (Lcom/firebase/core/namespace/NamespaceActor;Lcom/firebase/core/metadata/NamespaceMetadata;Lcom/firebase/core/metadata/NamespaceMetadata;)V 52 <appendix> member <vmtarget> ; # com/firebase/core/namespace/NamespaceActor$$Lambda+0x00000000094f1400
instanceKlass  @bci com/firebase/core/namespace/NamespaceManager setStableRules (Lcom/firebase/core/namespace/rules/tree/RuleNode;)Lcom/firebase/util/result/package$Result; 134 <appendix> member <vmtarget> ; # com/firebase/core/namespace/NamespaceManager$$Lambda+0x00000000094f1ac0
instanceKlass com/firebase/core/namespace/IndexedViewChanges
instanceKlass  @bci com/firebase/core/namespace/package$ catchingPersistenceExceptionsWithNestedResult (Lscala/Function0;)Lcom/firebase/util/result/package$Result; 9 <appendix> argL0 ; # com/firebase/core/namespace/package$$$Lambda+0x00000000094f3ad0
instanceKlass  @bci com/firebase/core/namespace/NamespaceManager $anonfun$loadInitialData$1 (Lcom/firebase/core/namespace/NamespaceManager;Lscala/collection/immutable/Set;)Lscala/collection/immutable/Set; 11 <appendix> member <vmtarget> ; # com/firebase/core/namespace/NamespaceManager$$Lambda+0x00000000094f3508
instanceKlass com/firebase/core/namespace/PartialAddViewChange
instanceKlass  @bci com/firebase/core/namespace/package$ catchingPersistenceExceptions (Lscala/Function0;)Lcom/firebase/util/result/package$Result; 2 <appendix> member <vmtarget> ; # com/firebase/core/namespace/package$$$Lambda+0x00000000094f2f60
instanceKlass  @bci com/firebase/core/namespace/NamespaceManager loadInitialData (Lscala/collection/immutable/Set;)Lcom/firebase/util/result/package$Result; 5 <appendix> member <vmtarget> ; # com/firebase/core/namespace/NamespaceManager$$Lambda+0x00000000094f2c88
instanceKlass com/firebase/core/namespace/IndexedListenerResult
instanceKlass  @bci com/firebase/util/collections/tree/Tree mapHelper (Lscala/collection/immutable/List;Lscala/Function2;Lcom/firebase/util/memory/package$CanSize;)Lcom/firebase/util/collections/tree/Tree; 55 <appendix> argL0 ; # com/firebase/util/collections/tree/Tree$$Lambda+0x00000000094f23e8
instanceKlass  @bci com/firebase/util/collections/tree/Tree mapHelper (Lscala/collection/immutable/List;Lscala/Function2;Lcom/firebase/util/memory/package$CanSize;)Lcom/firebase/util/collections/tree/Tree; 37 <appendix> member <vmtarget> ; # com/firebase/util/collections/tree/Tree$$Lambda+0x00000000094f2000
instanceKlass  @bci com/firebase/util/collections/map/FbMapBuilder mapResult (Lscala/Function2;)Lcom/firebase/util/collections/map/FbMap; 127 <appendix> member <vmtarget> ; # com/firebase/util/collections/map/FbMapBuilder$$Lambda+0x00000000094f76d8
instanceKlass com/firebase/util/collections/tree/MutableFbRedBlackTree$
instanceKlass com/firebase/util/collections/FbCompositeSeq$
instanceKlass  @bci com/firebase/util/collections/map/FbMapBuilder result ()Lcom/firebase/util/collections/map/FbMap; 1 <appendix> argL0 ; # com/firebase/util/collections/map/FbMapBuilder$$Lambda+0x00000000094f4000
instanceKlass com/firebase/util/collections/tree/MutableFbRedBlackTree$Tree
instanceKlass com/firebase/util/collections/tree/MutableFbRedBlackTree$Tree$
instanceKlass com/firebase/util/collections/map/FbMapBuilder
instanceKlass com/firebase/util/collections/Builder2
instanceKlass scala/collection/generic/SortedMapFactory$SortedMapCanBuildFrom
instanceKlass  @bci com/firebase/util/collections/tree/Tree mapHelper (Lscala/collection/immutable/List;Lscala/Function2;Lcom/firebase/util/memory/package$CanSize;)Lcom/firebase/util/collections/tree/Tree; 7 <appendix> member <vmtarget> ; # com/firebase/util/collections/tree/Tree$$Lambda+0x00000000094eed10
instanceKlass  @bci com/firebase/core/namespace/NamespaceManager reevaluateIndexedListeners (Lcom/firebase/core/namespace/rules/util/IndexTree;Lcom/firebase/util/collections/tree/Tree;)Lcom/firebase/core/namespace/IndexedListenerResult; 27 <appendix> member <vmtarget> ; # com/firebase/core/namespace/NamespaceManager$$Lambda+0x00000000094ee748
instanceKlass com/firebase/core/namespace/view/ListenMap
instanceKlass  @bci com/firebase/core/namespace/NamespaceManager updateRules (Ljava/lang/String;)Lcom/firebase/util/result/package$Result; 6 <appendix> member <vmtarget> ; # com/firebase/core/namespace/NamespaceManager$$Lambda+0x00000000094edef8
instanceKlass  @bci com/firebase/util/misc/MutableProvider set (Ljava/lang/Object;)V 24 <appendix> member <vmtarget> ; # com/firebase/util/misc/MutableProvider$$Lambda+0x00000000094edb10
instanceKlass  @bci com/firebase/core/metadata/MetadataField update (Lcom/firebase/core/metadata/NamespaceMetadata;JLcom/firebase/core/metadata/NamespaceUpdateOptions;)Lcom/firebase/core/metadata/NamespaceMetadata; 18 <appendix> member <vmtarget> ; # com/firebase/core/metadata/MetadataField$$Lambda+0x00000000094ed838
instanceKlass  @bci com/firebase/core/metadata/MetadataField update (Lcom/firebase/core/metadata/NamespaceMetadata;JLcom/firebase/core/metadata/NamespaceUpdateOptions;)Lcom/firebase/core/metadata/NamespaceMetadata; 9 <appendix> member <vmtarget> ; # com/firebase/core/metadata/MetadataField$$Lambda+0x00000000094ed448
instanceKlass  @cpi com/firebase/core/metadata/MetadataField 29 form vmentry <vmtarget> ; # java/lang/invoke/LambdaForm$DMH+0x00000000094f1000
instanceKlass  @bci com/firebase/core/metadata/NamespaceMetadata updatedCopy (Lcom/firebase/core/metadata/NamespaceUpdateOptions;J)Lcom/firebase/core/metadata/NamespaceMetadata; 9 <adapter> ; # java/lang/invoke/LambdaForm$MH+0x00000000094f0c00
# instanceKlass java/lang/invoke/LambdaForm$DMH+0x00000000094f0800
instanceKlass  @bci com/firebase/core/metadata/NamespaceMetadata updatedCopy (Lcom/firebase/core/metadata/NamespaceUpdateOptions;J)Lcom/firebase/core/metadata/NamespaceMetadata; 9 <appendix> form vmentry <vmtarget> ; # java/lang/invoke/LambdaForm$DMH+0x00000000094f0400
instanceKlass  @bci com/firebase/core/metadata/NamespaceMetadata updatedCopy (Lcom/firebase/core/metadata/NamespaceUpdateOptions;J)Lcom/firebase/core/metadata/NamespaceMetadata; 9 <appendix> member <vmtarget> ; # com/firebase/core/metadata/NamespaceMetadata$$Lambda+0x00000000094ece80
instanceKlass  @cpi com/firebase/core/metadata/NamespaceMetadata 408 form vmentry <vmtarget> ; # java/lang/invoke/LambdaForm$DMH+0x00000000094f0000
instanceKlass  @bci com/firebase/core/namespace/NamespaceActor persistMetadataResult (Lcom/firebase/core/metadata/NamespaceUpdateOptions;)Lcom/firebase/util/result/package$Result; 288 <appendix> member <vmtarget> ; # com/firebase/core/namespace/NamespaceActor$$Lambda+0x00000000094ec8b8
instanceKlass  @bci com/firebase/core/namespace/NamespaceActor persistMetadataResult (Lcom/firebase/core/metadata/NamespaceUpdateOptions;)Lcom/firebase/util/result/package$Result; 63 <appendix> member <vmtarget> ; # com/firebase/core/namespace/NamespaceActor$$Lambda+0x00000000094ec4d0
instanceKlass  @bci scala/collection/SeqLike sorted (Lscala/math/Ordering;)Ljava/lang/Object; 59 <appendix> member <vmtarget> ; # scala/collection/SeqLike$$Lambda+0x00000000094ec0e8
instanceKlass  @bci com/firebase/core/metadata/MetadataFields$ <init> ()V 271 <appendix> argL0 ; # com/firebase/core/metadata/MetadataFields$$$Lambda+0x00000000094ebd08
instanceKlass com/firebase/core/metadata/MetadataFields$
instanceKlass  @bci com/firebase/core/namespace/NamespaceActor persistMetadataResult (Lcom/firebase/core/metadata/NamespaceUpdateOptions;)Lcom/firebase/util/result/package$Result; 48 <appendix> member <vmtarget> ; # com/firebase/core/namespace/NamespaceActor$$Lambda+0x00000000094e52d8
instanceKlass com/firebase/core/metadata/NamespaceUpdateOptions
instanceKlass com/firebase/core/metadata/NamespaceUpdateOptions$
instanceKlass  @bci com/firebase/core/namespace/NamespaceActor handleNewRules (Ljava/lang/String;)Lcom/firebase/core/namespace/OperationResult; 10 <appendix> member <vmtarget> ; # com/firebase/core/namespace/NamespaceActor$$Lambda+0x00000000094e47f8
instanceKlass  @bci com/firebase/core/namespace/NamespaceManager validateRules (Ljava/lang/String;)Lcom/firebase/util/result/package$Result; 5 <appendix> argL0 ; # com/firebase/core/namespace/NamespaceManager$$Lambda+0x00000000094e4418
instanceKlass com/firebase/core/namespace/OperationSuccess
instanceKlass  @bci com/firebase/core/namespace/rules/tree/RuleNodeParser$RuleNodeParser parse (Z)Lcom/firebase/core/namespace/rules/tree/RuleNode; 137 <appendix> argL0 ; # com/firebase/core/namespace/rules/tree/RuleNodeParser$RuleNodeParser$$Lambda+0x00000000094e3a90
instanceKlass  @bci com/firebase/core/namespace/rules/json/JsonReader parseNextToken ()V 144 <appendix> argL0 ; # com/firebase/core/namespace/rules/json/JsonReader$$Lambda+0x00000000094e37c0
instanceKlass  @bci com/firebase/core/namespace/NamespaceBatchingActor$ActiveData recordOperation (Lcom/firebase/core/namespace/NamespaceBatchingActor$RequestId;)Lcom/firebase/core/namespace/NamespaceBatchingActor$ActiveData; 10 <appendix> member <vmtarget> ; # com/firebase/core/namespace/NamespaceBatchingActor$ActiveData$$Lambda+0x00000000094e34e8
instanceKlass  @bci com/firebase/core/namespace/NamespaceActor handleMessageGroup (Lcom/firebase/core/namespace/BoundedNamespaceOperationsQueue$NamespaceMessageGroup;Lscala/concurrent/ExecutionContext;)Lscala/concurrent/Future; 252 <appendix> member <vmtarget> ; # com/firebase/core/namespace/NamespaceActor$$Lambda+0x00000000094e3100
instanceKlass  @bci com/firebase/util/concurrent/FutureHelpers$ helper$1 (Lscala/collection/Iterator;Ljava/lang/Object;Lscala/Function2;Lscala/concurrent/ExecutionContext;)Lscala/concurrent/Future; 32 <appendix> member <vmtarget> ; # com/firebase/util/concurrent/FutureHelpers$$$Lambda+0x00000000094e2d18
instanceKlass  @bci com/firebase/core/namespace/NamespaceActor $anonfun$handleEnvelope$3 (Lcom/firebase/core/namespace/NamespaceActor;Lakka/actor/ActorRef;Lscala/concurrent/ExecutionContext;Lcom/firebase/core/namespace/NamespaceEnvelope;Lcom/firebase/core/namespace/NamespaceEnvelope;)Lscala/concurrent/Future; 286 <appendix> member <vmtarget> ; # com/firebase/core/namespace/NamespaceActor$$Lambda+0x00000000094e2a40
instanceKlass  @bci com/firebase/util/concurrent/FutureHelpers$ $anonfun$mapSequentially$1 (Lscala/Function1;Lscala/concurrent/ExecutionContext;Ljava/lang/Object;Lscala/collection/immutable/Queue;)Lscala/concurrent/Future; 11 <appendix> member <vmtarget> ; # com/firebase/util/concurrent/FutureHelpers$$$Lambda+0x00000000094e2658
instanceKlass com/firebase/core/namespace/DataRequestEnvelope
instanceKlass  @bci com/firebase/core/stats/NamespaceStats timeWithFuture (Lscala/Function0;Lscala/Function0;Lscala/concurrent/ExecutionContext;)Lscala/concurrent/Future; 28 <appendix> member <vmtarget> ; # com/firebase/core/stats/NamespaceStats$$Lambda+0x00000000094e1ee0
instanceKlass com/firebase/core/namespace/PersistentClientEnvelope
instanceKlass  @bci com/firebase/core/namespace/NamespaceActor $anonfun$handleMessageGroup$3 (Lcom/firebase/core/namespace/NamespaceActor;Ljava/util/concurrent/ConcurrentLinkedQueue;Lakka/actor/ActorRef;Lcom/firebase/core/namespace/NamespaceEnvelope;Lcom/google/common/base/Supplier;Lscala/concurrent/ExecutionContext;Ljava/util/concurrent/ConcurrentLinkedQueue;)Lscala/concurrent/Future; 35 <appendix> member <vmtarget> ; # com/firebase/core/namespace/NamespaceActor$$Lambda+0x00000000094e18f0
instanceKlass com/firebase/core/namespace/SuspendedEnvelope
instanceKlass  @bci com/firebase/core/namespace/NamespaceActor checkActive (Lcom/firebase/core/namespace/NamespaceEnvelope;Lscala/Function0;Lscala/Function1;Lscala/concurrent/ExecutionContext;)Lscala/concurrent/Future; 13 <appendix> member <vmtarget> ; # com/firebase/core/namespace/NamespaceActor$$Lambda+0x00000000094e0a28
instanceKlass  @bci com/firebase/core/namespace/StateManager checkActive (Lcom/firebase/core/namespace/NamespaceEnvelope;Lscala/Function0;Lscala/concurrent/ExecutionContext;)Lscala/concurrent/Future; 455 <appendix> member <vmtarget> ; # com/firebase/core/namespace/StateManager$$Lambda+0x00000000094e0640
instanceKlass  @bci com/firebase/core/namespace/NamespaceActor $anonfun$handleMessageGroup$1 (Lcom/firebase/core/namespace/NamespaceActor;)Lscala/concurrent/Future; 2 <appendix> member <vmtarget> ; # com/firebase/core/namespace/NamespaceActor$$Lambda+0x00000000094e0348
instanceKlass com/firebase/core/namespace/MetadataEnvelope
instanceKlass com/firebase/core/namespace/StateManager$Shutdown$
instanceKlass  @bci com/firebase/core/namespace/NamespaceActor $anonfun$handleEnvelope$2 (Lcom/firebase/core/namespace/NamespaceActor;Lcom/firebase/core/namespace/NamespaceEnvelope;Lscala/Function0;Lakka/actor/ActorRef;Lscala/concurrent/ExecutionContext;)Lscala/concurrent/Future; 8 <appendix> member <vmtarget> ; # com/firebase/core/namespace/NamespaceActor$$Lambda+0x00000000094ddad8
instanceKlass  @bci com/firebase/core/namespace/NamespaceActor $anonfun$handleEnvelope$1 (Lcom/firebase/core/namespace/NamespaceActor;Lcom/firebase/core/namespace/NamespaceEnvelope;Lscala/Function0;Lakka/actor/ActorRef;Lscala/concurrent/ExecutionContext;)Lscala/concurrent/Future; 16 <appendix> member <vmtarget> ; # com/firebase/core/namespace/NamespaceActor$$Lambda+0x00000000094dd800
instanceKlass com/firebase/util/misc/OperationCancelledException
instanceKlass com/firebase/util/misc/DynamicShutdownFlag$
instanceKlass  @bci com/firebase/core/namespace/NamespaceActor handleEnvelope (Lakka/actor/ActorRef;Lcom/firebase/core/namespace/NamespaceEnvelope;Lscala/Function0;Lscala/concurrent/ExecutionContext;)Lscala/concurrent/Future; 50 <appendix> member <vmtarget> ; # com/firebase/core/namespace/NamespaceActor$$Lambda+0x00000000094df3e8
instanceKlass com/firebase/core/namespace/Pathed
instanceKlass com/firebase/core/util/CurrentOperationInfo
instanceKlass com/firebase/core/util/CurrentOperationInfo$
instanceKlass  @bci com/firebase/core/namespace/NamespaceActor handleSingleMessage (Lakka/actor/ActorRef;Lcom/firebase/core/namespace/NamespaceEnvelope;Lscala/Function0;Lscala/concurrent/ExecutionContext;)Lscala/concurrent/Future; 60 <appendix> member <vmtarget> ; # com/firebase/core/namespace/NamespaceActor$$Lambda+0x00000000094deab8
instanceKlass  @bci com/firebase/core/namespace/NamespaceActor $anonfun$handleMessageGroup$3 (Lcom/firebase/core/namespace/NamespaceActor;Ljava/util/concurrent/ConcurrentLinkedQueue;Lakka/actor/ActorRef;Lcom/firebase/core/namespace/NamespaceEnvelope;Lcom/google/common/base/Supplier;Lscala/concurrent/ExecutionContext;Ljava/util/concurrent/ConcurrentLinkedQueue;)Lscala/concurrent/Future; 19 <appendix> member <vmtarget> ; # com/firebase/core/namespace/NamespaceActor$$Lambda+0x00000000094de7e0
instanceKlass  @bci com/firebase/core/namespace/NamespaceActor handleSingle$1 (Lakka/actor/ActorRef;Lcom/firebase/core/namespace/NamespaceEnvelope;Ljava/util/concurrent/ConcurrentLinkedQueue;Lcom/google/common/base/Supplier;Lscala/concurrent/ExecutionContext;Ljava/util/concurrent/ConcurrentLinkedQueue;)Lscala/concurrent/Future; 22 <appendix> member <vmtarget> ; # com/firebase/core/namespace/NamespaceActor$$Lambda+0x00000000094de508
instanceKlass  @bci com/firebase/core/stats/NamespaceStats timeNamespaceActorMessage (Lcom/firebase/core/namespace/MessageName;ZLscala/Function0;Lscala/concurrent/ExecutionContext;)Lscala/concurrent/Future; 141 <adapter> ; # java/lang/invoke/LambdaForm$MH+0x00000000094dd000
# instanceKlass java/lang/invoke/LambdaForm$DMH+0x00000000094dcc00
instanceKlass  @bci com/firebase/core/stats/NamespaceStats timeNamespaceActorMessage (Lcom/firebase/core/namespace/MessageName;ZLscala/Function0;Lscala/concurrent/ExecutionContext;)Lscala/concurrent/Future; 141 <appendix> form vmentry <vmtarget> ; # java/lang/invoke/LambdaForm$DMH+0x00000000094dc800
instanceKlass  @bci com/firebase/core/stats/NamespaceStats timeNamespaceActorMessage (Lcom/firebase/core/namespace/MessageName;ZLscala/Function0;Lscala/concurrent/ExecutionContext;)Lscala/concurrent/Future; 141 <appendix> member <vmtarget> ; # com/firebase/core/stats/NamespaceStats$$Lambda+0x00000000094de210
instanceKlass  @cpi com/firebase/core/stats/NamespaceStats 1627 form vmentry <vmtarget> ; # java/lang/invoke/LambdaForm$DMH+0x00000000094dc400
instanceKlass com/firebase/util/stats/RCTimingCounter
instanceKlass  @bci com/firebase/core/namespace/NamespaceDispatcher $anonfun$performSerial$1 (Lcom/firebase/core/namespace/NamespaceDispatcher;Lscala/Function2;Lscala/concurrent/ExecutionContext;Lcom/firebase/core/namespace/NamespaceEnvelopePair;)Lscala/concurrent/Future; 64 <appendix> member <vmtarget> ; # com/firebase/core/namespace/NamespaceDispatcher$$Lambda+0x00000000094dbc00
instanceKlass com/firebase/core/namespace/MessageNames$Admin$
instanceKlass  @bci com/firebase/util/concurrent/FutureHelpers$ mapSequentially (Lscala/collection/Seq;Lscala/Function1;Lscala/concurrent/ExecutionContext;)Lscala/concurrent/Future; 10 <appendix> member <vmtarget> ; # com/firebase/util/concurrent/FutureHelpers$$$Lambda+0x00000000094da8f8
instanceKlass  @bci com/firebase/core/namespace/NamespaceDispatcher performSerial (Lscala/collection/Seq;Lscala/Function2;Lscala/concurrent/ExecutionContext;)Lscala/concurrent/Future; 7 <appendix> member <vmtarget> ; # com/firebase/core/namespace/NamespaceDispatcher$$Lambda+0x00000000094da510
instanceKlass com/firebase/util/concurrent/FutureHelpers$
instanceKlass  @bci com/firebase/core/namespace/NamespaceActor handleMessageGroup (Lcom/firebase/core/namespace/BoundedNamespaceOperationsQueue$NamespaceMessageGroup;Lscala/concurrent/ExecutionContext;)Lscala/concurrent/Future; 220 <appendix> form vmentry <vmtarget> ; # java/lang/invoke/LambdaForm$DMH+0x00000000094dc000
instanceKlass  @bci com/firebase/core/namespace/NamespaceActor handleMessageGroup (Lcom/firebase/core/namespace/BoundedNamespaceOperationsQueue$NamespaceMessageGroup;Lscala/concurrent/ExecutionContext;)Lscala/concurrent/Future; 220 <appendix> member <vmtarget> ; # com/firebase/core/namespace/NamespaceActor$$Lambda+0x00000000094d9d38
instanceKlass com/firebase/core/namespace/BoundedNamespaceOperationsQueue$BatchedWritesGroup
instanceKlass com/firebase/core/namespace/BoundedNamespaceOperationsQueue$ParallelReadsGroup
instanceKlass com/google/common/base/Suppliers$MemoizingSupplier
instanceKlass com/google/common/base/Suppliers$NonSerializableMemoizingSupplier
instanceKlass  @bci com/firebase/core/namespace/NamespaceActor handleMessageGroup (Lcom/firebase/core/namespace/BoundedNamespaceOperationsQueue$NamespaceMessageGroup;Lscala/concurrent/ExecutionContext;)Lscala/concurrent/Future; 19 <appendix> member <vmtarget> ; # com/firebase/core/namespace/NamespaceActor$$Lambda+0x00000000094d9080
instanceKlass  @bci com/firebase/core/namespace/NamespaceBatchingActor com$firebase$core$namespace$NamespaceBatchingActor$$next (Lcom/firebase/core/namespace/NamespaceBatchingActor$ActiveData;)Lcom/firebase/core/namespace/NamespaceBatchingActor$ActiveData; 156 <appendix> member <vmtarget> ; # com/firebase/core/namespace/NamespaceBatchingActor$$Lambda+0x00000000094d8da8
instanceKlass  @bci com/firebase/core/namespace/NamespaceBatchingActor com$firebase$core$namespace$NamespaceBatchingActor$$next (Lcom/firebase/core/namespace/NamespaceBatchingActor$ActiveData;)Lcom/firebase/core/namespace/NamespaceBatchingActor$ActiveData; 139 <appendix> member <vmtarget> ; # com/firebase/core/namespace/NamespaceBatchingActor$$Lambda+0x00000000094d89c0
instanceKlass com/firebase/core/namespace/BoundedNamespaceOperationsQueue$SingleMessageGroup
instanceKlass com/firebase/util/collections/package$
instanceKlass com/firebase/util/collections/package$MutableQueueExtensions$
instanceKlass  @bci com/firebase/core/namespace/NamespaceBatchingActor$ActiveData completeOperation (Lcom/firebase/core/namespace/NamespaceBatchingActor$RequestId;)Lcom/firebase/core/namespace/NamespaceBatchingActor$ActiveData; 11 <appendix> member <vmtarget> ; # com/firebase/core/namespace/NamespaceBatchingActor$ActiveData$$Lambda+0x00000000094d1c00
instanceKlass com/firebase/core/namespace/NamespaceBatchingActor$ShutdownComplete
instanceKlass  @bci com/firebase/core/namespace/NamespaceBatchingActor$$anonfun$wrapAsync$2 applyOrElse (Lscala/util/Try;Lscala/Function1;)Ljava/lang/Object; 44 <appendix> member <vmtarget> ; # com/firebase/core/namespace/NamespaceBatchingActor$$anonfun$wrapAsync$2$$Lambda+0x00000000094d3888
instanceKlass com/firebase/core/namespace/NamespaceBatchingActor$OperationComplete
instanceKlass akka/dispatch/MessageDispatcher$$anon$2
instanceKlass akka/dispatch/MessageDispatcher$
instanceKlass  @bci scala/concurrent/Future $anonfun$andThen$1 (Lscala/PartialFunction;Lscala/concurrent/ExecutionContext;Lscala/util/Try;)Lscala/util/Try; 2 <appendix> argL0 ; # scala/concurrent/Future$$Lambda+0x00000000094d2d90
instanceKlass com/firebase/core/persistence/OnDisconnectOperation$OnDisconnectClear
instanceKlass com/firebase/core/persistence/OnDisconnectOperation$OnDisconnectUpdate
instanceKlass com/firebase/core/persistence/OnDisconnectOperation$OnDisconnectInsert
instanceKlass com/firebase/core/persistence/OnDisconnectOperation$OnDisconnectClearAll$
instanceKlass com/firebase/core/persistence/data/PipelinedWritePersistence$Batching
instanceKlass  @bci com/firebase/core/persistence/data/PipelinedWritePersistence$$anon$1 clearAll ()V 5 <appendix> member <vmtarget> ; # com/firebase/core/persistence/data/PipelinedWritePersistence$$anon$1$$Lambda+0x00000000094d7840
instanceKlass  @bci com/firebase/core/stats/NamespaceStats timeInitOnDisconnectClear (Lscala/Function0;)Ljava/lang/Object; 5 <appendix> member <vmtarget> ; # com/firebase/core/stats/NamespaceStats$$Lambda+0x00000000094d7438
instanceKlass  @bci com/firebase/core/namespace/NamespaceActor $anonfun$initializeOnDisconnectMap$1 (Lcom/firebase/core/namespace/NamespaceActor;Lcom/firebase/util/data/RequestContext;Lcom/firebase/util/data/ReadContext;)V 59 <appendix> member <vmtarget> ; # com/firebase/core/namespace/NamespaceActor$$Lambda+0x00000000094d7140
instanceKlass  @bci com/firebase/core/namespace/NamespaceActor $anonfun$initializeOnDisconnectMap$1 (Lcom/firebase/core/namespace/NamespaceActor;Lcom/firebase/util/data/RequestContext;Lcom/firebase/util/data/ReadContext;)V 44 <appendix> member <vmtarget> ; # com/firebase/core/namespace/NamespaceActor$$Lambda+0x00000000094d6d58
instanceKlass  @bci scala/collection/IterableLike grouped (I)Lscala/collection/Iterator; 13 <appendix> member <vmtarget> ; # scala/collection/IterableLike$$Lambda+0x00000000094d6970
instanceKlass  @bci com/firebase/core/stats/NamespaceStats countInitOnDisconnectOps (Lscala/collection/Iterable;)V 29 <appendix> argL0 ; # com/firebase/core/stats/NamespaceStats$$Lambda+0x00000000094d5658
instanceKlass akka/actor/FSM$SingleMode$
instanceKlass  @bci com/firebase/core/namespace/NamespaceActor $anonfun$initializeOnDisconnectMap$2 (Lcom/firebase/core/namespace/NamespaceActor;Lcom/firebase/util/data/RequestContext;)Lscala/collection/Iterable; 30 <appendix> member <vmtarget> ; # com/firebase/core/namespace/NamespaceActor$$Lambda+0x00000000094d4fb0
instanceKlass  @bci com/firebase/core/stats/StatsHelper$ timeOperationNanoAsync (Lscala/Function0;Lscala/Function1;Lscala/concurrent/ExecutionContext;)Lscala/concurrent/Future; 21 <adapter> ; # java/lang/invoke/LambdaForm$MH+0x00000000094d1800
instanceKlass  @bci com/firebase/core/persistence/backend/dummy/DummyOnDisconnectPersistence readAll (JJ)Lscala/collection/Iterable; 23 <appendix> argL0 ; # com/firebase/core/persistence/backend/dummy/DummyOnDisconnectPersistence$$Lambda+0x00000000094d4bd0
instanceKlass  @bci com/firebase/core/stats/StatsHelper$ timeOperationNanoAsync (Lscala/Function0;Lscala/Function1;Lscala/concurrent/ExecutionContext;)Lscala/concurrent/Future; 21 <appendix> form vmentry <vmtarget> ; # java/lang/invoke/LambdaForm$DMH+0x00000000094d1400
instanceKlass  @bci com/firebase/core/persistence/backend/dummy/DummyOnDisconnectPersistence readAll (JJ)Lscala/collection/Iterable; 9 <appendix> argL0 ; # com/firebase/core/persistence/backend/dummy/DummyOnDisconnectPersistence$$Lambda+0x00000000094d47f0
instanceKlass  @bci com/firebase/core/stats/StatsHelper$ timeOperationNanoAsync (Lscala/Function0;Lscala/Function1;Lscala/concurrent/ExecutionContext;)Lscala/concurrent/Future; 21 <appendix> member <vmtarget> ; # com/firebase/core/stats/StatsHelper$$$Lambda+0x00000000094d4408
instanceKlass  @cpi com/firebase/core/stats/StatsHelper$ 112 form vmentry <vmtarget> ; # java/lang/invoke/LambdaForm$DMH+0x00000000094d1000
instanceKlass  @bci com/firebase/core/stats/NamespaceStats timeInitOnDisconnectQuery (Lscala/Function0;)Ljava/lang/Object; 5 <appendix> member <vmtarget> ; # com/firebase/core/stats/NamespaceStats$$Lambda+0x00000000094d4000
instanceKlass  @bci com/firebase/core/namespace/NamespaceActor $anonfun$initializeOnDisconnectMap$1 (Lcom/firebase/core/namespace/NamespaceActor;Lcom/firebase/util/data/RequestContext;Lcom/firebase/util/data/ReadContext;)V 6 <appendix> member <vmtarget> ; # com/firebase/core/namespace/NamespaceActor$$Lambda+0x00000000094cf9c8
instanceKlass  @bci com/firebase/core/stats/NamespaceStats timeNamespaceBatchingActorOperation (Lscala/Function0;Lscala/concurrent/ExecutionContext;)Lscala/concurrent/Future; 5 <appendix> member <vmtarget> ; # com/firebase/core/stats/NamespaceStats$$Lambda+0x00000000094cf5c0
instanceKlass  @cpi com/firebase/core/stats/NamespaceStats 1629 form vmentry <vmtarget> ; # java/lang/invoke/LambdaForm$DMH+0x00000000094d0c00
instanceKlass  @bci com/firebase/core/stats/NamespaceStats timeInitOnDisconnect (Lscala/Function0;)Ljava/lang/Object; 5 <appendix> member <vmtarget> ; # com/firebase/core/stats/NamespaceStats$$Lambda+0x00000000094cf1b8
instanceKlass scala/runtime/java8/JFunction1$mcVJ$sp
instanceKlass  @bci com/firebase/core/stats/StatsHelper$ <init> ()V 98 <appendix> argL0 ; # com/firebase/core/stats/StatsHelper$$$Lambda+0x00000000094cecc0
instanceKlass  @cpi com/firebase/core/stats/StatsHelper$ 108 form vmentry <vmtarget> ; # java/lang/invoke/LambdaForm$DMH+0x00000000094d0800
instanceKlass  @bci com/firebase/core/stats/StatsHelper$ <init> ()V 65 <appendix> member <vmtarget> ; # com/firebase/core/stats/StatsHelper$$$Lambda+0x00000000094ce9c8
instanceKlass  @cpi com/firebase/core/stats/StatsHelper$ 105 form vmentry <vmtarget> ; # java/lang/invoke/LambdaForm$DMH+0x00000000094d0400
instanceKlass sun/management/ThreadImpl
instanceKlass com/sun/management/ThreadMXBean
instanceKlass dk/brics/automaton/MinimizationOperations$IntPair
instanceKlass dk/brics/automaton/MinimizationOperations$StateListNode
instanceKlass dk/brics/automaton/MinimizationOperations$StateList
instanceKlass dk/brics/automaton/TransitionComparator
instanceKlass java/util/DualPivotQuicksort
instanceKlass dk/brics/automaton/MinimizationOperations
instanceKlass dk/brics/automaton/BasicOperations
instanceKlass dk/brics/automaton/Transition
instanceKlass dk/brics/automaton/State
instanceKlass dk/brics/automaton/BasicAutomata
instanceKlass dk/brics/automaton/RegExp2$1
instanceKlass  @bci com/firebase/core/namespace/NamespaceActor initializeOnDisconnectMap ()V 27 <appendix> member <vmtarget> ; # com/firebase/core/namespace/NamespaceActor$$Lambda+0x00000000094cc0a0
instanceKlass  @cpi com/firebase/core/namespace/NamespaceActor 2190 form vmentry <vmtarget> ; # java/lang/invoke/LambdaForm$DMH+0x00000000094d0000
instanceKlass dk/brics/automaton/RegExp2
instanceKlass com/firebase/util/data/RequestContext
instanceKlass com/firebase/core/stats/StatsHelper$
instanceKlass com/firebase/util/data/RequestContext$
instanceKlass  @bci com/firebase/core/namespace/NamespaceBatchingActor wrapAsync (Lscala/Function0;)Lcom/firebase/core/namespace/NamespaceBatchingActor$RequestId; 98 <appendix> member <vmtarget> ; # com/firebase/core/namespace/NamespaceBatchingActor$$Lambda+0x00000000094cb3b8
instanceKlass  @bci com/firebase/core/namespace/NamespaceActor $anonfun$activateFbkv$5 (Lcom/firebase/core/namespace/NamespaceActor;)V 2 <appendix> member <vmtarget> ; # com/firebase/core/namespace/NamespaceActor$$Lambda+0x00000000094cb0c0
instanceKlass  @bci com/firebase/core/util/LoggingExecutionContextExecutor $anonfun$execute$2 (Lcom/firebase/core/util/LoggingExecutionContextExecutor;Ljava/lang/Runnable;)V 4 <appendix> member <vmtarget> ; # com/firebase/core/util/LoggingExecutionContextExecutor$$Lambda+0x00000000094ca960
instanceKlass  @bci com/firebase/core/namespace/NamespaceBatchingActor $anonfun$wrapDefaultAsync$1 (Lcom/firebase/core/namespace/NamespaceBatchingActor;Lscala/Function0;)Lscala/concurrent/Future; 9 <appendix> argL0 ; # com/firebase/core/namespace/NamespaceBatchingActor$$Lambda+0x00000000094ca580
instanceKlass  @bci com/firebase/core/util/LoggingExecutionContextExecutor $anonfun$execute$1 (Lcom/firebase/core/util/LoggingExecutionContextExecutor;Ljava/lang/Runnable;)V 6 <appendix> member <vmtarget> ; # com/firebase/core/util/LoggingExecutionContextExecutor$$Lambda+0x00000000094ca350
instanceKlass  @bci com/firebase/core/util/LoggingExecutionContextExecutor execute (Ljava/lang/Runnable;)V 5 <appendix> member <vmtarget> ; # com/firebase/core/util/LoggingExecutionContextExecutor$$Lambda+0x00000000094ca058
instanceKlass  @bci scala/concurrent/Future$ apply (Lscala/Function0;Lscala/concurrent/ExecutionContext;)Lscala/concurrent/Future; 5 <appendix> member <vmtarget> ; # scala/concurrent/Future$$$Lambda+0x00000000094c9c70
instanceKlass  @bci com/firebase/core/namespace/NamespaceActor $anonfun$activateFbkv$4 (Lcom/firebase/core/namespace/NamespaceActor;)Lscala/concurrent/Future; 2 <appendix> member <vmtarget> ; # com/firebase/core/namespace/NamespaceActor$$Lambda+0x00000000094c9978
instanceKlass com/firebase/core/namespace/NamespaceBatchingActor$RequestId
instanceKlass  @bci com/firebase/core/namespace/NamespaceBatchingActor com$firebase$core$namespace$NamespaceBatchingActor$$wrapDefaultAsync (Lscala/Function0;)Lcom/firebase/core/namespace/NamespaceBatchingActor$RequestId; 3 <appendix> member <vmtarget> ; # com/firebase/core/namespace/NamespaceBatchingActor$$Lambda+0x00000000094c8ff0
instanceKlass  @bci com/firebase/core/namespace/NamespaceBatchingActor$$anonfun$1 applyOrElse (Lakka/actor/FSM$Event;Lscala/Function1;)Ljava/lang/Object; 89 <appendix> member <vmtarget> ; # com/firebase/core/namespace/NamespaceBatchingActor$$anonfun$1$$Lambda+0x00000000094c8d18
instanceKlass com/firebase/core/namespace/NamespaceBatchingActor$ActiveData
instanceKlass scala/collection/mutable/RedBlackTree$Node
instanceKlass scala/collection/mutable/RedBlackTree$Node$
instanceKlass com/firebase/core/namespace/NamespaceEnvelopePair
instanceKlass  @bci scala/collection/mutable/HashMap iterator ()Lscala/collection/Iterator; 4 <appendix> argL0 ; # scala/collection/mutable/HashMap$$Lambda+0x00000000094c59b8
instanceKlass  @bci com/firebase/core/namespace/OperationQueue size ()I 8 <appendix> argL0 ; # com/firebase/core/namespace/OperationQueue$$Lambda+0x00000000094c53f8
instanceKlass scala/collection/TraversableOnce$reverser$1$
instanceKlass scala/collection/mutable/RedBlackTree$TreeIterator
instanceKlass  @bci com/firebase/core/namespace/NamespaceActor $anonfun$activateFbkv$1 (Lcom/firebase/core/namespace/NamespaceActor;Lcom/firebase/core/namespace/FbkvInitSource;JJLscala/util/Try;)V 339 <appendix> member <vmtarget> ; # com/firebase/core/namespace/NamespaceActor$$Lambda+0x00000000094c67d0
instanceKlass scala/collection/mutable/RedBlackTree$
instanceKlass  @bci com/firebase/core/namespace/BoundedNamespaceOperationsQueue numMessages ()I 8 <appendix> argL0 ; # com/firebase/core/namespace/BoundedNamespaceOperationsQueue$$Lambda+0x00000000094c6000
instanceKlass  @bci com/firebase/core/namespace/NamespaceActor $anonfun$activateFbkv$1 (Lcom/firebase/core/namespace/NamespaceActor;Lcom/firebase/core/namespace/FbkvInitSource;JJLscala/util/Try;)V 316 <appendix> member <vmtarget> ; # com/firebase/core/namespace/NamespaceActor$$Lambda+0x00000000094c3ab0
instanceKlass com/firebase/core/namespace/FbkvInitSource$Handoff
instanceKlass  @bci com/firebase/core/namespace/NamespaceActor com$firebase$core$namespace$NamespaceActor$$activateFbkv (Lcom/firebase/core/namespace/FbkvInitSource;Lcom/firebase/util/data/ReadContext;)V 45 <adapter> ; # java/lang/invoke/LambdaForm$MH+0x00000000094c4c00
# instanceKlass java/lang/invoke/LambdaForm$DMH+0x00000000094c4800
instanceKlass  @bci com/firebase/core/namespace/NamespaceActor com$firebase$core$namespace$NamespaceActor$$activateFbkv (Lcom/firebase/core/namespace/FbkvInitSource;Lcom/firebase/util/data/ReadContext;)V 45 <appendix> form vmentry <vmtarget> ; # java/lang/invoke/LambdaForm$DMH+0x00000000094c4400
instanceKlass  @bci com/firebase/core/namespace/NamespaceActor com$firebase$core$namespace$NamespaceActor$$activateFbkv (Lcom/firebase/core/namespace/FbkvInitSource;Lcom/firebase/util/data/ReadContext;)V 45 <appendix> member <vmtarget> ; # com/firebase/core/namespace/NamespaceActor$$Lambda+0x00000000094c33e0
instanceKlass  @cpi com/firebase/core/namespace/NamespaceActor 2025 form vmentry <vmtarget> ; # java/lang/invoke/LambdaForm$DMH+0x00000000094c4000
instanceKlass com/firebase/core/persistence/data/ActivateStat
instanceKlass com/firebase/util/data/ReadContext
instanceKlass com/firebase/util/data/ReadContext$
instanceKlass com/firebase/core/namespace/AttemptFbkvSurvey
instanceKlass  @bci com/firebase/core/namespace/NamespaceBatchingActor$$anonfun$1 applyOrElse (Lakka/actor/FSM$Event;Lscala/Function1;)Ljava/lang/Object; 525 <appendix> member <vmtarget> ; # com/firebase/core/namespace/NamespaceBatchingActor$$anonfun$1$$Lambda+0x00000000094c2568
instanceKlass com/firebase/core/namespace/NamespaceBatchingActor$Ready
instanceKlass com/firebase/core/namespace/NamespaceBatchingActor$InternalMessage
instanceKlass akka/actor/FSM$Event
instanceKlass akka/routing/Deafen
instanceKlass akka/actor/FSM$UnsubscribeTransitionCallBack
instanceKlass akka/routing/Listen
instanceKlass akka/routing/ListenerMessage
instanceKlass akka/actor/FSM$SubscribeTransitionCallBack
instanceKlass akka/actor/FSM$Timer
instanceKlass akka/actor/FSM$TimeoutMarker
instanceKlass  @bci com/firebase/core/stats/NamespaceStats addOperationsQueueCountGauge (Lscala/Function0;)V 26 <appendix> member <vmtarget> ; # com/firebase/core/stats/NamespaceStats$$Lambda+0x00000000094c02f8
instanceKlass  @bci com/firebase/core/stats/NamespaceStats addOperationsQueueCountGauge (Lscala/Function0;)V 10 <appendix> member <vmtarget> ; # com/firebase/core/stats/NamespaceStats$$Lambda+0x00000000094c0000
instanceKlass  @bci com/firebase/core/namespace/NamespaceBatchingActor onStart ()V 11 <appendix> member <vmtarget> ; # com/firebase/core/namespace/NamespaceBatchingActor$$Lambda+0x00000000094bc400
instanceKlass  @bci com/firebase/core/stats/NamespaceStats addMailboxGauge (Lscala/Function0;)V 26 <appendix> member <vmtarget> ; # com/firebase/core/stats/NamespaceStats$$Lambda+0x00000000094bcaf8
instanceKlass  @bci com/firebase/core/stats/NamespaceStats addMailboxGauge (Lscala/Function0;)V 10 <appendix> member <vmtarget> ; # com/firebase/core/stats/NamespaceStats$$Lambda+0x00000000094bc800
instanceKlass  @bci com/firebase/core/namespace/NamespaceActor <init> (Lcom/firebase/util/misc/MutableProvider;Lcom/firebase/core/util/HostInfo;Lcom/firebase/core/persistence/PersistenceConfig;Lcom/firebase/core/stats/NamespaceStats;Lscala/Function2;Lscala/Function2;Lscala/Function1;Lcom/firebase/core/security/CrmClient;Lcom/firebase/core/security/TokenServiceClients;Lcom/firebase/core/security/CredentialVerifier;Lscala/concurrent/ExecutionContextExecutor;Lscala/concurrent/ExecutionContextExecutor;Ljava/time/Clock;)V 504 <appendix> member <vmtarget> ; # com/firebase/core/namespace/NamespaceActor$$Lambda+0x00000000094bd6e0
instanceKlass  @bci com/firebase/core/namespace/NamespaceActor <init> (Lcom/firebase/util/misc/MutableProvider;Lcom/firebase/core/util/HostInfo;Lcom/firebase/core/persistence/PersistenceConfig;Lcom/firebase/core/stats/NamespaceStats;Lscala/Function2;Lscala/Function2;Lscala/Function1;Lcom/firebase/core/security/CrmClient;Lcom/firebase/core/security/TokenServiceClients;Lcom/firebase/core/security/CredentialVerifier;Lscala/concurrent/ExecutionContextExecutor;Lscala/concurrent/ExecutionContextExecutor;Ljava/time/Clock;)V 498 <appendix> member <vmtarget> ; # com/firebase/core/namespace/NamespaceActor$$Lambda+0x00000000094bd2f8
instanceKlass  @bci com/firebase/core/namespace/NamespaceActor <init> (Lcom/firebase/util/misc/MutableProvider;Lcom/firebase/core/util/HostInfo;Lcom/firebase/core/persistence/PersistenceConfig;Lcom/firebase/core/stats/NamespaceStats;Lscala/Function2;Lscala/Function2;Lscala/Function1;Lcom/firebase/core/security/CrmClient;Lcom/firebase/core/security/TokenServiceClients;Lcom/firebase/core/security/CredentialVerifier;Lscala/concurrent/ExecutionContextExecutor;Lscala/concurrent/ExecutionContextExecutor;Ljava/time/Clock;)V 467 <appendix> member <vmtarget> ; # com/firebase/core/namespace/NamespaceActor$$Lambda+0x00000000094bd000
instanceKlass  @bci com/firebase/core/namespace/NamespaceActor <init> (Lcom/firebase/util/misc/MutableProvider;Lcom/firebase/core/util/HostInfo;Lcom/firebase/core/persistence/PersistenceConfig;Lcom/firebase/core/stats/NamespaceStats;Lscala/Function2;Lscala/Function2;Lscala/Function1;Lcom/firebase/core/security/CrmClient;Lcom/firebase/core/security/TokenServiceClients;Lcom/firebase/core/security/CredentialVerifier;Lscala/concurrent/ExecutionContextExecutor;Lscala/concurrent/ExecutionContextExecutor;Ljava/time/Clock;)V 461 <appendix> member <vmtarget> ; # com/firebase/core/namespace/NamespaceActor$$Lambda+0x00000000094bf958
instanceKlass com/firebase/core/namespace/NamespaceActor$DebugHandler
instanceKlass  @bci com/firebase/core/namespace/NamespaceActor <init> (Lcom/firebase/util/misc/MutableProvider;Lcom/firebase/core/util/HostInfo;Lcom/firebase/core/persistence/PersistenceConfig;Lcom/firebase/core/stats/NamespaceStats;Lscala/Function2;Lscala/Function2;Lscala/Function1;Lcom/firebase/core/security/CrmClient;Lcom/firebase/core/security/TokenServiceClients;Lcom/firebase/core/security/CredentialVerifier;Lscala/concurrent/ExecutionContextExecutor;Lscala/concurrent/ExecutionContextExecutor;Ljava/time/Clock;)V 420 <appendix> member <vmtarget> ; # com/firebase/core/namespace/NamespaceActor$$Lambda+0x00000000094bf0b8
instanceKlass  @bci com/firebase/core/namespace/NamespaceActor <init> (Lcom/firebase/util/misc/MutableProvider;Lcom/firebase/core/util/HostInfo;Lcom/firebase/core/persistence/PersistenceConfig;Lcom/firebase/core/stats/NamespaceStats;Lscala/Function2;Lscala/Function2;Lscala/Function1;Lcom/firebase/core/security/CrmClient;Lcom/firebase/core/security/TokenServiceClients;Lcom/firebase/core/security/CredentialVerifier;Lscala/concurrent/ExecutionContextExecutor;Lscala/concurrent/ExecutionContextExecutor;Ljava/time/Clock;)V 410 <appendix> member <vmtarget> ; # com/firebase/core/namespace/NamespaceActor$$Lambda+0x00000000094beaf0
instanceKlass  @bci com/firebase/core/stats/NamespaceStats addDataClientQueueBytesCount ()V 26 <appendix> member <vmtarget> ; # com/firebase/core/stats/NamespaceStats$$Lambda+0x00000000094be2f8
instanceKlass  @bci com/firebase/core/stats/NamespaceStats addDataClientQueueBytesCount ()V 10 <appendix> member <vmtarget> ; # com/firebase/core/stats/NamespaceStats$$Lambda+0x00000000094be000
instanceKlass  @bci com/firebase/core/stats/NamespaceStats addDataClientQueueMessagesCount ()V 26 <appendix> member <vmtarget> ; # com/firebase/core/stats/NamespaceStats$$Lambda+0x00000000094bbd00
instanceKlass  @bci com/firebase/core/stats/NamespaceStats addDataClientQueueMessagesCount ()V 10 <appendix> member <vmtarget> ; # com/firebase/core/stats/NamespaceStats$$Lambda+0x00000000094bba08
instanceKlass  @bci com/firebase/core/stats/NamespaceStats addDisconnectClientsGauge (Lscala/Function0;)V 10 <appendix> member <vmtarget> ; # com/firebase/core/stats/NamespaceStats$$Lambda+0x00000000094bb710
instanceKlass  @bci com/firebase/core/namespace/NamespaceActor <init> (Lcom/firebase/util/misc/MutableProvider;Lcom/firebase/core/util/HostInfo;Lcom/firebase/core/persistence/PersistenceConfig;Lcom/firebase/core/stats/NamespaceStats;Lscala/Function2;Lscala/Function2;Lscala/Function1;Lcom/firebase/core/security/CrmClient;Lcom/firebase/core/security/TokenServiceClients;Lcom/firebase/core/security/CredentialVerifier;Lscala/concurrent/ExecutionContextExecutor;Lscala/concurrent/ExecutionContextExecutor;Ljava/time/Clock;)V 348 <appendix> member <vmtarget> ; # com/firebase/core/namespace/NamespaceActor$$Lambda+0x00000000094bb418
instanceKlass  @bci com/firebase/core/stats/NamespaceStats addDisconnectNodesGauge (Lscala/Function0;)V 10 <appendix> member <vmtarget> ; # com/firebase/core/stats/NamespaceStats$$Lambda+0x00000000094bb120
instanceKlass  @bci com/firebase/core/namespace/NamespaceActor <init> (Lcom/firebase/util/misc/MutableProvider;Lcom/firebase/core/util/HostInfo;Lcom/firebase/core/persistence/PersistenceConfig;Lcom/firebase/core/stats/NamespaceStats;Lscala/Function2;Lscala/Function2;Lscala/Function1;Lcom/firebase/core/security/CrmClient;Lcom/firebase/core/security/TokenServiceClients;Lcom/firebase/core/security/CredentialVerifier;Lscala/concurrent/ExecutionContextExecutor;Lscala/concurrent/ExecutionContextExecutor;Ljava/time/Clock;)V 337 <appendix> member <vmtarget> ; # com/firebase/core/namespace/NamespaceActor$$Lambda+0x00000000094bae28
instanceKlass  @bci com/firebase/core/stats/NamespaceStats addDisconnectBytesGauge (Lscala/Function0;)V 10 <appendix> member <vmtarget> ; # com/firebase/core/stats/NamespaceStats$$Lambda+0x00000000094bab30
instanceKlass  @bci com/firebase/core/namespace/NamespaceActor <init> (Lcom/firebase/util/misc/MutableProvider;Lcom/firebase/core/util/HostInfo;Lcom/firebase/core/persistence/PersistenceConfig;Lcom/firebase/core/stats/NamespaceStats;Lscala/Function2;Lscala/Function2;Lscala/Function1;Lcom/firebase/core/security/CrmClient;Lcom/firebase/core/security/TokenServiceClients;Lcom/firebase/core/security/CredentialVerifier;Lscala/concurrent/ExecutionContextExecutor;Lscala/concurrent/ExecutionContextExecutor;Ljava/time/Clock;)V 326 <appendix> member <vmtarget> ; # com/firebase/core/namespace/NamespaceActor$$Lambda+0x00000000094ba838
instanceKlass  @cpi com/firebase/core/namespace/NamespaceBatchingActor 350 form vmentry <vmtarget> ; # java/lang/invoke/LambdaForm$DMH+0x00000000094bc000
instanceKlass com/firebase/util/concurrent/LimitedExecutionContext
instanceKlass com/firebase/core/namespace/SuperUserEnvelope
instanceKlass com/firebase/core/namespace/NamespaceDispatcher
instanceKlass com/firebase/core/namespace/BoundedNamespaceOperationsQueue$
instanceKlass  @bci com/firebase/core/namespace/NamespaceActor newDispatcher (Lscala/Option;)Lcom/firebase/core/namespace/NamespaceDispatcher; 13 <appendix> argL0 ; # com/firebase/core/namespace/NamespaceActor$$Lambda+0x00000000094b8de8
instanceKlass com/firebase/core/namespace/FbkvInitSource$SurveyIdle
instanceKlass  @bci com/firebase/core/namespace/NamespaceActor com$firebase$core$namespace$NamespaceActor$$surveyFbkv (I)V 76 <appendix> member <vmtarget> ; # com/firebase/core/namespace/NamespaceActor$$Lambda+0x00000000094b8460
instanceKlass akka/actor/Scheduler$$anon$6
instanceKlass com/firebase/core/namespace/FbkvInitSource$Failover$
instanceKlass com/firebase/core/namespace/AttemptFbkvInit
instanceKlass com/firebase/core/namespace/InternalEnvelope
instanceKlass akka/actor/NotInfluenceReceiveTimeout
instanceKlass com/firebase/core/namespace/Status$Shutdown$
instanceKlass  @bci com/firebase/core/namespace/StateManager <init> (Lcom/firebase/util/misc/Provider;Lcom/firebase/core/namespace/StateManager$Listener;Lcom/firebase/core/stats/NamespaceStats;)V 56 <appendix> member <vmtarget> ; # com/firebase/core/namespace/StateManager$$Lambda+0x00000000094b6ad0
instanceKlass com/firebase/core/namespace/Status$Active$
instanceKlass com/firebase/core/metadata/Disabled$
instanceKlass com/firebase/core/metadata/Paused$
instanceKlass com/firebase/core/namespace/StateManager$Active$
instanceKlass com/firebase/core/namespace/Status
instanceKlass com/firebase/core/namespace/StateManager$TransientState
instanceKlass com/firebase/core/namespace/StateManager
instanceKlass  @bci com/firebase/core/namespace/NamespaceManager <init> (Lcom/firebase/core/stats/NamespaceStats;Lcom/firebase/util/misc/Provider;Lscala/Function1;Lscala/concurrent/ExecutionContext;Lcom/firebase/util/misc/ShutdownFlag;Lscala/Option;Lcom/firebase/core/namespace/rules/tracker/RuleTrackerFactory;)V 885 <appendix> member <vmtarget> ; # com/firebase/core/namespace/NamespaceManager$$Lambda+0x00000000094b52f0
instanceKlass com/firebase/core/namespace/SecurityListenerNode
instanceKlass  @bci com/firebase/core/namespace/NamespaceManager <init> (Lcom/firebase/core/stats/NamespaceStats;Lcom/firebase/util/misc/Provider;Lscala/Function1;Lscala/concurrent/ExecutionContext;Lcom/firebase/util/misc/ShutdownFlag;Lscala/Option;Lcom/firebase/core/namespace/rules/tracker/RuleTrackerFactory;)V 861 <appendix> member <vmtarget> ; # com/firebase/core/namespace/NamespaceManager$$Lambda+0x00000000094b4cd8
instanceKlass  @bci com/firebase/core/namespace/NamespaceManager <init> (Lcom/firebase/core/stats/NamespaceStats;Lcom/firebase/util/misc/Provider;Lscala/Function1;Lscala/concurrent/ExecutionContext;Lcom/firebase/util/misc/ShutdownFlag;Lscala/Option;Lcom/firebase/core/namespace/rules/tracker/RuleTrackerFactory;)V 655 <appendix> member <vmtarget> ; # com/firebase/core/namespace/NamespaceManager$$Lambda+0x00000000094b49e0
instanceKlass  @bci com/firebase/core/namespace/rules/tree/RuleNode indexTree ()Lcom/firebase/util/collections/tree/Tree; 121 <appendix> argL0 ; # com/firebase/core/namespace/rules/tree/RuleNode$$Lambda+0x00000000094b4420
instanceKlass  @bci com/firebase/core/namespace/rules/tracker/ExpressionRuleTracker <init> (Lcom/firebase/core/namespace/rules/tree/RuleExpression;)V 15 <appendix> argL0 ; # com/firebase/core/namespace/rules/tracker/ExpressionRuleTracker$$Lambda+0x00000000094b4040
instanceKlass  @bci com/firebase/core/namespace/rules/tracker/ExpressionRuleTracker$ com$firebase$core$namespace$rules$tracker$ExpressionRuleTracker$$collectAllExpressionNodes (Lcom/firebase/core/namespace/rules/ast/Node;)Lscala/collection/immutable/List; 20 <appendix> argL0 ; # com/firebase/core/namespace/rules/tracker/ExpressionRuleTracker$$$Lambda+0x00000000094b3c60
instanceKlass com/firebase/core/namespace/rules/ast/Node$
instanceKlass com/firebase/core/namespace/rules/tracker/ExpressionRuleTracker$
instanceKlass com/firebase/core/namespace/rules/tracker/ExpressionRuleTracker
instanceKlass com/firebase/core/namespace/rules/tracker/NodeRuleTracker
instanceKlass  @bci com/firebase/core/namespace/rules/tracker/NamespaceRuleTracker <init> (Lcom/firebase/core/namespace/rules/tree/RuleNode;)V 17 <appendix> argL0 ; # com/firebase/core/namespace/rules/tracker/NamespaceRuleTracker$$Lambda+0x00000000094b3018
instanceKlass  @bci com/firebase/core/namespace/rules/tracker/NamespaceRuleTracker$ com$firebase$core$namespace$rules$tracker$NamespaceRuleTracker$$collectAllRuleExpressions (Lcom/firebase/core/namespace/rules/tree/RuleNode;)Lscala/collection/immutable/List; 92 <appendix> argL0 ; # com/firebase/core/namespace/rules/tracker/NamespaceRuleTracker$$$Lambda+0x00000000094b2c38
instanceKlass  @bci com/firebase/core/namespace/rules/tracker/NamespaceRuleTracker$ com$firebase$core$namespace$rules$tracker$NamespaceRuleTracker$$collectAllRuleExpressions (Lcom/firebase/core/namespace/rules/tree/RuleNode;)Lscala/collection/immutable/List; 67 <appendix> argL0 ; # com/firebase/core/namespace/rules/tracker/NamespaceRuleTracker$$$Lambda+0x00000000094b2858
instanceKlass com/firebase/core/namespace/rules/tree/DefaultRule
instanceKlass  @bci scala/collection/mutable/HashMap$$anon$2 foreach (Lscala/Function1;)V 5 <appendix> member <vmtarget> ; # scala/collection/mutable/HashMap$$anon$2$$Lambda+0x00000000094b21a0
instanceKlass  @bci scala/collection/generic/GenericTraversableTemplate flatten (Lscala/Function1;)Lscala/collection/GenTraversable; 13 <appendix> member <vmtarget> ; # scala/collection/generic/GenericTraversableTemplate$$Lambda+0x00000000094b1db8
instanceKlass  @bci com/firebase/core/namespace/rules/tracker/NamespaceRuleTracker$ com$firebase$core$namespace$rules$tracker$NamespaceRuleTracker$$collectAllRuleExpressions (Lcom/firebase/core/namespace/rules/tree/RuleNode;)Lscala/collection/immutable/List; 36 <appendix> argL0 ; # com/firebase/core/namespace/rules/tracker/NamespaceRuleTracker$$$Lambda+0x00000000094b19d8
instanceKlass com/firebase/core/namespace/rules/tracker/NamespaceRuleTracker$
instanceKlass com/firebase/core/namespace/rules/tracker/NamespaceRuleTracker
instanceKlass com/firebase/core/namespace/rules/util/WriteResult
instanceKlass com/firebase/core/namespace/rules/data/NewData
instanceKlass com/firebase/core/namespace/rules/data/ReadTracker
instanceKlass com/firebase/core/namespace/rules/util/ReadResult
instanceKlass com/firebase/core/namespace/rules/engine/RulesEngine
instanceKlass  @bci com/firebase/core/namespace/rules/tree/RuleNode validateRule (Lcom/firebase/core/namespace/rules/util/ValidationContext;Lcom/firebase/core/namespace/rules/util/ErrorRecorder;)V 136 <appendix> member <vmtarget> ; # com/firebase/core/namespace/rules/tree/RuleNode$$Lambda+0x00000000094af868
instanceKlass scala/math/Ordering$$anon$1
instanceKlass  @bci com/firebase/core/namespace/rules/tree/RuleNode validateRule (Lcom/firebase/core/namespace/rules/util/ValidationContext;Lcom/firebase/core/namespace/rules/util/ErrorRecorder;)V 91 <appendix> argL0 ; # com/firebase/core/namespace/rules/tree/RuleNode$$Lambda+0x00000000094af0f8
instanceKlass  @bci com/firebase/core/namespace/rules/tree/RuleNode validateRule (Lcom/firebase/core/namespace/rules/util/ValidationContext;Lcom/firebase/core/namespace/rules/util/ErrorRecorder;)V 46 <appendix> argL0 ; # com/firebase/core/namespace/rules/tree/RuleNode$$Lambda+0x00000000094abbd0
instanceKlass  @bci com/firebase/core/namespace/rules/tree/RuleNode validateRule (Lcom/firebase/core/namespace/rules/util/ValidationContext;Lcom/firebase/core/namespace/rules/util/ErrorRecorder;)V 34 <appendix> member <vmtarget> ; # com/firebase/core/namespace/rules/tree/RuleNode$$Lambda+0x00000000094ab7e8
instanceKlass  @bci com/firebase/core/namespace/rules/tree/RuleNode validateRule (Lcom/firebase/core/namespace/rules/util/ValidationContext;Lcom/firebase/core/namespace/rules/util/ErrorRecorder;)V 20 <appendix> member <vmtarget> ; # com/firebase/core/namespace/rules/tree/RuleNode$$Lambda+0x00000000094ab400
instanceKlass  @bci com/firebase/core/namespace/rules/util/ReturnTypes $anonfun$new$2 (Ljava/lang/Object;)V 11 <appendix> member <vmtarget> ; # com/firebase/core/namespace/rules/util/ReturnTypes$$Lambda+0x00000000094ab128
instanceKlass  @bci com/firebase/core/namespace/rules/util/ReturnTypes <init> (Lscala/collection/IndexedSeq;)V 27 <appendix> argL0 ; # com/firebase/core/namespace/rules/util/ReturnTypes$$Lambda+0x00000000094aad48
instanceKlass  @bci com/firebase/core/namespace/rules/util/ReturnTypes <init> (Lscala/collection/IndexedSeq;)V 18 <appendix> argL0 ; # com/firebase/core/namespace/rules/util/ReturnTypes$$Lambda+0x00000000094aaa78
instanceKlass com/firebase/core/namespace/rules/util/ReturnTypes
instanceKlass  @bci com/firebase/core/namespace/rules/util/ReturnTypes$ apply (Ljava/lang/Object;Lscala/collection/Seq;)Lcom/firebase/core/namespace/rules/util/ReturnTypes; 31 <appendix> member <vmtarget> ; # com/firebase/core/namespace/rules/util/ReturnTypes$$$Lambda+0x00000000094aa150
instanceKlass com/firebase/core/namespace/rules/ast/members/http/Http$
instanceKlass com/firebase/core/namespace/rules/ast/members/query/OrderBy
instanceKlass com/firebase/core/namespace/rules/ast/members/query/QueryModule$
instanceKlass dk/brics/automaton/RunAutomaton
instanceKlass com/firebase/core/namespace/rules/data/Data
instanceKlass com/firebase/util/data/package$ObjectSentinel$
instanceKlass com/firebase/core/namespace/rules/data/Data$
instanceKlass com/firebase/core/namespace/rules/util/JSONData$$anon$1
instanceKlass com/firebase/core/namespace/rules/util/JSONData
instanceKlass com/firebase/core/namespace/rules/util/JSONData$
instanceKlass com/firebase/core/namespace/rules/util/ReturnTypes$
instanceKlass com/firebase/core/namespace/rules/tree/SingleType
instanceKlass com/firebase/core/namespace/rules/tree/RuleNode$
instanceKlass  @bci com/firebase/core/namespace/rules/tree/RuleNode validateRule (Lcom/firebase/core/namespace/rules/util/ValidationContext;Lcom/firebase/core/namespace/rules/util/ErrorRecorder;)V 6 <appendix> member <vmtarget> ; # com/firebase/core/namespace/rules/tree/RuleNode$$Lambda+0x00000000094a8000
instanceKlass com/firebase/core/namespace/rules/util/ErrorRecorder
instanceKlass com/firebase/core/namespace/rules/util/ValidationContext
instanceKlass com/firebase/core/namespace/rules/util/ValidationContext$
instanceKlass  @bci com/firebase/core/namespace/rules/tree/RuleNodeParser$RuleNodeParser consumeEndObjectToken ()V 39 <appendix> argL0 ; # com/firebase/core/namespace/rules/tree/RuleNodeParser$RuleNodeParser$$Lambda+0x00000000094a7178
instanceKlass com/firebase/core/namespace/rules/tree/RulesType
instanceKlass com/firebase/core/namespace/rules/tree/OrRule
instanceKlass  @bci com/firebase/core/namespace/rules/json/JsonReader parseNextToken ()V 234 <appendix> argL0 ; # com/firebase/core/namespace/rules/json/JsonReader$$Lambda+0x00000000094a6a98
instanceKlass  @bci com/firebase/core/namespace/rules/json/JsonReader parseNextToken ()V 213 <appendix> argL0 ; # com/firebase/core/namespace/rules/json/JsonReader$$Lambda+0x00000000094a67c8
instanceKlass  @bci com/firebase/core/namespace/rules/tree/RuleNodeParser$RuleNodeParser parseRuleNode (Z)Lcom/firebase/core/namespace/rules/tree/RuleNode; 228 <appendix> argL0 ; # com/firebase/core/namespace/rules/tree/RuleNodeParser$RuleNodeParser$$Lambda+0x00000000094a64f8
instanceKlass  @bci com/firebase/core/namespace/rules/json/JsonReader parseNextToken ()V 18 <appendix> argL0 ; # com/firebase/core/namespace/rules/json/JsonReader$$Lambda+0x00000000094a6228
instanceKlass com/firebase/util/data/SnapshotLeafNode$CanSnapshot
instanceKlass com/firebase/core/namespace/rules/tree/RuleExpression
instanceKlass com/firebase/core/namespace/rules/tree/Expression
instanceKlass com/firebase/core/namespace/rules/util/Span
instanceKlass com/firebase/core/namespace/rules/ast/Node
instanceKlass com/firebase/core/namespace/rules/expressionparser/ASTTranslator$
instanceKlass org/mozilla/javascript/ast/NodeVisitor
instanceKlass org/mozilla/javascript/ObjToIntMap
instanceKlass org/mozilla/javascript/TokenStream
instanceKlass org/mozilla/javascript/ast/IdeErrorReporter
instanceKlass com/firebase/core/namespace/rules/expressionparser/RuleExpressionParser$rhinoErrorReporter$
instanceKlass org/mozilla/javascript/ast/DestructuringForm
instanceKlass org/mozilla/javascript/Parser
instanceKlass org/mozilla/javascript/DefaultErrorReporter
instanceKlass org/mozilla/javascript/CompilerEnvirons
instanceKlass org/mozilla/javascript/Node
instanceKlass org/mozilla/javascript/ErrorReporter
instanceKlass com/firebase/core/namespace/rules/expressionparser/RuleExpressionParser$
instanceKlass  @bci com/firebase/core/namespace/rules/tree/RuleNodeParser$RuleNodeParser parseRuleExpression ()Lcom/firebase/core/namespace/rules/tree/RuleExpression; 201 <appendix> argL0 ; # com/firebase/core/namespace/rules/tree/RuleNodeParser$RuleNodeParser$$Lambda+0x000000000948aef8
instanceKlass  @bci com/firebase/core/namespace/rules/json/JsonReader readRaw (Ljava/lang/String;)V 15 <appendix> member <vmtarget> ; # com/firebase/core/namespace/rules/json/JsonReader$$Lambda+0x000000000948ab10
instanceKlass  @bci com/firebase/core/namespace/rules/tree/RuleNodeParser$RuleNodeParser parseRuleNode (Z)Lcom/firebase/core/namespace/rules/tree/RuleNode; 181 <appendix> argL0 ; # com/firebase/core/namespace/rules/tree/RuleNodeParser$RuleNodeParser$$Lambda+0x000000000948a840
instanceKlass  @bci com/firebase/core/namespace/rules/tree/RuleNodeParser$RuleNodeParser parseRuleNode (Z)Lcom/firebase/core/namespace/rules/tree/RuleNode; 153 <appendix> argL0 ; # com/firebase/core/namespace/rules/tree/RuleNodeParser$RuleNodeParser$$Lambda+0x000000000948a570
instanceKlass  @bci com/firebase/core/namespace/rules/tree/RuleNodeParser$RuleNodeParser parse (Z)Lcom/firebase/core/namespace/rules/tree/RuleNode; 72 <appendix> argL0 ; # com/firebase/core/namespace/rules/tree/RuleNodeParser$RuleNodeParser$$Lambda+0x000000000948a2a0
instanceKlass  @bci com/firebase/core/namespace/rules/json/JsonReader parseNextToken ()V 461 <appendix> argL0 ; # com/firebase/core/namespace/rules/json/JsonReader$$Lambda+0x0000000009489fd0
instanceKlass com/firebase/core/namespace/rules/util/EscapedString$EscapedStringReader
instanceKlass com/firebase/core/namespace/rules/util/EscapedString
instanceKlass  @bci com/firebase/core/namespace/rules/json/JsonReader readString ()V 39 <appendix> argL0 ; # com/firebase/core/namespace/rules/json/JsonReader$$Lambda+0x00000000094897f0
instanceKlass  @bci com/firebase/core/namespace/rules/json/JsonReader parseNextToken ()V 424 <appendix> argL0 ; # com/firebase/core/namespace/rules/json/JsonReader$$Lambda+0x0000000009489520
instanceKlass  @bci com/firebase/core/namespace/rules/tree/RuleNodeParser$RuleNodeParser consumeStartObjectToken ()V 39 <appendix> argL0 ; # com/firebase/core/namespace/rules/tree/RuleNodeParser$RuleNodeParser$$Lambda+0x0000000009489250
instanceKlass  @bci com/firebase/core/namespace/rules/json/JsonReader parseNextToken ()V 338 <appendix> member <vmtarget> ; # com/firebase/core/namespace/rules/json/JsonReader$$Lambda+0x0000000009488f78
instanceKlass com/firebase/core/namespace/rules/util/RulesEngineException
instanceKlass com/firebase/core/namespace/rules/tree/RuleNodeParser$RuleNodeParser
instanceKlass com/firebase/core/namespace/rules/util/FileLocation
instanceKlass com/firebase/core/namespace/rules/json/JsonReader
instanceKlass  @bci com/firebase/core/namespace/rules/tree/RuleNodeParser$ parse (Ljava/lang/String;Z)Lcom/firebase/util/result/package$Result; 12 <appendix> member <vmtarget> ; # com/firebase/core/namespace/rules/tree/RuleNodeParser$$$Lambda+0x0000000009487598
instanceKlass dk/brics/automaton/Automaton
instanceKlass com/firebase/core/namespace/rules/tree/RuleNodeParser$
instanceKlass  @bci com/firebase/core/namespace/NamespaceManager parseTrustedRules (Ljava/lang/String;)Lcom/firebase/core/namespace/rules/tree/RuleNode; 14 <appendix> member <vmtarget> ; # com/firebase/core/namespace/NamespaceManager$$Lambda+0x0000000009486da0
instanceKlass com/firebase/core/namespace/rules/tree/RuleNode
instanceKlass  @bci com/firebase/core/namespace/NamespaceManager initDataPersistence ()V 33 <appendix> member <vmtarget> ; # com/firebase/core/namespace/NamespaceManager$$Lambda+0x0000000009486578
instanceKlass com/firebase/core/persistence/data/AlertingNoOpDataPersistence
instanceKlass  @bci com/firebase/core/namespace/NamespaceManager dataPersistenceNamed (Ljava/lang/String;)Lcom/firebase/util/result/package$Result; 24 <appendix> member <vmtarget> ; # com/firebase/core/namespace/NamespaceManager$$Lambda+0x0000000009485a70
instanceKlass com/firebase/core/namespace/InvalidParameters
instanceKlass com/firebase/core/persistence/OnDisconnectOperation
instanceKlass com/firebase/core/namespace/OnDisconnectMapCache
instanceKlass com/firebase/core/namespace/OnDisconnectMap$
instanceKlass com/firebase/core/namespace/OnDisconnectMap$Operation
instanceKlass com/firebase/core/persistence/data/PipelinedWritePersistence$$anon$1
instanceKlass com/firebase/core/persistence/data/PipelinedWritePersistence$Idle$
instanceKlass com/firebase/core/persistence/data/PipelinedWritePersistence$State
instanceKlass com/firebase/core/persistence/data/PipelinedWritePersistence$
instanceKlass com/firebase/core/persistence/backend/dummy/DummyLeaseChecker$
instanceKlass com/firebase/util/data/package$CanSizeIndexSet$
instanceKlass com/firebase/core/namespace/rules/util/IndexTree
instanceKlass com/firebase/util/collections/tree/LeafTree$ULeaf
instanceKlass com/firebase/util/collections/tree/LeafTree$Leaf
instanceKlass com/firebase/util/collections/tree/LeafTree$Leaf$
instanceKlass com/firebase/util/collections/tree/LeafTree$Node
instanceKlass com/firebase/util/data/DataSnapshotNode$
instanceKlass com/firebase/core/persistence/backend/dummy/DummyOnDisconnectPersistence
instanceKlass com/firebase/core/persistence/data/OnDisconnectPersistence
instanceKlass com/firebase/core/persistence/data/LeaseChecker
instanceKlass com/firebase/core/persistence/backend/dummy/DummyDataPersistenceLayer
instanceKlass  @bci com/firebase/core/metadata/NamespaceMetadata maxDataCacheBytes ()J 13 <appendix> argL0 ; # com/firebase/core/metadata/NamespaceMetadata$$Lambda+0x0000000009481d48
instanceKlass  @cpi com/firebase/core/namespace/NamespaceActor 2213 form vmentry <vmtarget> ; # java/lang/invoke/LambdaForm$DMH+0x0000000009473400
instanceKlass scala/runtime/java8/JFunction0$mcJ$sp
instanceKlass com/firebase/core/persistence/data/DataPersistenceArgs
instanceKlass com/firebase/core/persistence/backend/dummy/DummyPersistenceLayer$$anonfun$getDataPersistence$2
instanceKlass com/firebase/util/data/package$ShallowData
instanceKlass com/firebase/core/persistence/ResourceExceededException
instanceKlass com/firebase/core/namespace/OnDisconnectMap
instanceKlass  @bci com/firebase/core/namespace/NamespaceManager dataPersistenceNamed (Ljava/lang/String;)Lcom/firebase/util/result/package$Result; 11 <appendix> member <vmtarget> ; # com/firebase/core/namespace/NamespaceManager$$Lambda+0x0000000009480718
instanceKlass com/firebase/core/persistence/data/PipelinedWritePersistence
instanceKlass com/firebase/core/persistence/data/QuerySettings
instanceKlass com/firebase/core/persistence/data/QuerySettings$
instanceKlass com/firebase/util/memory/package$CanSizeMemorySize$
instanceKlass com/firebase/util/collections/tree/ConcurrentTree
instanceKlass  @bci com/firebase/core/namespace/NamespaceBundleFactory createNamespaceManager$1 (Lakka/actor/ActorContext;Lcom/firebase/core/namespace/profiler/Profiler;Lcom/firebase/core/metadata/NamespaceId;Lcom/firebase/core/stats/NamespaceStats;Lcom/firebase/util/misc/MutableProvider;ILcom/firebase/util/misc/ShutdownFlag;)Lcom/firebase/core/namespace/NamespaceManager; 17 <adapter> ; # java/lang/invoke/LambdaForm$MH+0x0000000009473000
# instanceKlass java/lang/invoke/LambdaForm$DMH+0x0000000009472c00
instanceKlass  @bci com/firebase/core/namespace/NamespaceBundleFactory createNamespaceManager$1 (Lakka/actor/ActorContext;Lcom/firebase/core/namespace/profiler/Profiler;Lcom/firebase/core/metadata/NamespaceId;Lcom/firebase/core/stats/NamespaceStats;Lcom/firebase/util/misc/MutableProvider;ILcom/firebase/util/misc/ShutdownFlag;)Lcom/firebase/core/namespace/NamespaceManager; 17 <appendix> form vmentry <vmtarget> ; # java/lang/invoke/LambdaForm$DMH+0x0000000009472800
instanceKlass  @bci com/firebase/core/namespace/NamespaceBundleFactory createNamespaceManager$1 (Lakka/actor/ActorContext;Lcom/firebase/core/namespace/profiler/Profiler;Lcom/firebase/core/metadata/NamespaceId;Lcom/firebase/core/stats/NamespaceStats;Lcom/firebase/util/misc/MutableProvider;ILcom/firebase/util/misc/ShutdownFlag;)Lcom/firebase/core/namespace/NamespaceManager; 17 <appendix> member <vmtarget> ; # com/firebase/core/namespace/NamespaceBundleFactory$$Lambda+0x000000000947f760
instanceKlass  @cpi com/firebase/core/namespace/NamespaceBundleFactory 179 form vmentry <vmtarget> ; # java/lang/invoke/LambdaForm$DMH+0x0000000009472400
instanceKlass  @bci com/firebase/core/stats/NamespaceStats addBroadcastMailboxGauge (Lscala/Function0;)V 26 <appendix> member <vmtarget> ; # com/firebase/core/stats/NamespaceStats$$Lambda+0x000000000947f468
instanceKlass com/firebase/core/persistence/data/BatchingDataPersistenceLayer
instanceKlass  @bci com/firebase/core/stats/NamespaceStats addBroadcastMailboxGauge (Lscala/Function0;)V 10 <appendix> member <vmtarget> ; # com/firebase/core/stats/NamespaceStats$$Lambda+0x000000000947ef68
instanceKlass  @bci akka/MailboxGauge getMailboxGauge ()Lscala/Function0; 1 <appendix> member <vmtarget> ; # akka/MailboxGauge$$Lambda+0x000000000947ec70
instanceKlass com/firebase/core/namespace/view/UnTaggedListener
instanceKlass com/firebase/core/namespace/view/Listener
instanceKlass  @bci com/firebase/core/namespace/view/StoppedBehavior $init$ (Lcom/firebase/core/namespace/view/StoppedBehavior;)V 1 <appendix> argL0 ; # com/firebase/core/namespace/view/StoppedBehavior$$Lambda+0x000000000947d648
# instanceKlass java/lang/invoke/LambdaForm$MH+0x0000000009472000
instanceKlass com/firebase/core/namespace/view/NewListenOperation
instanceKlass com/firebase/core/namespace/view/ReplyExpected
# instanceKlass java/lang/invoke/LambdaForm$MH+0x0000000009471c00
# instanceKlass java/lang/invoke/LambdaForm$MH+0x0000000009471800
instanceKlass com/firebase/core/namespace/view/BroadcastOperation
instanceKlass akka/dispatch/BoundedMailbox
instanceKlass com/firebase/core/namespace/ListenSpec
instanceKlass com/firebase/core/namespace/view/NewListen
instanceKlass com/firebase/core/namespace/view/BroadcastActor
instanceKlass com/firebase/core/namespace/view/StoppedBehavior
instanceKlass com/firebase/util/memory/package$CanSizeAnythingIncorrectly$
instanceKlass com/firebase/core/namespace/view/package$CanSizeViewMap$
instanceKlass com/firebase/util/collections/map/FbMap0
instanceKlass com/firebase/util/collections/map/EmptyFbMap
instanceKlass com/firebase/util/collections/map/NonEmptyFbMap
instanceKlass com/firebase/util/collections/tree/Tree
instanceKlass com/firebase/util/collections/map/FbMap
instanceKlass  @bci scala/collection/immutable/Stream $anonfun$map$1 (Lscala/collection/immutable/Stream;Lscala/Function1;)Lscala/collection/immutable/Stream; 65 <appendix> member <vmtarget> ; # scala/collection/immutable/Stream$$Lambda+0x0000000009474000
instanceKlass  @bci scala/collection/immutable/Stream loop$2 (Lscala/collection/immutable/Set;Lscala/collection/immutable/Stream;)Lscala/collection/immutable/Stream; 45 <appendix> member <vmtarget> ; # scala/collection/immutable/Stream$$Lambda+0x000000000946fcf0
instanceKlass  @bci scala/collection/immutable/Stream map (Lscala/Function1;Lscala/collection/generic/CanBuildFrom;)Ljava/lang/Object; 42 <appendix> member <vmtarget> ; # scala/collection/immutable/Stream$$Lambda+0x000000000946fa18
instanceKlass  @bci com/firebase/util/stats/Histogram$ makeBucketsFor (D)[J 35 <appendix> argL0 ; # com/firebase/util/stats/Histogram$$$Lambda+0x000000000946f618
instanceKlass  @cpi com/firebase/util/stats/Histogram$ 62 form vmentry <vmtarget> ; # java/lang/invoke/LambdaForm$DMH+0x0000000009471400
# instanceKlass java/lang/invoke/LambdaForm$DMH+0x0000000009471000
instanceKlass scala/runtime/java8/JFunction1$mcJD$sp
instanceKlass  @bci com/firebase/util/stats/Histogram$ build$1 (DD)Lscala/collection/immutable/Stream; 36 <adapter> ; # java/lang/invoke/LambdaForm$MH+0x0000000009470c00
# instanceKlass java/lang/invoke/LambdaForm$DMH+0x0000000009470800
instanceKlass  @bci com/firebase/util/stats/Histogram$ build$1 (DD)Lscala/collection/immutable/Stream; 36 <appendix> form vmentry <vmtarget> ; # java/lang/invoke/LambdaForm$DMH+0x0000000009470400
instanceKlass  @bci com/firebase/util/stats/Histogram$ build$1 (DD)Lscala/collection/immutable/Stream; 36 <appendix> member <vmtarget> ; # com/firebase/util/stats/Histogram$$$Lambda+0x000000000946f140
instanceKlass  @cpi com/firebase/util/stats/Histogram$ 61 form vmentry <vmtarget> ; # java/lang/invoke/LambdaForm$DMH+0x0000000009470000
# instanceKlass java/lang/invoke/LambdaForm$DMH+0x000000000946dc00
instanceKlass com/firebase/util/collections/tree/Tree$
instanceKlass com/firebase/util/stats/Histogram$
instanceKlass com/firebase/util/stats/Histogram
instanceKlass com/firebase/util/memory/package$CanSize
instanceKlass com/firebase/util/stats/BlockingHistogramMetric
instanceKlass com/firebase/core/namespace/view/ViewTree
instanceKlass com/firebase/core/namespace/view/BroadcastActor$
instanceKlass  @bci com/firebase/core/namespace/view/BroadcastQueue$ apply (Lcom/firebase/core/stats/NamespaceStats;Lcom/firebase/core/namespace/profiler/Profiler;Lakka/actor/ActorContext;Lscala/concurrent/ExecutionContext;)Lcom/firebase/core/namespace/view/BroadcastQueue; 11 <appendix> member <vmtarget> ; # com/firebase/core/namespace/view/BroadcastQueue$$$Lambda+0x000000000946ba28
instanceKlass  @bci com/twitter/util/Duration$ <init> ()V 221 <appendix> argL0 ; # com/twitter/util/Duration$$$Lambda+0x000000000946b1e0
instanceKlass com/firebase/core/namespace/view/BroadcastQueue$
# instanceKlass java/lang/invoke/LambdaForm$MH+0x000000000946d800
instanceKlass com/firebase/core/namespace/profiler/ProfilerQueue
# instanceKlass java/lang/invoke/LambdaForm$MH+0x000000000946d400
instanceKlass com/twitter/util/Duration
# instanceKlass java/lang/invoke/LambdaForm$MH+0x000000000946d000
instanceKlass com/twitter/util/Duration$
instanceKlass java/util/concurrent/locks/ReentrantReadWriteLock$WriteLock
instanceKlass java/util/concurrent/locks/ReentrantReadWriteLock$ReadLock
# instanceKlass java/lang/invoke/LambdaForm$MH+0x000000000946cc00
instanceKlass  @bci scala/concurrent/Future foreach (Lscala/Function1;Lscala/concurrent/ExecutionContext;)V 2 <appendix> member <vmtarget> ; # scala/concurrent/Future$$Lambda+0x00000000094696e0
# instanceKlass java/lang/invoke/LambdaForm$MH+0x000000000946c800
instanceKlass  @bci com/firebase/server/rest/RestHandler handleLocalRequest (Lcom/firebase/server/router/decoder/NamespaceRequest;Lcom/firebase/core/NamespaceBundle;Lcom/firebase/server/router/PipelinedChannelWriter;Lscala/concurrent/ExecutionContext;)V 160 <appendix> member <vmtarget> ; # com/firebase/server/rest/RestHandler$$Lambda+0x00000000094692d8
# instanceKlass java/lang/invoke/LambdaForm$MH+0x000000000946c400
instanceKlass java/util/concurrent/locks/ReentrantReadWriteLock
instanceKlass java/util/concurrent/locks/ReadWriteLock
instanceKlass  @bci com/firebase/server/rest/RestHandler handleHttpResponse (Lcom/firebase/server/router/decoder/NamespaceRequest;Lcom/firebase/server/router/PipelinedChannelWriter;Lscala/concurrent/Future;Lscala/Option;Lscala/concurrent/ExecutionContext;)Lscala/concurrent/Future; 6 <appendix> member <vmtarget> ; # com/firebase/server/rest/RestHandler$$Lambda+0x0000000009468ef0
# instanceKlass java/lang/invoke/LambdaForm$MH+0x000000000946c000
instanceKlass com/firebase/core/util/CorkedQueue$Uncorked$
instanceKlass  @bci com/firebase/server/rest/RestHandler addDebugInfo (Lcom/firebase/server/rest/RequestData;Lscala/concurrent/Future;Lscala/concurrent/ExecutionContext;)Lscala/concurrent/Future; 3 <appendix> member <vmtarget> ; # com/firebase/server/rest/RestHandler$$Lambda+0x0000000009468868
instanceKlass com/firebase/core/util/CorkedQueue$State
instanceKlass com/firebase/util/result/package$Error
instanceKlass akka/util/PriorityQueueStabilizer$WrappedElementComparator
instanceKlass  @bci com/firebase/server/rest/package$RestFutureHelper$ toSpecial$extension (Lscala/concurrent/Future;Lscala/PartialFunction;Lscala/concurrent/ExecutionContext;)Lscala/concurrent/Future; 3 <appendix> member <vmtarget> ; # com/firebase/server/rest/package$RestFutureHelper$$$Lambda+0x0000000009467af8
instanceKlass com/firebase/core/namespace/profiler/ProfilerActorMailbox$ProfilerMessageComparator
instanceKlass akka/util/PriorityQueueStabilizer
instanceKlass  @bci com/firebase/server/rest/package$RestFutureHelper$ toSuccessOk$extension (Lscala/concurrent/Future;Lscala/concurrent/ExecutionContext;)Lscala/concurrent/Future; 2 <appendix> argL0 ; # com/firebase/server/rest/package$RestFutureHelper$$$Lambda+0x0000000009466930
instanceKlass com/firebase/server/rest/RestSuccess
instanceKlass akka/dispatch/BoundedQueueBasedMessageQueue
instanceKlass  @bci scala/concurrent/Future recover (Lscala/PartialFunction;Lscala/concurrent/ExecutionContext;)Lscala/concurrent/Future; 2 <appendix> member <vmtarget> ; # scala/concurrent/Future$$Lambda+0x0000000009464f88
instanceKlass  @bci scala/concurrent/Future mapTo (Lscala/reflect/ClassTag;)Lscala/concurrent/Future; 59 <appendix> member <vmtarget> ; # scala/concurrent/Future$$Lambda+0x0000000009464740
instanceKlass  @bci com/firebase/core/namespace/profiler/ProfilerActorMailbox <init> (I)V 22 <appendix> argL0 ; # com/firebase/core/namespace/profiler/ProfilerActorMailbox$$Lambda+0x0000000009464470
instanceKlass com/firebase/server/rest/package$RestFutureHelper$
instanceKlass com/firebase/core/namespace/profiler/ProfilerActorMailbox
instanceKlass  @bci com/firebase/server/rest/RestSettingsHandler $anonfun$handlePut$5 (Lcom/firebase/server/rest/RequestData;Lscala/concurrent/ExecutionContext;Lcom/firebase/core/namespace/AdminMessage;)Lcom/firebase/util/result/package$Result; 10 <appendix> member <vmtarget> ; # com/firebase/server/rest/RestSettingsHandler$$Lambda+0x0000000009463c48
instanceKlass com/firebase/core/namespace/profiler/ProfilerActor
instanceKlass com/firebase/core/namespace/NamespaceEnvelope$
instanceKlass  @bci com/firebase/server/rest/RestSettingsHandler$ com$firebase$server$rest$RestSettingsHandler$$addAuthToRequest (Lcom/firebase/server/rest/RequestData;Lcom/firebase/core/namespace/AdminMessage;)Lcom/firebase/util/result/package$Result; 26 <appendix> member <vmtarget> ; # com/firebase/server/rest/RestSettingsHandler$$$Lambda+0x0000000009463220
instanceKlass com/firebase/core/namespace/AdminEnvelope
instanceKlass scala/collection/mutable/FlatHashTable$
instanceKlass  @bci com/firebase/server/rest/RestSettingsHandler$ com$firebase$server$rest$RestSettingsHandler$$addAuthToRequest (Lcom/firebase/server/rest/RequestData;Lcom/firebase/core/namespace/AdminMessage;)Lcom/firebase/util/result/package$Result; 16 <appendix> argL0 ; # com/firebase/server/rest/RestSettingsHandler$$$Lambda+0x0000000009462788
instanceKlass  @bci com/firebase/server/rest/RestSettingsHandler $anonfun$handlePut$4 (Lcom/firebase/server/rest/RequestData;Lscala/concurrent/ExecutionContext;Lscala/runtime/BoxedUnit;)Lcom/firebase/util/result/package$Result; 9 <appendix> member <vmtarget> ; # com/firebase/server/rest/RestSettingsHandler$$Lambda+0x00000000094623a0
instanceKlass  @bci com/firebase/server/rest/RestSettingsHandler$ $anonfun$parseSettingsRequest$1 (Lcom/firebase/server/rest/RequestData;Z)Lcom/firebase/util/result/package$Result; 21 <appendix> argL0 ; # com/firebase/server/rest/RestSettingsHandler$$$Lambda+0x0000000009461fc0
instanceKlass  @bci com/firebase/server/rest/RestSettingsHandler$ $anonfun$parseSettingsRequest$1 (Lcom/firebase/server/rest/RequestData;Z)Lcom/firebase/util/result/package$Result; 11 <appendix> argL0 ; # com/firebase/server/rest/RestSettingsHandler$$$Lambda+0x0000000009461be0
instanceKlass com/firebase/core/namespace/MessageName
instanceKlass com/firebase/core/namespace/UpdateRules
instanceKlass com/firebase/core/namespace/profiler/ProfilerActor$
instanceKlass com/firebase/core/namespace/UpdateRules$
instanceKlass  @bci com/firebase/server/rest/RestSettingsHandler$ com$firebase$server$rest$RestSettingsHandler$$parseSettingsRequest (Lcom/firebase/server/rest/RequestData;)Lcom/firebase/util/result/package$Result; 26 <appendix> member <vmtarget> ; # com/firebase/server/rest/RestSettingsHandler$$$Lambda+0x0000000009460e80
instanceKlass com/firebase/core/namespace/profiler/ProfilerActorMessage
instanceKlass  @bci com/firebase/server/rest/RequestData $anonfun$readDryRunParam$1 (Lscala/Option;)Z 1 <appendix> argL0 ; # com/firebase/server/rest/RequestData$$Lambda+0x0000000009460988
instanceKlass  @bci com/firebase/server/rest/RequestData readDryRunParam ()Lcom/firebase/util/result/package$Result; 6 <appendix> argL0 ; # com/firebase/server/rest/RequestData$$Lambda+0x00000000094605a8
instanceKlass com/firebase/core/namespace/profiler/ProfilerActorBasedQueue
instanceKlass  @bci com/firebase/server/rest/RequestData readParam (Ljava/lang/String;Lscala/Function1;)Lcom/firebase/util/result/package$Result; 4 <appendix> member <vmtarget> ; # com/firebase/server/rest/RequestData$$Lambda+0x000000000945f5d0
instanceKlass  @bci com/firebase/server/rest/RequestData readBooleanParam (Ljava/lang/String;)Lcom/firebase/util/result/package$Result; 2 <appendix> argL0 ; # com/firebase/server/rest/RequestData$$Lambda+0x000000000945f1f0
instanceKlass  @bci com/firebase/server/rest/RestSettingsHandler $anonfun$handlePut$2 (Lcom/firebase/server/rest/RequestData;Lscala/concurrent/ExecutionContext;Lscala/runtime/BoxedUnit;)Lcom/firebase/util/result/package$Result; 39 <appendix> member <vmtarget> ; # com/firebase/server/rest/RestSettingsHandler$$Lambda+0x000000000945ee08
instanceKlass  @bci com/firebase/server/rest/RestSettingsHandler $anonfun$handlePut$2 (Lcom/firebase/server/rest/RequestData;Lscala/concurrent/ExecutionContext;Lscala/runtime/BoxedUnit;)Lcom/firebase/util/result/package$Result; 29 <appendix> argL0 ; # com/firebase/server/rest/RestSettingsHandler$$Lambda+0x000000000945eb38
instanceKlass  @bci com/firebase/server/rest/RestSettingsHandler handlePut (Lcom/firebase/server/rest/RequestData;Lscala/concurrent/ExecutionContext;)Lscala/concurrent/Future; 89 <appendix> member <vmtarget> ; # com/firebase/server/rest/RestSettingsHandler$$Lambda+0x000000000945e750
instanceKlass com/firebase/util/result/package$SideEffect$
instanceKlass  @bci com/firebase/server/rest/RestSettingsHandler handlePut (Lcom/firebase/server/rest/RequestData;Lscala/concurrent/ExecutionContext;)Lscala/concurrent/Future; 79 <appendix> argL0 ; # com/firebase/server/rest/RestSettingsHandler$$Lambda+0x000000000945dde0
instanceKlass com/firebase/util/result/package$BooleanConversion$
instanceKlass  @bci com/firebase/server/rest/RequestData <init> (Lcom/firebase/server/router/decoder/NamespaceRequest;Lcom/firebase/core/NamespaceBundle;Ljava/lang/String;Lcom/firebase/core/namespace/rules/engine/TextDebugTarget;)V 41 <appendix> argL0 ; # com/firebase/server/rest/RequestData$$Lambda+0x000000000945d900
instanceKlass com/firebase/core/namespace/rules/tree/RuleType
instanceKlass com/firebase/core/namespace/rules/engine/TextDebugTarget
instanceKlass com/firebase/core/namespace/rules/engine/FreeFormTextDebugTarget
instanceKlass com/firebase/core/namespace/profiler/AsyncProfiler
instanceKlass com/firebase/core/namespace/profiler/ProfilerActorBasedQueue$$anon$1
instanceKlass com/firebase/server/rest/RequestData$
instanceKlass akka/actor/FSM$
instanceKlass com/firebase/server/rest/RequestData
instanceKlass akka/actor/FSM$Transition
instanceKlass  @bci akka/actor/FSM handleTransition (Ljava/lang/Object;Ljava/lang/Object;)V 17 <appendix> member <vmtarget> ; # akka/actor/FSM$$Lambda+0x000000000945b918
instanceKlass  @bci akka/actor/FSM makeTransition (Lakka/actor/FSM$State;)V 84 <appendix> member <vmtarget> ; # akka/actor/FSM$$Lambda+0x000000000945b530
instanceKlass  @bci com/firebase/core/stats/NamespaceStats logNativeAccess (Lscala/Option;)V 2 <appendix> member <vmtarget> ; # com/firebase/core/stats/NamespaceStats$$Lambda+0x000000000945b148
instanceKlass akka/actor/FSM$State$
instanceKlass com/firebase/core/util/UserAgentSummary
instanceKlass akka/actor/FSM$State
instanceKlass com/firebase/core/namespace/NamespaceBatchingActor$NoData$
instanceKlass com/firebase/core/namespace/NamespaceBatchingActor$Data
instanceKlass com/firebase/server/router/RequestQueueWriter
instanceKlass  @bci com/firebase/server/router/HttpRequestQueue $anonfun$startNextRequest$1 (Lcom/firebase/server/router/HttpRequestQueue;)Lscala/Function0; 48 <appendix> member <vmtarget> ; # com/firebase/server/router/HttpRequestQueue$$Lambda+0x0000000009459588
instanceKlass  @bci com/firebase/server/router/HttpRequestQueue startNextRequest ()V 9 <appendix> member <vmtarget> ; # com/firebase/server/router/HttpRequestQueue$$Lambda+0x0000000009458e48
instanceKlass  @bci com/firebase/server/router/HttpRequestQueue handleRequest (Lio/netty/channel/ChannelHandlerContext;Lcom/firebase/server/router/RequestPair;)V 10 <appendix> member <vmtarget> ; # com/firebase/server/router/HttpRequestQueue$$Lambda+0x00000000094582a0
instanceKlass com/firebase/core/namespace/NamespaceBatchingActor$Shutdown$
instanceKlass  @bci com/firebase/server/router/HttpRouterHandler $anonfun$channelRead$2 (Lcom/firebase/server/router/HttpRouterHandler;Ljava/lang/Object;Lio/netty/channel/ChannelHandlerContext;)Ljava/lang/Object; 154 <appendix> member <vmtarget> ; # com/firebase/server/router/HttpRouterHandler$$Lambda+0x0000000009457be0
instanceKlass com/firebase/core/namespace/NamespaceBatchingActor$Active$
instanceKlass com/firebase/server/router/decoder/LongPollSuffix$
instanceKlass com/firebase/server/router/PipelinedChannelWriter
instanceKlass com/firebase/server/router/EventLooped
instanceKlass com/firebase/core/namespace/NamespaceBatchingActor$Pending$
instanceKlass com/firebase/core/namespace/NamespaceBatchingActor$ActorState
instanceKlass com/firebase/server/router/RequestPair
instanceKlass com/firebase/util/misc/BooleanSwitch
instanceKlass com/firebase/core/namespace/BoundedNamespaceOperationsQueue$FIFO$
instanceKlass  @bci com/firebase/server/router/HttpRouterHandler $anonfun$channelRead$1 (Lcom/firebase/server/router/HttpRouterHandler;Lio/netty/channel/ChannelHandlerContext;Ljava/lang/Object;)Ljava/lang/Object; 5 <appendix> member <vmtarget> ; # com/firebase/server/router/HttpRouterHandler$$Lambda+0x0000000009455b48
instanceKlass com/firebase/core/util/LinearPressureGauge
instanceKlass com/twitter/util/Local$Context
instanceKlass com/firebase/core/util/OperationPressureGauge
instanceKlass com/twitter/util/Local$Context$
instanceKlass com/firebase/core/util/PressureGauge
instanceKlass com/twitter/util/Local$
instanceKlass com/firebase/core/util/OperationPressureGauge$
instanceKlass com/twitter/util/Local$Key
instanceKlass com/twitter/util/Local
instanceKlass com/firebase/core/namespace/OperationQueue
instanceKlass scala/collection/mutable/RedBlackTree$Tree
instanceKlass scala/collection/mutable/RedBlackTree$Tree$
instanceKlass com/twitter/util/TwitterDateFormat$
instanceKlass  @bci com/twitter/util/TimeFormat <init> (Ljava/lang/String;Lscala/Option;Ljava/util/TimeZone;)V 21 <appendix> member <vmtarget> ; # com/twitter/util/TimeFormat$$Lambda+0x0000000009453550
instanceKlass  @bci com/twitter/util/TimeFormat <init> (Ljava/lang/String;Lscala/Option;Ljava/util/TimeZone;)V 12 <appendix> member <vmtarget> ; # com/twitter/util/TimeFormat$$Lambda+0x0000000009450220
instanceKlass com/twitter/util/TimeFormat
instanceKlass scala/math/Ordering$$anon$5
instanceKlass scala/math/Ordering$Tuple2Ordering
instanceKlass com/twitter/util/Time
instanceKlass com/twitter/util/TimeLike
instanceKlass  @bci com/firebase/core/namespace/BoundedNamespaceOperationsQueue$Priority$ ordering ()Lscala/math/Ordering; 6 <appendix> argL0 ; # com/firebase/core/namespace/BoundedNamespaceOperationsQueue$Priority$$$Lambda+0x000000000944b950
instanceKlass com/twitter/util/Time$
instanceKlass com/twitter/util/TimeLikeOps
instanceKlass com/firebase/core/namespace/BoundedNamespaceOperationsQueue$Priority
instanceKlass com/firebase/core/namespace/BoundedNamespaceOperationsQueue$Priority$
instanceKlass com/firebase/core/namespace/NamespaceBatchingActor$
instanceKlass  @bci com/firebase/server/router/HttpRouterHandler channelRead (Lio/netty/channel/ChannelHandlerContext;Ljava/lang/Object;)V 10 <appendix> member <vmtarget> ; # com/firebase/server/router/HttpRouterHandler$$Lambda+0x000000000944aaf8
instanceKlass com/firebase/core/namespace/OperationQueue$OperationKey
instanceKlass  @bci com/firebase/server/router/decoder/DecodedRequest$ addFullReq (Lio/netty/handler/codec/http/FullHttpRequest;Lcom/firebase/server/router/decoder/DecodedRequest;)Lcom/firebase/server/router/decoder/DecodedRequest; 17 <appendix> argL0 ; # com/firebase/server/router/decoder/DecodedRequest$$$Lambda+0x000000000944a620
instanceKlass com/firebase/core/namespace/BoundedNamespaceOperationsQueue$NamespaceMessageGroup
instanceKlass com/firebase/server/router/decoder/DecodedRequest$
instanceKlass com/firebase/core/namespace/BoundedNamespaceOperationsQueue$SchedulingStrategy
instanceKlass com/firebase/core/namespace/BoundedNamespaceOperationsQueue
instanceKlass com/firebase/server/router/decoder/NamespaceRequest
instanceKlass  @bci com/firebase/server/router/decoder/FirebaseDecoder$ originIsForge$1 (Lscala/Option;Lscala/collection/immutable/Set;)Z 2 <appendix> member <vmtarget> ; # com/firebase/server/router/decoder/FirebaseDecoder$$$Lambda+0x000000000944f3c8
instanceKlass akka/actor/FSM$NullFunction$
instanceKlass  @bci com/firebase/server/router/decoder/FirebaseDecoder$ refererIsForge$1 (Lscala/Option;Lscala/collection/immutable/Set;)Z 2 <appendix> member <vmtarget> ; # com/firebase/server/router/decoder/FirebaseDecoder$$$Lambda+0x000000000944eb88
instanceKlass com/firebase/server/rest/package$HttpRequestExtentions$
instanceKlass  @bci com/firebase/server/router/decoder/FirebaseDecoder $anonfun$decodeRequest$13 (Lcom/firebase/server/router/decoder/FirebaseDecoder;Ljava/lang/String;Lio/netty/channel/ChannelHandlerContext;Lcom/firebase/server/router/decoder/Suffix;Lio/netty/handler/codec/http/HttpHeaders;Lcom/firebase/server/http/HttpRequestParameters;Lio/netty/handler/codec/http/HttpRequest;Lscala/collection/immutable/List;Lcom/firebase/server/router/decoder/NamespaceSuffix;ZLcom/firebase/core/namespace/cluster/RequestOwnershipState;Lscala/runtime/ObjectRef;Lcom/firebase/core/util/ClientInfo;)Lcom/firebase/server/router/decoder/NamespacePipelineRequest; 82 <appendix> argL0 ; # com/firebase/server/router/decoder/FirebaseDecoder$$Lambda+0x000000000944d7d8
instanceKlass akka/actor/FSM$StateTimeout$
instanceKlass akka/actor/FSM$$minus$greater$
instanceKlass com/firebase/server/router/decoder/WebsocketSuffix$
instanceKlass akka/actor/FSM$StopEvent$
instanceKlass  @bci com/firebase/server/router/decoder/FirebaseDecoder $anonfun$decodeRequest$14 (Lcom/firebase/server/router/decoder/FirebaseDecoder;)V 1 <appendix> argL0 ; # com/firebase/server/router/decoder/FirebaseDecoder$$Lambda+0x000000000944cb98
instanceKlass com/firebase/util/logging/Logging$
instanceKlass akka/actor/FSM$Event$
instanceKlass  @bci com/firebase/server/router/decoder/FirebaseDecoder $anonfun$decodeRequest$13 (Lcom/firebase/server/router/decoder/FirebaseDecoder;Ljava/lang/String;Lio/netty/channel/ChannelHandlerContext;Lcom/firebase/server/router/decoder/Suffix;Lio/netty/handler/codec/http/HttpHeaders;Lcom/firebase/server/http/HttpRequestParameters;Lio/netty/handler/codec/http/HttpRequest;Lscala/collection/immutable/List;Lcom/firebase/server/router/decoder/NamespaceSuffix;ZLcom/firebase/core/namespace/cluster/RequestOwnershipState;Lscala/runtime/ObjectRef;Lcom/firebase/core/util/ClientInfo;)Lcom/firebase/server/router/decoder/NamespacePipelineRequest; 9 <appendix> member <vmtarget> ; # com/firebase/server/router/decoder/FirebaseDecoder$$Lambda+0x000000000944c3e0
# instanceKlass java/lang/invoke/LambdaForm$MH+0x0000000009448400
instanceKlass  @bci com/firebase/server/router/decoder/FirebaseDecoder $anonfun$extractSecurityClaimsAndCredentials$6 (Lcom/firebase/server/router/decoder/FirebaseDecoder;Lcom/firebase/core/NamespaceBundle;Lcom/firebase/core/security/package$SecurityClaims;)Lscala/Option; 36 <appendix> argL0 ; # com/firebase/server/router/decoder/FirebaseDecoder$$Lambda+0x000000000944c000
# instanceKlass java/lang/invoke/LambdaForm$MH+0x0000000009448000
instanceKlass com/firebase/core/security/GoogleCloudAuthority$
instanceKlass com/firebase/core/security/TokenAuthority
instanceKlass com/firebase/core/security/AbsoluteExpiration
instanceKlass com/firebase/core/security/FullAccess
# instanceKlass java/lang/invoke/LambdaForm$DMH+0x0000000009443800
instanceKlass com/firebase/core/security/AdminAccess
instanceKlass com/firebase/core/security/package$GCloudRole$SuperUser$
instanceKlass com/firebase/core/security/package$JwtOrSecret
instanceKlass  @bci com/firebase/core/metadata/NamespaceMetadata authMetadata (Lscala/collection/immutable/Set;)Lcom/firebase/core/security/AuthMetadata; 35 <appendix> argL0 ; # com/firebase/core/metadata/NamespaceMetadata$$Lambda+0x0000000009446dc8
instanceKlass  @bci com/firebase/server/router/decoder/FirebaseDecoder $anonfun$decodeRequest$12 (Lcom/firebase/server/router/decoder/FirebaseDecoder;Lscala/collection/immutable/List;Lio/netty/handler/codec/http/HttpHeaders;Lcom/firebase/server/http/HttpRequestParameters;Lscala/runtime/ObjectRef;Ljava/lang/String;Lio/netty/channel/ChannelHandlerContext;Lcom/firebase/server/router/decoder/Suffix;Lio/netty/handler/codec/http/HttpRequest;Lcom/firebase/server/router/decoder/NamespaceSuffix;ZLscala/concurrent/ExecutionContext;Lscala/util/Try;)Lscala/concurrent/Future; 196 <adapter> ; # java/lang/invoke/LambdaForm$MH+0x0000000009443400
# instanceKlass java/lang/invoke/LambdaForm$MH+0x0000000009443000
# instanceKlass java/lang/invoke/LambdaForm$DMH+0x0000000009442c00
instanceKlass com/firebase/core/security/AuthMetadata
instanceKlass  @bci com/firebase/server/router/decoder/FirebaseDecoder $anonfun$decodeRequest$12 (Lcom/firebase/server/router/decoder/FirebaseDecoder;Lscala/collection/immutable/List;Lio/netty/handler/codec/http/HttpHeaders;Lcom/firebase/server/http/HttpRequestParameters;Lscala/runtime/ObjectRef;Ljava/lang/String;Lio/netty/channel/ChannelHandlerContext;Lcom/firebase/server/router/decoder/Suffix;Lio/netty/handler/codec/http/HttpRequest;Lcom/firebase/server/router/decoder/NamespaceSuffix;ZLscala/concurrent/ExecutionContext;Lscala/util/Try;)Lscala/concurrent/Future; 196 <appendix> form vmentry <vmtarget> ; # java/lang/invoke/LambdaForm$DMH+0x0000000009442800
# instanceKlass java/lang/invoke/LambdaForm$DMH+0x0000000009442400
instanceKlass  @bci com/firebase/server/router/decoder/FirebaseDecoder $anonfun$decodeRequest$12 (Lcom/firebase/server/router/decoder/FirebaseDecoder;Lscala/collection/immutable/List;Lio/netty/handler/codec/http/HttpHeaders;Lcom/firebase/server/http/HttpRequestParameters;Lscala/runtime/ObjectRef;Ljava/lang/String;Lio/netty/channel/ChannelHandlerContext;Lcom/firebase/server/router/decoder/Suffix;Lio/netty/handler/codec/http/HttpRequest;Lcom/firebase/server/router/decoder/NamespaceSuffix;ZLscala/concurrent/ExecutionContext;Lscala/util/Try;)Lscala/concurrent/Future; 196 <appendix> member <vmtarget> ; # com/firebase/server/router/decoder/FirebaseDecoder$$Lambda+0x0000000009446708
instanceKlass  @bci com/firebase/server/router/decoder/FirebaseDecoder $anonfun$extractSecurityClaimsAndCredentials$5 (Lcom/firebase/server/router/decoder/FirebaseDecoder;Lcom/firebase/core/util/ClientInfo;Lcom/firebase/core/NamespaceBundle;)Lscala/Option; 9 <appendix> member <vmtarget> ; # com/firebase/server/router/decoder/FirebaseDecoder$$Lambda+0x0000000009446320
instanceKlass  @bci com/firebase/server/router/decoder/FirebaseDecoder $anonfun$extractSecurityClaimsAndCredentials$4 (Lcom/firebase/server/router/decoder/FirebaseDecoder;Lscala/Option;Lcom/firebase/core/util/ClientInfo;)Lcom/firebase/core/util/ClientInfo; 3 <appendix> member <vmtarget> ; # com/firebase/server/router/decoder/FirebaseDecoder$$Lambda+0x0000000009445f38
instanceKlass  @cpi com/firebase/server/router/decoder/FirebaseDecoder 360 form vmentry <vmtarget> ; # java/lang/invoke/LambdaForm$DMH+0x0000000009442000
# instanceKlass java/lang/invoke/LambdaForm$MH+0x0000000009441c00
instanceKlass  @bci com/firebase/server/router/decoder/FirebaseDecoder extractSecurityClaimsAndCredentials (Lcom/firebase/core/security/CrmClient;Lio/netty/handler/codec/http/HttpHeaders;Lcom/firebase/server/http/HttpRequestParameters;Lcom/firebase/core/util/ClientInfo;Lscala/Option;Lscala/concurrent/ExecutionContext;)Lscala/concurrent/Future; 50 <appendix> member <vmtarget> ; # com/firebase/server/router/decoder/FirebaseDecoder$$Lambda+0x0000000009445b50
instanceKlass  @bci akka/dispatch/BatchingExecutor$BlockableBatch run ()V 91 <appendix> member <vmtarget> ; # akka/dispatch/BatchingExecutor$BlockableBatch$$Lambda+0x0000000009445858
instanceKlass  @bci com/firebase/server/router/decoder/FirebaseDecoder extractSecurityClaimsAndCredentials (Lcom/firebase/core/security/CrmClient;Lio/netty/handler/codec/http/HttpHeaders;Lcom/firebase/server/http/HttpRequestParameters;Lcom/firebase/core/util/ClientInfo;Lscala/Option;Lscala/concurrent/ExecutionContext;)Lscala/concurrent/Future; 35 <appendix> member <vmtarget> ; # com/firebase/server/router/decoder/FirebaseDecoder$$Lambda+0x0000000009445470
# instanceKlass java/lang/invoke/LambdaForm$DMH+0x0000000009441800
instanceKlass akka/dispatch/TaskInvocation
instanceKlass  @bci scala/concurrent/Future map (Lscala/Function1;Lscala/concurrent/ExecutionContext;)Lscala/concurrent/Future; 2 <appendix> member <vmtarget> ; # scala/concurrent/Future$$Lambda+0x0000000009444b10
# instanceKlass java/lang/invoke/LambdaForm$MH+0x0000000009441400
instanceKlass  @bci com/firebase/server/router/AuthTokenExtractor$ parseTokenAndMaybeAuthorize (Lcom/firebase/core/security/CrmClient;Lio/netty/handler/codec/http/HttpHeaders;Lcom/firebase/server/http/HttpRequestParameters;Lcom/firebase/core/util/ClientInfo;Lscala/Option;Lscala/Option;Lscala/concurrent/ExecutionContext;)Lscala/concurrent/Future; 364 <appendix> member <vmtarget> ; # com/firebase/server/router/AuthTokenExtractor$$$Lambda+0x0000000009444728
# instanceKlass java/lang/invoke/LambdaForm$DMH+0x0000000009441000
instanceKlass com/firebase/core/security/package$GCloudToken
instanceKlass com/firebase/core/security/package$AuthToken
instanceKlass com/firebase/core/security/package$GCloudRole$ReadWrite$
# instanceKlass java/lang/invoke/LambdaForm$MH+0x0000000009440c00
instanceKlass  @bci com/firebase/server/router/AuthTokenExtractor$ extractAuthorizationHeader (Lio/netty/handler/codec/http/HttpHeaders;)Lscala/Option; 28 <appendix> argL0 ; # com/firebase/server/router/AuthTokenExtractor$$$Lambda+0x000000000943fa40
# instanceKlass java/lang/invoke/LambdaForm$DMH+0x0000000009440800
instanceKlass  @bci com/firebase/server/router/AuthTokenExtractor$ extractAuthorizationHeader (Lio/netty/handler/codec/http/HttpHeaders;)Lscala/Option; 18 <appendix> argL0 ; # com/firebase/server/router/AuthTokenExtractor$$$Lambda+0x000000000943f660
instanceKlass scala/Tuple3
instanceKlass scala/Product3
# instanceKlass java/lang/invoke/LambdaForm$MH+0x0000000009440400
# instanceKlass java/lang/invoke/LambdaForm$DMH+0x0000000009440000
instanceKlass  @bci com/firebase/server/router/AuthTokenExtractor$ extractRulesetLabelHeader (Lio/netty/handler/codec/http/HttpHeaders;)Lscala/Option; 18 <appendix> argL0 ; # com/firebase/server/router/AuthTokenExtractor$$$Lambda+0x000000000943edb8
instanceKlass  @bci com/firebase/server/rest/RestHandler$ <init> ()V 133 <appendix> argL0 ; # com/firebase/server/rest/RestHandler$$$Lambda+0x000000000943e9d8
instanceKlass  @bci com/firebase/server/rest/RestHandler$ <init> ()V 124 <appendix> argL0 ; # com/firebase/server/rest/RestHandler$$$Lambda+0x000000000943e5f8
instanceKlass com/firebase/server/rest/RestHandler$
# instanceKlass java/lang/invoke/LambdaForm$MH+0x000000000943dc00
instanceKlass  @bci com/firebase/server/router/decoder/FirebaseDecoder extractSecurityClaimsAndCredentials (Lcom/firebase/core/security/CrmClient;Lio/netty/handler/codec/http/HttpHeaders;Lcom/firebase/server/http/HttpRequestParameters;Lcom/firebase/core/util/ClientInfo;Lscala/Option;Lscala/concurrent/ExecutionContext;)Lscala/concurrent/Future; 20 <appendix> argL0 ; # com/firebase/server/router/decoder/FirebaseDecoder$$Lambda+0x000000000943e000
instanceKlass  @bci com/firebase/server/router/decoder/FirebaseDecoder extractSecurityClaimsAndCredentials (Lcom/firebase/core/security/CrmClient;Lio/netty/handler/codec/http/HttpHeaders;Lcom/firebase/server/http/HttpRequestParameters;Lcom/firebase/core/util/ClientInfo;Lscala/Option;Lscala/concurrent/ExecutionContext;)Lscala/concurrent/Future; 10 <appendix> argL0 ; # com/firebase/server/router/decoder/FirebaseDecoder$$Lambda+0x000000000943b910
instanceKlass com/firebase/server/router/AuthTokenExtractor$
# instanceKlass java/lang/invoke/LambdaForm$MH+0x000000000943d800
instanceKlass  @bci com/firebase/core/namespace/annealing/AnnealingActor com$firebase$core$namespace$annealing$AnnealingActor$$maybeResolveReloadProm ()V 185 <appendix> argL0 ; # com/firebase/core/namespace/annealing/AnnealingActor$$Lambda+0x000000000943b430
# instanceKlass java/lang/invoke/LambdaForm$MH+0x000000000943d400
instanceKlass com/firebase/core/namespace/cluster/LocalRequest
instanceKlass com/firebase/core/namespace/cluster/RequestOwnershipState
# instanceKlass java/lang/invoke/LambdaForm$MH+0x000000000943d000
instanceKlass java/util/TreeMap$PrivateEntryIterator
instanceKlass java/lang/invoke/LambdaFormEditor$1
instanceKlass  @bci com/firebase/core/namespace/annealing/AnnealingActor handleNewBundle (Lcom/firebase/core/metadata/NamespaceMetadata;Lscala/concurrent/Promise;)V 324 <appendix> member <vmtarget> ; # com/firebase/core/namespace/annealing/AnnealingActor$$Lambda+0x000000000943ab80
# instanceKlass java/lang/invoke/LambdaForm$MH+0x000000000943cc00
instanceKlass  @bci com/firebase/core/namespace/annealing/AnnealingActor markDone (Ljava/lang/String;Ljava/lang/String;)Lscala/Option; 12 <appendix> member <vmtarget> ; # com/firebase/core/namespace/annealing/AnnealingActor$$Lambda+0x000000000943a798
# instanceKlass java/lang/invoke/LambdaForm$BMH+0x000000000943c800
# instanceKlass java/lang/invoke/LambdaForm$DMH+0x000000000943c400
instanceKlass com/firebase/core/namespace/annealing/NamespaceBundleAvailable
# instanceKlass java/lang/invoke/LambdaForm$DMH+0x000000000943c000
instanceKlass com/firebase/core/NamespaceBundle
instanceKlass com/firebase/core/namespace/NamespaceBundleFactory$$anon$1
instanceKlass com/firebase/core/namespace/NamespaceActorMailbox$NamespaceMessageComparator
instanceKlass com/firebase/core/namespace/NamespaceQueue
instanceKlass com/firebase/core/namespace/client/LatencyTracking
instanceKlass com/firebase/core/namespace/NamespaceActorMailbox
instanceKlass com/firebase/util/data/InitialRenderable
instanceKlass com/firebase/util/data/IndexDefinition
instanceKlass com/firebase/core/namespace/SuspendedQueryCredentials
instanceKlass com/firebase/core/namespace/SuspendedMessage
instanceKlass com/firebase/core/stats/replay/ActorMessageLog
instanceKlass com/firebase/core/namespace/access/ClientNamespaceAccessor
instanceKlass com/firebase/core/namespace/access/NamespaceAccessor
instanceKlass com/firebase/core/namespace/Suspendable
instanceKlass com/firebase/core/namespace/view/ViewSpec
instanceKlass com/firebase/core/namespace/InternalMessage
instanceKlass com/firebase/core/namespace/FbkvInitSource
instanceKlass akka/actor/FSM$TimerMode
instanceKlass akka/actor/FSM$Reason
instanceKlass com/firebase/core/namespace/NamespaceBatchingActor
instanceKlass akka/actor/FSM
instanceKlass akka/routing/Listeners
instanceKlass akka/actor/ActorLogging
instanceKlass akka/MailboxGauge
instanceKlass com/firebase/core/namespace/StateManager$Listener
instanceKlass com/firebase/core/namespace/NamespaceActor$
instanceKlass  @bci com/firebase/core/namespace/profiler/ProfilerActorBasedQueue$ factoryWithActorContext (Lcom/firebase/util/misc/MutableProvider;Lcom/firebase/core/security/TokenServiceClient;Lcom/firebase/core/security/CALEnablementClient;Lcom/firebase/core/stats/NamespaceStats;)Lscala/Function1; 5 <appendix> member <vmtarget> ; # com/firebase/core/namespace/profiler/ProfilerActorBasedQueue$$$Lambda+0x0000000009432490
instanceKlass com/firebase/core/namespace/profiler/ProfilerActorBasedQueue$Factory
instanceKlass com/firebase/core/namespace/profiler/ProfilerActorBasedQueue$
instanceKlass  @bci com/firebase/core/namespace/NamespaceBundleFactory createNamespaceBundle (Lcom/firebase/core/metadata/NamespaceMetadata;I)Lcom/firebase/core/NamespaceBundle; 330 <appendix> member <vmtarget> ; # com/firebase/core/namespace/NamespaceBundleFactory$$Lambda+0x0000000009431ab0
instanceKlass com/firebase/core/util/CorkedQueue
instanceKlass  @bci com/firebase/core/namespace/NamespaceBundleFactory createNamespaceBundle (Lcom/firebase/core/metadata/NamespaceMetadata;I)Lcom/firebase/core/NamespaceBundle; 321 <adapter> ; # java/lang/invoke/LambdaForm$MH+0x0000000009434800
# instanceKlass java/lang/invoke/LambdaForm$DMH+0x0000000009434400
instanceKlass  @bci com/firebase/core/namespace/NamespaceBundleFactory createNamespaceBundle (Lcom/firebase/core/metadata/NamespaceMetadata;I)Lcom/firebase/core/NamespaceBundle; 321 <appendix> form vmentry <vmtarget> ; # java/lang/invoke/LambdaForm$DMH+0x0000000009434000
instanceKlass  @bci com/firebase/core/namespace/NamespaceBundleFactory createNamespaceBundle (Lcom/firebase/core/metadata/NamespaceMetadata;I)Lcom/firebase/core/NamespaceBundle; 321 <appendix> member <vmtarget> ; # com/firebase/core/namespace/NamespaceBundleFactory$$Lambda+0x0000000009431050
instanceKlass com/firebase/core/namespace/NamespaceManager
instanceKlass com/firebase/core/namespace/profiler/Profiler
instanceKlass com/firebase/core/util/LoggingExecutionContextExecutor
instanceKlass  @bci com/firebase/util/misc/ShutdownFlag$ createFlagAndStopper ()Lscala/Tuple2; 14 <appendix> member <vmtarget> ; # com/firebase/util/misc/ShutdownFlag$$$Lambda+0x0000000009430228
instanceKlass com/firebase/util/misc/ShutdownFlag$$anon$3
instanceKlass com/firebase/util/misc/ShutdownFlag$$anon$1
instanceKlass com/firebase/util/misc/ShutdownFlag
instanceKlass com/firebase/util/misc/ShutdownFlag$
instanceKlass  @bci com/firebase/core/namespace/NamespaceBundleFactory createNamespaceBundle (Lcom/firebase/core/metadata/NamespaceMetadata;I)Lcom/firebase/core/NamespaceBundle; 81 <appendix> member <vmtarget> ; # com/firebase/core/namespace/NamespaceBundleFactory$$Lambda+0x00000000094292f8
instanceKlass  @bci com/firebase/core/stats/NamespaceStats addGauges ()V 136 <appendix> member <vmtarget> ; # com/firebase/core/stats/NamespaceStats$$Lambda+0x0000000009429000
instanceKlass  @bci com/firebase/core/stats/NamespaceStats addGauges ()V 118 <appendix> member <vmtarget> ; # com/firebase/core/stats/NamespaceStats$$Lambda+0x000000000942ba98
instanceKlass  @bci com/firebase/core/stats/NamespaceStats addGauges ()V 100 <appendix> member <vmtarget> ; # com/firebase/core/stats/NamespaceStats$$Lambda+0x000000000942b7a0
instanceKlass  @bci com/firebase/core/stats/NamespaceStats addGauges ()V 82 <appendix> member <vmtarget> ; # com/firebase/core/stats/NamespaceStats$$Lambda+0x000000000942b4a8
instanceKlass  @bci com/firebase/core/stats/NamespaceStats addGauges ()V 64 <appendix> member <vmtarget> ; # com/firebase/core/stats/NamespaceStats$$Lambda+0x000000000942b1b0
instanceKlass  @bci com/firebase/core/stats/NamespaceStats addGauges ()V 46 <appendix> member <vmtarget> ; # com/firebase/core/stats/NamespaceStats$$Lambda+0x000000000942aeb8
instanceKlass  @bci com/firebase/core/stats/NamespaceStats addGauges ()V 28 <appendix> member <vmtarget> ; # com/firebase/core/stats/NamespaceStats$$Lambda+0x000000000942abc0
instanceKlass  @bci com/firebase/core/stats/NamespaceStats addGauges ()V 10 <appendix> member <vmtarget> ; # com/firebase/core/stats/NamespaceStats$$Lambda+0x000000000942a8c8
instanceKlass com/firebase/core/stats/NamespaceStats$
instanceKlass  @bci com/firebase/core/stats/SlidingWindow <init> (Ljava/time/Clock;)V 81 <appendix> member <vmtarget> ; # com/firebase/core/stats/SlidingWindow$$Lambda+0x000000000942a000
instanceKlass  @bci com/firebase/core/stats/SlidingWindow <init> (Ljava/time/Clock;)V 40 <appendix> argL0 ; # com/firebase/core/stats/SlidingWindow$$Lambda+0x000000000942fb70
instanceKlass com/firebase/core/stats/SlidingWindow$
instanceKlass com/firebase/core/stats/SlidingWindow
instanceKlass io/netty/buffer/CompositeByteBuf$Component
instanceKlass com/firebase/core/stats/WindowedStat
instanceKlass com/firebase/core/stats/NamespaceStats
instanceKlass io/netty/util/ReferenceCountUtil
instanceKlass com/firebase/core/stats/WindowedRateLimiting
instanceKlass  @bci com/firebase/server/router/decoder/FirebaseDecoder decode (Lio/netty/channel/ChannelHandlerContext;Lio/netty/handler/codec/http/HttpRequest;)V 53 <appendix> member <vmtarget> ; # com/firebase/server/router/decoder/FirebaseDecoder$$Lambda+0x000000000942d160
instanceKlass  @bci scala/concurrent/Future flatMap (Lscala/Function1;Lscala/concurrent/ExecutionContext;)Lscala/concurrent/Future; 3 <appendix> member <vmtarget> ; # scala/concurrent/Future$$Lambda+0x000000000942cd78
instanceKlass  @bci com/firebase/server/router/decoder/FirebaseDecoder decode (Lio/netty/channel/ChannelHandlerContext;Lio/netty/handler/codec/http/HttpRequest;)V 40 <appendix> member <vmtarget> ; # com/firebase/server/router/decoder/FirebaseDecoder$$Lambda+0x000000000942c990
instanceKlass  @bci scala/concurrent/impl/Promise transformWith (Lscala/Function1;Lscala/concurrent/ExecutionContext;)Lscala/concurrent/Future; 12 <appendix> member <vmtarget> ; # scala/concurrent/impl/Promise$$Lambda+0x000000000942c5a8
instanceKlass com/firebase/core/metadata/NamespaceId
instanceKlass  @bci com/firebase/server/router/decoder/FirebaseDecoder $anonfun$decodeRequest$10 (Lcom/firebase/server/router/decoder/FirebaseDecoder;Lio/netty/handler/codec/http/HttpRequest;Lio/netty/handler/codec/http/HttpHeaders;Lscala/runtime/ObjectRef;ZLio/netty/channel/ChannelHandlerContext;Lscala/concurrent/ExecutionContext;Lscala/Tuple2;)Lscala/concurrent/Future; 302 <adapter> ; # java/lang/invoke/LambdaForm$MH+0x0000000009428c00
instanceKlass  @bci com/firebase/core/metadata/NamespaceId$ apply (Lcom/firebase/core/metadata/NamespaceMetadata;)Lcom/firebase/core/metadata/NamespaceId; 42 <appendix> argL0 ; # com/firebase/core/metadata/NamespaceId$$$Lambda+0x000000000942c000
# instanceKlass java/lang/invoke/LambdaForm$DMH+0x0000000009428800
instanceKlass  @bci com/firebase/core/metadata/NamespaceId$ apply (Lcom/firebase/core/metadata/NamespaceMetadata;)Lcom/firebase/core/metadata/NamespaceId; 18 <appendix> argL0 ; # com/firebase/core/metadata/NamespaceId$$$Lambda+0x0000000009427a78
instanceKlass  @bci com/firebase/server/router/decoder/FirebaseDecoder $anonfun$decodeRequest$10 (Lcom/firebase/server/router/decoder/FirebaseDecoder;Lio/netty/handler/codec/http/HttpRequest;Lio/netty/handler/codec/http/HttpHeaders;Lscala/runtime/ObjectRef;ZLio/netty/channel/ChannelHandlerContext;Lscala/concurrent/ExecutionContext;Lscala/Tuple2;)Lscala/concurrent/Future; 302 <appendix> form vmentry <vmtarget> ; # java/lang/invoke/LambdaForm$DMH+0x0000000009428400
instanceKlass com/firebase/core/metadata/NamespaceId$
instanceKlass  @bci com/firebase/server/router/decoder/FirebaseDecoder $anonfun$decodeRequest$10 (Lcom/firebase/server/router/decoder/FirebaseDecoder;Lio/netty/handler/codec/http/HttpRequest;Lio/netty/handler/codec/http/HttpHeaders;Lscala/runtime/ObjectRef;ZLio/netty/channel/ChannelHandlerContext;Lscala/concurrent/ExecutionContext;Lscala/Tuple2;)Lscala/concurrent/Future; 302 <appendix> member <vmtarget> ; # com/firebase/server/router/decoder/FirebaseDecoder$$Lambda+0x00000000094273f0
instanceKlass com/firebase/util/misc/MutableProvider
instanceKlass  @cpi com/firebase/server/router/decoder/FirebaseDecoder 359 form vmentry <vmtarget> ; # java/lang/invoke/LambdaForm$DMH+0x0000000009428000
instanceKlass com/firebase/core/namespace/annealing/AnnealingActor$NewBundle
instanceKlass com/firebase/core/namespace/annealing/AnnealingActor$AnnealingActorMessage
instanceKlass com/firebase/core/persistence/PersistenceException
instanceKlass com/firebase/core/namespace/package$
instanceKlass com/google/common/collect/UnmodifiableIterator
instanceKlass com/google/common/collect/Iterators
instanceKlass com/google/common/util/concurrent/AbstractFuture$Failure
instanceKlass com/google/common/util/concurrent/AbstractFuture$Cancellation
instanceKlass com/google/common/util/concurrent/AbstractFuture$SetFuture
instanceKlass com/google/common/util/concurrent/Uninterruptibles
instanceKlass com/firebase/core/metadata/package$
instanceKlass com/fasterxml/jackson/core/JsonLocation
instanceKlass scala/collection/parallel/ParIterable
instanceKlass scala/collection/parallel/ParIterableLike
instanceKlass scala/collection/generic/GenericParTemplate
instanceKlass scala/collection/generic/HasNewCombiner
instanceKlass com/fasterxml/jackson/databind/type/ClassStack
instanceKlass com/fasterxml/jackson/databind/type/TypeBindings$AsKey
instanceKlass com/fasterxml/jackson/databind/type/TypeBindings$TypeParamStash
instanceKlass  @bci com/firebase/util/encoding/json/JSONEncoder$$anon$3 getActualTypeArguments ()[Ljava/lang/reflect/Type; 10 <appendix> member <vmtarget> ; # com/firebase/util/encoding/json/JSONEncoder$$anon$3$$Lambda+0x0000000009420000
instanceKlass  @bci com/firebase/util/encoding/json/JSONEncoder $anonfun$parse$1 (Lcom/firebase/util/encoding/json/JSONEncoder;Lscala/reflect/Manifest;Lcom/firebase/util/encoding/json/JSONEncoder$Parsable;Ljava/lang/Object;)Ljava/lang/Object; 47 <appendix> argL0 ; # com/firebase/util/encoding/json/JSONEncoder$$Lambda+0x000000000941d770
instanceKlass com/firebase/util/encoding/json/JSONEncoder$$anon$3
instanceKlass  @bci com/firebase/util/encoding/json/JSONEncoder parse (Ljava/lang/Object;Lscala/reflect/Manifest;Lcom/firebase/util/encoding/json/JSONEncoder$Parsable;)Lscala/util/Try; 7 <appendix> member <vmtarget> ; # com/firebase/util/encoding/json/JSONEncoder$$Lambda+0x000000000941d238
instanceKlass com/firebase/util/encoding/json/JSONEncoder$StringParsable$
instanceKlass com/firebase/core/metadata/VersionedProperty$
instanceKlass  @bci com/firebase/core/metadata/NamespaceMetadataDefaults newNamespaceMetadata (Ljava/lang/String;Lcom/firebase/core/metadata/NamespaceCreationOptions;J)Lcom/firebase/core/metadata/NamespaceMetadata; 362 <appendix> argL0 ; # com/firebase/core/metadata/NamespaceMetadataDefaults$$Lambda+0x000000000941f2d8
instanceKlass com/firebase/core/metadata/WipeoutState
instanceKlass  @bci com/firebase/core/metadata/NamespaceMetadataDefaults newNamespaceMetadata (Ljava/lang/String;Lcom/firebase/core/metadata/NamespaceCreationOptions;J)Lcom/firebase/core/metadata/NamespaceMetadata; 295 <appendix> argL0 ; # com/firebase/core/metadata/NamespaceMetadataDefaults$$Lambda+0x000000000941eb38
instanceKlass com/firebase/core/metadata/FreePlan$
instanceKlass  @bci com/firebase/core/metadata/NamespaceMetadataDefaults newNamespaceMetadata (Ljava/lang/String;Lcom/firebase/core/metadata/NamespaceCreationOptions;J)Lcom/firebase/core/metadata/NamespaceMetadata; 246 <appendix> member <vmtarget> ; # com/firebase/core/metadata/NamespaceMetadataDefaults$$Lambda+0x000000000941e5b0
instanceKlass scala/Enumeration
instanceKlass com/firebase/core/metadata/DisabledReason
instanceKlass com/firebase/core/metadata/DatabaseType
instanceKlass com/firebase/core/metadata/VersionedProperty
instanceKlass com/firebase/core/metadata/NamespaceCreationOptions
instanceKlass jdk/internal/util/ByteArrayLittleEndian
instanceKlass java/util/UUID$Holder
instanceKlass scala/runtime/AbstractFunction6
instanceKlass scala/Function6
instanceKlass  @bci com/firebase/core/util/RandGen getSecureRandomPassword (I)Ljava/lang/String; 25 <appendix> member <vmtarget> ; # com/firebase/core/util/RandGen$$Lambda+0x000000000941a100
instanceKlass com/firebase/core/util/RandGen
instanceKlass com/firebase/core/util/RandGen$
instanceKlass com/firebase/core/metadata/Project
instanceKlass com/firebase/core/metadata/MeteredPlan$
instanceKlass com/firebase/core/metadata/Plan
instanceKlass  @bci com/firebase/core/metadata/MetadataField update (Lcom/firebase/core/metadata/NamespaceMetadata;JLcom/firebase/core/metadata/NamespaceUpdateOptions;)Lcom/firebase/core/metadata/NamespaceMetadata; 9 <adapter> ; # java/lang/invoke/LambdaForm$MH+0x000000000941cc00
# instanceKlass java/lang/invoke/LambdaForm$DMH+0x000000000941c800
instanceKlass  @bci com/firebase/core/metadata/MetadataField update (Lcom/firebase/core/metadata/NamespaceMetadata;JLcom/firebase/core/metadata/NamespaceUpdateOptions;)Lcom/firebase/core/metadata/NamespaceMetadata; 9 <appendix> form vmentry <vmtarget> ; # java/lang/invoke/LambdaForm$DMH+0x000000000941c400
instanceKlass  @bci com/firebase/core/persistence/backend/dummy/EmulatorMetadataPersistence createIfAbsent (Ljava/lang/String;)Lcom/firebase/core/metadata/NamespaceMetadata; 12 <appendix> member <vmtarget> ; # com/firebase/core/persistence/backend/dummy/EmulatorMetadataPersistence$$Lambda+0x0000000009419270
instanceKlass  @cpi com/firebase/core/persistence/backend/dummy/EmulatorMetadataPersistence 133 form vmentry <vmtarget> ; # java/lang/invoke/LambdaForm$DMH+0x000000000941c000
instanceKlass com/firebase/core/metadata/NamespaceMetadata
instanceKlass com/google/common/base/Platform$JdkPatternCompiler
instanceKlass com/google/common/base/PatternCompiler
instanceKlass com/google/common/base/Platform
instanceKlass com/google/common/base/Stopwatch
instanceKlass com/google/common/util/concurrent/AbstractFuture$Waiter
instanceKlass com/google/common/util/concurrent/AbstractFuture$Listener
instanceKlass com/google/common/util/concurrent/AbstractFuture$UnsafeAtomicHelper$1
instanceKlass com/google/common/util/concurrent/AbstractFuture$AtomicHelper
instanceKlass com/google/common/util/concurrent/internal/InternalFutureFailureAccess
instanceKlass com/google/common/util/concurrent/AbstractFuture$Trusted
instanceKlass com/google/common/util/concurrent/ListenableFuture
instanceKlass com/google/common/cache/LocalCache$LoadingValueReference
instanceKlass  @bci com/firebase/core/namespace/annealing/MetadataCache$$anon$2 get (Ljava/lang/String;)Lscala/util/Try; 5 <appendix> member <vmtarget> ; # com/firebase/core/namespace/annealing/MetadataCache$$anon$2$$Lambda+0x00000000094151f8
instanceKlass  @bci com/firebase/core/namespace/annealing/ClusterAnnealingState get (Ljava/lang/String;)Lscala/Option; 9 <appendix> member <vmtarget> ; # com/firebase/core/namespace/annealing/ClusterAnnealingState$$Lambda+0x0000000009414e10
instanceKlass com/firebase/core/namespace/annealing/NamespaceBundleState
instanceKlass  @bci com/firebase/core/namespace/annealing/AnnealingNamespaceSystem getOwner (Ljava/lang/String;)Lscala/concurrent/Future; 3 <appendix> member <vmtarget> ; # com/firebase/core/namespace/annealing/AnnealingNamespaceSystem$$Lambda+0x0000000009414930
instanceKlass  @bci com/firebase/server/router/decoder/FirebaseDecoder $anonfun$decodeRequest$10 (Lcom/firebase/server/router/decoder/FirebaseDecoder;Lio/netty/handler/codec/http/HttpRequest;Lio/netty/handler/codec/http/HttpHeaders;Lscala/runtime/ObjectRef;ZLio/netty/channel/ChannelHandlerContext;Lscala/concurrent/ExecutionContext;Lscala/Tuple2;)Lscala/concurrent/Future; 236 <appendix> member <vmtarget> ; # com/firebase/server/router/decoder/FirebaseDecoder$$Lambda+0x0000000009414548
instanceKlass com/firebase/server/router/decoder/NonNamespaceSuffix
instanceKlass  @bci com/firebase/server/router/AppCheckTokenExtractor$ findAndParseToken (Lscala/collection/immutable/Set;Lio/netty/handler/codec/http/HttpHeaders;Lcom/firebase/server/http/HttpRequestParameters;)Lscala/Option; 11 <appendix> member <vmtarget> ; # com/firebase/server/router/AppCheckTokenExtractor$$$Lambda+0x0000000009413f58
instanceKlass  @bci com/firebase/server/router/AppCheckTokenExtractor$ findAppCheckToken (Lio/netty/handler/codec/http/HttpHeaders;Lcom/firebase/server/http/HttpRequestParameters;)Lscala/Option; 10 <appendix> member <vmtarget> ; # com/firebase/server/router/AppCheckTokenExtractor$$$Lambda+0x0000000009412628
instanceKlass com/firebase/server/router/AppCheckTokenExtractor$
instanceKlass  @bci com/firebase/server/router/decoder/FirebaseDecoder$ com$firebase$server$router$decoder$FirebaseDecoder$$setHttpMethodFromOverride (Lio/netty/handler/codec/http/HttpRequest;Lio/netty/handler/codec/http/HttpHeaders;Lcom/firebase/server/http/HttpRequestParameters;)V 99 <appendix> member <vmtarget> ; # com/firebase/server/router/decoder/FirebaseDecoder$$$Lambda+0x0000000009410aa8
instanceKlass scala/collection/mutable/LazyBuilder
instanceKlass  @bci com/firebase/server/router/decoder/FirebaseDecoder$ com$firebase$server$router$decoder$FirebaseDecoder$$setHttpMethodFromOverride (Lio/netty/handler/codec/http/HttpRequest;Lio/netty/handler/codec/http/HttpHeaders;Lcom/firebase/server/http/HttpRequestParameters;)V 76 <appendix> argL0 ; # com/firebase/server/router/decoder/FirebaseDecoder$$$Lambda+0x0000000009410000
instanceKlass scala/collection/immutable/StreamView
instanceKlass scala/collection/immutable/StreamViewLike
instanceKlass  @bci scala/collection/Iterator toStream ()Lscala/collection/immutable/Stream; 19 <appendix> member <vmtarget> ; # scala/collection/Iterator$$Lambda+0x000000000940d608
instanceKlass scala/collection/immutable/Stream$cons$
instanceKlass  @bci com/firebase/server/router/decoder/FirebaseDecoder $anonfun$decodeRequest$7 (Lcom/firebase/server/router/decoder/FirebaseDecoder;Lio/netty/handler/codec/http/HttpRequest;Lio/netty/handler/codec/http/HttpHeaders;Lscala/runtime/ObjectRef;ZLio/netty/channel/ChannelHandlerContext;Lscala/concurrent/ExecutionContext;Ljava/lang/String;)Lcom/firebase/util/result/package$Result; 48 <appendix> member <vmtarget> ; # com/firebase/server/router/decoder/FirebaseDecoder$$Lambda+0x000000000940d000
instanceKlass scala/Tuple5
instanceKlass scala/Product5
instanceKlass  @bci com/firebase/server/router/decoder/FirebaseDecoder $anonfun$decodeRequest$7 (Lcom/firebase/server/router/decoder/FirebaseDecoder;Lio/netty/handler/codec/http/HttpRequest;Lio/netty/handler/codec/http/HttpHeaders;Lscala/runtime/ObjectRef;ZLio/netty/channel/ChannelHandlerContext;Lscala/concurrent/ExecutionContext;Ljava/lang/String;)Lcom/firebase/util/result/package$Result; 28 <appendix> argL0 ; # com/firebase/server/router/decoder/FirebaseDecoder$$Lambda+0x000000000940f3c8
instanceKlass  @bci com/firebase/server/router/decoder/FirebaseDecoder $anonfun$decodeRequest$7 (Lcom/firebase/server/router/decoder/FirebaseDecoder;Lio/netty/handler/codec/http/HttpRequest;Lio/netty/handler/codec/http/HttpHeaders;Lscala/runtime/ObjectRef;ZLio/netty/channel/ChannelHandlerContext;Lscala/concurrent/ExecutionContext;Ljava/lang/String;)Lcom/firebase/util/result/package$Result; 18 <appendix> member <vmtarget> ; # com/firebase/server/router/decoder/FirebaseDecoder$$Lambda+0x000000000940efe0
instanceKlass  @bci com/firebase/server/router/decoder/FirebaseDecoder$ parseUri (Ljava/lang/String;Ljava/lang/String;Lio/netty/handler/codec/http/HttpHeaders;)Lcom/firebase/util/result/package$Result; 33 <appendix> argL0 ; # com/firebase/server/router/decoder/FirebaseDecoder$$$Lambda+0x000000000940ec00
instanceKlass com/firebase/server/router/decoder/NoSuffix$
instanceKlass com/firebase/server/router/decoder/JsonSuffix$
instanceKlass com/firebase/server/router/decoder/NamespaceSuffix
instanceKlass com/firebase/server/router/decoder/Suffix$
instanceKlass  @bci com/firebase/server/router/decoder/FirebaseDecoder$ $anonfun$parseUri$1 (Ljava/lang/String;Ljava/lang/Object;Ljava/lang/String;)Lcom/firebase/server/router/decoder/FirebaseDecoder$UriParsingResult; 152 <appendix> member <vmtarget> ; # com/firebase/server/router/decoder/FirebaseDecoder$$$Lambda+0x000000000940e000
instanceKlass  @bci com/firebase/server/router/decoder/FirebaseDecoder$ $anonfun$parseUri$1 (Ljava/lang/String;Ljava/lang/Object;Ljava/lang/String;)Lcom/firebase/server/router/decoder/FirebaseDecoder$UriParsingResult; 121 <appendix> argL0 ; # com/firebase/server/router/decoder/FirebaseDecoder$$$Lambda+0x000000000940bbd0
instanceKlass  @bci com/firebase/server/http/HttpRequestParameters <init> (Lscala/Option;)V 6 <appendix> argL0 ; # com/firebase/server/http/HttpRequestParameters$$Lambda+0x000000000940b7f0
instanceKlass com/firebase/server/http/HttpRequestParameters
instanceKlass io/netty/handler/codec/http/HttpConstants
instanceKlass io/netty/handler/codec/http/QueryStringDecoder
instanceKlass  @bci com/firebase/server/router/decoder/FirebaseDecoder$ parseUri (Ljava/lang/String;Ljava/lang/String;Lio/netty/handler/codec/http/HttpHeaders;)Lcom/firebase/util/result/package$Result; 22 <appendix> member <vmtarget> ; # com/firebase/server/router/decoder/FirebaseDecoder$$$Lambda+0x000000000940aea0
instanceKlass com/firebase/server/router/decoder/FirebaseDecoder$UriParsingResult
instanceKlass com/firebase/util/result/package$TryConversion$
instanceKlass  @bci com/firebase/server/router/decoder/FirebaseDecoder $anonfun$decodeRequest$7 (Lcom/firebase/server/router/decoder/FirebaseDecoder;Lio/netty/handler/codec/http/HttpRequest;Lio/netty/handler/codec/http/HttpHeaders;Lscala/runtime/ObjectRef;ZLio/netty/channel/ChannelHandlerContext;Lscala/concurrent/ExecutionContext;Ljava/lang/String;)Lcom/firebase/util/result/package$Result; 48 <adapter> ; # java/lang/invoke/LambdaForm$MH+0x000000000940cc00
# instanceKlass java/lang/invoke/LambdaForm$DMH+0x000000000940c800
instanceKlass  @bci com/firebase/server/router/decoder/FirebaseDecoder $anonfun$decodeRequest$7 (Lcom/firebase/server/router/decoder/FirebaseDecoder;Lio/netty/handler/codec/http/HttpRequest;Lio/netty/handler/codec/http/HttpHeaders;Lscala/runtime/ObjectRef;ZLio/netty/channel/ChannelHandlerContext;Lscala/concurrent/ExecutionContext;Ljava/lang/String;)Lcom/firebase/util/result/package$Result; 48 <appendix> form vmentry <vmtarget> ; # java/lang/invoke/LambdaForm$DMH+0x000000000940c400
instanceKlass  @bci com/firebase/server/router/decoder/FirebaseDecoder decodeRequest (Lio/netty/channel/ChannelHandlerContext;Lio/netty/handler/codec/http/HttpRequest;Lscala/concurrent/ExecutionContext;)Lscala/concurrent/Future; 241 <appendix> member <vmtarget> ; # com/firebase/server/router/decoder/FirebaseDecoder$$Lambda+0x000000000940a5b8
instanceKlass  @cpi com/firebase/core/namespace/NamespaceBundleFactory 180 form vmentry <vmtarget> ; # java/lang/invoke/LambdaForm$DMH+0x000000000940c000
instanceKlass com/firebase/util/result/package$Value
instanceKlass  @bci com/firebase/server/router/decoder/FirebaseDecoder decodeRequest (Lio/netty/channel/ChannelHandlerContext;Lio/netty/handler/codec/http/HttpRequest;Lscala/concurrent/ExecutionContext;)Lscala/concurrent/Future; 223 <appendix> member <vmtarget> ; # com/firebase/server/router/decoder/FirebaseDecoder$$Lambda+0x0000000009409f40
instanceKlass com/firebase/server/router/decoder/BadRequest
instanceKlass com/firebase/util/result/package$OptionConversion
instanceKlass com/firebase/util/encoding/Ints
instanceKlass com/firebase/core/metadata/NamespaceMetadata$
instanceKlass com/firebase/server/router/decoder/EmulatorDecoder$
instanceKlass com/firebase/util/result/package$
instanceKlass com/firebase/core/security/NoExpiration$
instanceKlass com/firebase/core/security/Credentials$
instanceKlass  @bci com/firebase/core/util/ClientInfo <init> (Ljava/net/SocketAddress;Lscala/Option;ZLscala/Option;Lscala/Option;Lscala/util/Try;Lscala/Option;)V 50 <appendix> argL0 ; # com/firebase/core/util/ClientInfo$$Lambda+0x00000000094089c0
instanceKlass com/firebase/core/security/Credentials
instanceKlass com/firebase/core/security/package$SecurityClaims
instanceKlass com/firebase/core/util/ClientInfo
instanceKlass  @bci com/firebase/server/router/decoder/FirebaseDecoder decodeRequest (Lio/netty/channel/ChannelHandlerContext;Lio/netty/handler/codec/http/HttpRequest;Lscala/concurrent/ExecutionContext;)Lscala/concurrent/Future; 141 <appendix> member <vmtarget> ; # com/firebase/server/router/decoder/FirebaseDecoder$$Lambda+0x0000000009407738
instanceKlass  @bci com/firebase/server/router/decoder/FirebaseDecoder decodeRequest (Lio/netty/channel/ChannelHandlerContext;Lio/netty/handler/codec/http/HttpRequest;Lscala/concurrent/ExecutionContext;)Lscala/concurrent/Future; 132 <appendix> argL0 ; # com/firebase/server/router/decoder/FirebaseDecoder$$Lambda+0x0000000009407358
instanceKlass com/firebase/server/response/messages/CustomHeaders$
instanceKlass com/firebase/core/util/UserAgentSummary$Device
instanceKlass com/firebase/server/router/decoder/Suffix
instanceKlass com/firebase/core/util/UserAgentSummary$Browser
instanceKlass com/firebase/core/util/UserAgentSummary$Platform
instanceKlass com/firebase/server/router/decoder/FirebaseDecoder$
instanceKlass  @bci com/firebase/server/router/decoder/FirebaseDecoder decodeRequest (Lio/netty/channel/ChannelHandlerContext;Lio/netty/handler/codec/http/HttpRequest;Lscala/concurrent/ExecutionContext;)Lscala/concurrent/Future; 78 <appendix> argL0 ; # com/firebase/server/router/decoder/FirebaseDecoder$$Lambda+0x0000000009403fa8
instanceKlass  @bci com/firebase/server/router/decoder/FirebaseDecoder decodeRequest (Lio/netty/channel/ChannelHandlerContext;Lio/netty/handler/codec/http/HttpRequest;Lscala/concurrent/ExecutionContext;)Lscala/concurrent/Future; 70 <appendix> argL0 ; # com/firebase/server/router/decoder/FirebaseDecoder$$Lambda+0x0000000009403bc8
instanceKlass io/netty/handler/codec/http/HttpMethod
instanceKlass io/netty/buffer/HeapByteBufUtil
instanceKlass io/netty/handler/codec/http/HttpObjectDecoder$1
instanceKlass  @bci com/firebase/server/stats/NamespaceBandwidthHandler tryFlush (Lio/netty/channel/ChannelHandlerContext;)V 5 <appendix> member <vmtarget> ; # com/firebase/server/stats/NamespaceBandwidthHandler$$Lambda+0x0000000009402e88
instanceKlass com/firebase/core/stats/NamespaceBandwidthRecorder
instanceKlass io/netty/util/Recycler$DefaultHandle
instanceKlass io/netty/util/Recycler$Stack
instanceKlass io/netty/util/Recycler$1
instanceKlass io/netty/util/Recycler$Handle
instanceKlass io/netty/util/Recycler
instanceKlass io/netty/channel/AbstractChannel$AbstractUnsafe$7
instanceKlass io/netty/channel/AdaptiveRecvByteBufAllocator$HandleImpl
instanceKlass  @bci com/firebase/server/stats/ChannelCounterHandler $anonfun$channelRegistered$1 (Lcom/firebase/server/stats/ChannelCounterHandler;Lio/netty/channel/ChannelHandlerContext;)V 21 <appendix> argL0 ; # com/firebase/server/stats/ChannelCounterHandler$$Lambda+0x0000000009400a58
instanceKlass io/netty/util/concurrent/GenericProgressiveFutureListener
instanceKlass  @bci com/firebase/server/stats/ChannelCounterHandler $anonfun$channelRegistered$1 (Lcom/firebase/server/stats/ChannelCounterHandler;Lio/netty/channel/ChannelHandlerContext;)V 5 <appendix> member <vmtarget> ; # com/firebase/server/stats/ChannelCounterHandler$$Lambda+0x0000000009400268
instanceKlass com/firebase/server/router/NettyLogging$
instanceKlass  @bci com/firebase/server/stats/ChannelCounterHandler channelRegistered (Lio/netty/channel/ChannelHandlerContext;)V 4 <appendix> member <vmtarget> ; # com/firebase/server/stats/ChannelCounterHandler$$Lambda+0x00000000093df830
instanceKlass  @bci com/firebase/util/misc/ContentionDetectingReentrantLock$ threadLogging (Ljava/lang/String;)Lcom/firebase/util/misc/ContentionDetectingReentrantLock; 5 <appendix> member <vmtarget> ; # com/firebase/util/misc/ContentionDetectingReentrantLock$$$Lambda+0x00000000093df538
instanceKlass com/firebase/util/misc/ContentionDetectingReentrantLock
instanceKlass com/firebase/util/misc/ContentionDetectingReentrantLock$
instanceKlass scala/collection/mutable/Builder$$anon$1
instanceKlass  @bci scala/collection/mutable/Queue$ newBuilder ()Lscala/collection/mutable/Builder; 7 <appendix> argL0 ; # scala/collection/mutable/Queue$$$Lambda+0x00000000093de9c8
instanceKlass scala/collection/mutable/LinkedListLike
instanceKlass com/firebase/server/router/HttpRequestQueue
instanceKlass com/firebase/server/router/Timing
instanceKlass io/netty/handler/codec/http/DefaultHttpHeaders$HeaderEntry
instanceKlass io/netty/handler/codec/http/HttpHeaderEntity
instanceKlass io/netty/handler/codec/DecoderResult
instanceKlass io/netty/handler/codec/http/HttpVersion
instanceKlass io/netty/handler/codec/http/DefaultHttpObject
instanceKlass io/netty/handler/codec/http/HttpHeaders
instanceKlass io/netty/handler/codec/http/HttpObjectAggregator$AggregatedFullHttpMessage
instanceKlass io/netty/handler/codec/http/HttpObjectDecoder$HeaderParser
instanceKlass io/netty/util/internal/AppendableCharSequence
instanceKlass io/netty/handler/codec/ByteToMessageDecoder$2
instanceKlass io/netty/handler/codec/ByteToMessageDecoder$1
instanceKlass io/netty/handler/codec/ByteToMessageDecoder$Cumulator
instanceKlass io/netty/buffer/AbstractByteBufAllocator$1
instanceKlass io/netty/handler/traffic/GlobalTrafficShapingHandler$PerChannel
instanceKlass io/netty/util/concurrent/PromiseTask$RunnableAdapter
instanceKlass io/netty/handler/timeout/IdleStateHandler$AbstractIdleTask
instanceKlass io/netty/handler/timeout/IdleStateHandler$1
instanceKlass com/firebase/server/router/IdleStateDetectionHandler$
instanceKlass  @bci com/firebase/server/router/ServerChannelInitializer$ withGroup (Lio/netty/channel/ChannelPipeline;Lio/netty/channel/EventLoopGroup;Lscala/Function2;)Lio/netty/channel/ChannelPipeline; 11 <appendix> member <vmtarget> ; # com/firebase/server/router/ServerChannelInitializer$$$Lambda+0x00000000093d2da8
instanceKlass  @bci com/firebase/server/router/ServerChannelInitializer$ withGroup (Lio/netty/channel/ChannelPipeline;Lio/netty/channel/EventLoopGroup;Lscala/Function2;)Lio/netty/channel/ChannelPipeline; 2 <appendix> member <vmtarget> ; # com/firebase/server/router/ServerChannelInitializer$$$Lambda+0x00000000093d27e0
instanceKlass  @bci com/firebase/server/router/ServerChannelInitializer initChannel (Lio/netty/channel/Channel;)V 18 <appendix> member <vmtarget> ; # com/firebase/server/router/ServerChannelInitializer$$Lambda+0x00000000093d2218
instanceKlass io/netty/bootstrap/ServerBootstrap$ServerBootstrapAcceptor$2
instanceKlass scala/reflect/ScalaSignature
instanceKlass sun/nio/ch/OptionKey
instanceKlass sun/nio/ch/SocketOptionRegistry$LazyInitialization
instanceKlass sun/nio/ch/SocketOptionRegistry$RegistryKey
instanceKlass sun/nio/ch/SocketOptionRegistry
instanceKlass sun/nio/ch/ExtendedSocketOption$1
instanceKlass sun/nio/ch/ExtendedSocketOption
instanceKlass sun/nio/ch/SocketChannelImpl$DefaultOptionsHolder
instanceKlass java/net/StandardSocketOptions$StdSocketOption
instanceKlass java/net/StandardSocketOptions
instanceKlass java/net/Socket
instanceKlass io/netty/channel/FileRegion
instanceKlass io/netty/channel/socket/SocketChannelConfig
instanceKlass io/netty/util/internal/SocketUtils$5
instanceKlass io/netty/channel/ChannelFutureListener$3
instanceKlass io/netty/channel/ChannelFutureListener$2
instanceKlass io/netty/channel/ChannelFutureListener$1
instanceKlass io/netty/channel/AbstractChannel$AbstractUnsafe$2
instanceKlass sun/net/NetHooks
instanceKlass io/netty/bootstrap/ServerBootstrap$ServerBootstrapAcceptor$1
instanceKlass io/netty/bootstrap/AbstractBootstrap$2
instanceKlass io/netty/util/concurrent/DefaultFutureListeners
instanceKlass io/netty/bootstrap/ServerBootstrap$1$1
instanceKlass java/lang/invoke/ConstantBootstraps
instanceKlass io/netty/bootstrap/AbstractBootstrap$1
instanceKlass io/netty/channel/AbstractChannel$AbstractUnsafe$1
instanceKlass java/lang/Class$AnnotationData
instanceKlass sun/reflect/annotation/ExceptionProxy
instanceKlass java/lang/annotation/Target
instanceKlass java/lang/annotation/Documented
instanceKlass jdk/internal/classfile/impl/StackMapDecoder$1
instanceKlass jdk/internal/classfile/impl/StackMapDecoder
instanceKlass jdk/internal/classfile/impl/StackCounter
instanceKlass  @bci java/lang/reflect/ProxyGenerator lambda$generateLookupAccessor$0 (Ljava/lang/classfile/MethodBuilder;)V 30 <appendix> member <vmtarget> ; # java/lang/reflect/ProxyGenerator$$Lambda+0x00000000093e4d78
instanceKlass  @bci java/lang/reflect/ProxyGenerator generateLookupAccessor (Ljava/lang/classfile/ClassBuilder;)V 10 <appendix> member <vmtarget> ; # java/lang/reflect/ProxyGenerator$$Lambda+0x00000000093e4b38
instanceKlass  @bci java/lang/reflect/ProxyGenerator generateStaticInitializer (Ljava/lang/classfile/ClassBuilder;)V 10 <appendix> member <vmtarget> ; # java/lang/reflect/ProxyGenerator$$Lambda+0x00000000093e48f8
instanceKlass java/lang/classfile/attribute/StackMapTableAttribute
instanceKlass java/lang/classfile/attribute/StackMapFrameInfo
instanceKlass java/lang/classfile/instruction/ExceptionCatch
instanceKlass  @bci java/lang/reflect/ProxyGenerator$ProxyMethod lambda$generateMethod$0 (Ljava/lang/classfile/MethodBuilder;)V 30 <appendix> member <vmtarget> ; # java/lang/reflect/ProxyGenerator$ProxyMethod$$Lambda+0x00000000093e3b88
instanceKlass  @bci java/lang/reflect/ProxyGenerator$ProxyMethod generateMethod (Ljava/lang/classfile/ClassBuilder;)V 42 <appendix> member <vmtarget> ; # java/lang/reflect/ProxyGenerator$ProxyMethod$$Lambda+0x00000000093e3948
instanceKlass  @bci java/lang/reflect/ProxyGenerator generateConstructor (Ljava/lang/classfile/ClassBuilder;)V 8 <appendix> member <vmtarget> ; # java/lang/reflect/ProxyGenerator$$Lambda+0x00000000093e3708
instanceKlass  @bci java/lang/reflect/ProxyGenerator generateClassFile ()[B 197 <appendix> member <vmtarget> ; # java/lang/reflect/ProxyGenerator$$Lambda+0x00000000093e34c8
instanceKlass  @bci java/lang/reflect/ProxyGenerator proxyMethodsFor (Ljava/lang/String;)Ljava/util/List; 5 <appendix> argL0 ; # java/lang/reflect/ProxyGenerator$$Lambda+0x00000000093e3280
instanceKlass java/lang/reflect/ProxyGenerator$ProxyMethod
instanceKlass java/lang/classfile/attribute/StackMapFrameInfo$ObjectVerificationTypeInfo
instanceKlass java/lang/classfile/attribute/StackMapFrameInfo$VerificationTypeInfo
instanceKlass java/lang/classfile/ClassFile$Option
instanceKlass java/lang/reflect/ProxyGenerator
instanceKlass  @bci java/lang/WeakPairMap computeIfAbsent (Ljava/lang/Object;Ljava/lang/Object;Ljava/util/function/BiFunction;)Ljava/lang/Object; 18 <appendix> member <vmtarget> ; # java/lang/WeakPairMap$$Lambda+0x00000000093e25e8
instanceKlass  @bci java/lang/Module implAddExportsOrOpens (Ljava/lang/String;Ljava/lang/Module;ZZ)V 151 <appendix> argL0 ; # java/lang/Module$$Lambda+0x00000000093e23b0
instanceKlass  @bci java/lang/module/ModuleDescriptor$Builder packages (Ljava/util/Set;)Ljava/lang/module/ModuleDescriptor$Builder; 17 <appendix> argL0 ; # java/lang/module/ModuleDescriptor$Builder$$Lambda+0x80000000e
instanceKlass java/lang/module/ModuleDescriptor$Builder
instanceKlass  @bci java/lang/reflect/Proxy$ProxyBuilder getDynamicModule (Ljava/lang/ClassLoader;)Ljava/lang/Module; 4 <appendix> argL0 ; # java/lang/reflect/Proxy$ProxyBuilder$$Lambda+0x00000000093e1a20
instanceKlass java/lang/PublicMethods
instanceKlass java/lang/reflect/Proxy$ProxyBuilder
instanceKlass  @bci java/lang/reflect/Proxy getProxyConstructor (Ljava/lang/ClassLoader;[Ljava/lang/Class;)Ljava/lang/reflect/Constructor; 18 <appendix> argL0 ; # java/lang/reflect/Proxy$$Lambda+0x00000000093e1168
instanceKlass java/lang/reflect/Proxy
instanceKlass sun/reflect/annotation/AnnotationInvocationHandler
instanceKlass java/lang/reflect/InvocationHandler
instanceKlass java/lang/annotation/Inherited
instanceKlass java/lang/annotation/Retention
instanceKlass sun/reflect/annotation/AnnotationType
instanceKlass io/netty/channel/ChannelHandler$Sharable
instanceKlass io/netty/util/NetUtil$1
instanceKlass io/netty/util/internal/SocketUtils$11
instanceKlass io/netty/util/NetUtil
instanceKlass java/net/SocketImpl
instanceKlass java/net/SocketOptions
instanceKlass java/net/ServerSocket
instanceKlass io/netty/channel/DefaultMessageSizeEstimator$HandleImpl
instanceKlass io/netty/channel/DefaultMessageSizeEstimator
instanceKlass io/netty/channel/MessageSizeEstimator
instanceKlass io/netty/channel/DefaultChannelConfig
instanceKlass io/netty/channel/AbstractChannelHandlerContext$AbstractWriteTask
instanceKlass io/netty/channel/MessageSizeEstimator$Handle
instanceKlass io/netty/channel/DefaultChannelPipeline$PendingHandlerCallback
instanceKlass io/netty/channel/ChannelHandlerContext
instanceKlass io/netty/channel/DefaultChannelPipeline
instanceKlass io/netty/channel/ChannelOutboundBuffer$Entry
instanceKlass java/util/concurrent/atomic/AtomicLongFieldUpdater
instanceKlass io/netty/channel/ChannelOutboundBuffer
instanceKlass io/netty/channel/ChannelFlushPromiseNotifier$FlushCheckpoint
instanceKlass io/netty/channel/ChannelMetadata
instanceKlass io/netty/channel/socket/ServerSocketChannelConfig
instanceKlass io/netty/channel/ChannelConfig
instanceKlass io/netty/channel/nio/AbstractNioChannel$NioUnsafe
instanceKlass io/netty/channel/AbstractChannel$AbstractUnsafe
instanceKlass io/netty/channel/ChannelProgressivePromise
instanceKlass io/netty/channel/ChannelProgressiveFuture
instanceKlass io/netty/channel/ChannelPipeline
instanceKlass io/netty/channel/Channel$Unsafe
instanceKlass io/netty/util/Attribute
instanceKlass java/net/InetSocketAddress$InetSocketAddressHolder
instanceKlass io/netty/util/internal/SocketUtils$10
instanceKlass java/security/PrivilegedExceptionAction
instanceKlass io/netty/util/internal/SocketUtils
instanceKlass  @bci com/firebase/core/util/QualifiedHostname port ()I 4 <appendix> argL0 ; # com/firebase/core/util/QualifiedHostname$$Lambda+0x00000000093c2728
instanceKlass  @cpi com/firebase/server/rest/RequestData 205 form vmentry <vmtarget> ; # java/lang/invoke/LambdaForm$DMH+0x00000000093c4000
instanceKlass scala/runtime/java8/JFunction0$mcI$sp
instanceKlass  @bci com/firebase/server/forge/App$ runFirebase (Lcom/firebase/core/util/QualifiedHostname;Lcom/firebase/server/router/ServerChannelHandlers;Lio/netty/channel/MultithreadEventLoopGroup;Ljava/lang/Class;)V 77 <appendix> member <vmtarget> ; # com/firebase/server/forge/App$$$Lambda+0x00000000093c2248
instanceKlass io/netty/channel/RecvByteBufAllocator$Handle
instanceKlass io/netty/channel/AdaptiveRecvByteBufAllocator
instanceKlass io/netty/channel/RecvByteBufAllocator
instanceKlass io/netty/channel/socket/ServerSocketChannel
instanceKlass io/netty/channel/ServerChannel
instanceKlass  @bci com/firebase/server/router/ServerChannelHandlers <init> (Lcom/firebase/server/realtime/RealtimeClientManager;Lcom/firebase/server/router/HttpRouterHandlers;Lcom/firebase/server/router/decoder/FirebaseDecoder;Lscala/Option;)V 72 <appendix> argL0 ; # com/firebase/server/router/ServerChannelHandlers$$Lambda+0x00000000093bfaa8
instanceKlass scala/runtime/java8/JFunction1$mcZJ$sp
instanceKlass  @bci com/firebase/server/router/ServerChannelInitializer$ <init> ()V 213 <appendix> argL0 ; # com/firebase/server/router/ServerChannelInitializer$$$Lambda+0x00000000093bf5b0
instanceKlass  @bci com/firebase/server/router/ServerChannelInitializer$ <init> ()V 202 <appendix> argL0 ; # com/firebase/server/router/ServerChannelInitializer$$$Lambda+0x00000000093bf2c0
instanceKlass  @bci com/firebase/server/router/ServerChannelInitializer$ <init> ()V 189 <appendix> argL0 ; # com/firebase/server/router/ServerChannelInitializer$$$Lambda+0x00000000093befd0
instanceKlass  @bci com/firebase/server/router/ServerChannelInitializer$ <init> ()V 176 <appendix> argL0 ; # com/firebase/server/router/ServerChannelInitializer$$$Lambda+0x00000000093bece0
instanceKlass  @bci com/firebase/server/router/ServerChannelInitializer$ <init> ()V 163 <appendix> argL0 ; # com/firebase/server/router/ServerChannelInitializer$$$Lambda+0x00000000093be9f0
instanceKlass  @bci com/firebase/server/router/ServerChannelInitializer$ <init> ()V 150 <appendix> argL0 ; # com/firebase/server/router/ServerChannelInitializer$$$Lambda+0x00000000093be700
instanceKlass  @bci com/firebase/server/router/ServerChannelInitializer$ <init> ()V 137 <appendix> argL0 ; # com/firebase/server/router/ServerChannelInitializer$$$Lambda+0x00000000093be410
instanceKlass  @bci com/firebase/server/router/ServerChannelInitializer$ <init> ()V 124 <appendix> argL0 ; # com/firebase/server/router/ServerChannelInitializer$$$Lambda+0x00000000093be120
instanceKlass com/firebase/server/response/messages/CustomHttpResponder
instanceKlass  @bci com/firebase/server/stats/BandwidthHandler <init> (Ljava/util/concurrent/ScheduledExecutorService;JJJ)V 30 <appendix> member <vmtarget> ; # com/firebase/server/stats/BandwidthHandler$$Lambda+0x00000000093bd378
instanceKlass  @bci com/firebase/server/stats/BandwidthHandler <init> (Ljava/util/concurrent/ScheduledExecutorService;JJJ)V 16 <appendix> member <vmtarget> ; # com/firebase/server/stats/BandwidthHandler$$Lambda+0x00000000093bd080
instanceKlass java/util/concurrent/FutureTask$WaitNode
instanceKlass java/util/concurrent/FutureTask
instanceKlass io/netty/handler/traffic/TrafficCounter$TrafficMonitoringTask
instanceKlass io/netty/handler/traffic/TrafficCounter
instanceKlass java/util/concurrent/Executors$DefaultThreadFactory
instanceKlass java/util/concurrent/RunnableScheduledFuture
instanceKlass java/util/concurrent/ThreadPoolExecutor$AbortPolicy
instanceKlass com/firebase/server/router/ServerChannelInitializer$
instanceKlass io/netty/channel/ChannelOutboundHandler
instanceKlass com/firebase/core/security/CrmClients
instanceKlass com/firebase/core/security/CrmClients$
instanceKlass com/firebase/server/router/decoder/NamespacePipelineRequest
instanceKlass com/firebase/core/namespace/rules/engine/RulesDebugTarget
instanceKlass com/firebase/util/misc/Protocol
instanceKlass io/netty/handler/codec/http/multipart/HttpDataFactory
instanceKlass com/firebase/server/rest/RestUploadHandler
instanceKlass com/firebase/server/realtime/longpolling/LongPollConnectionSelector
instanceKlass com/firebase/server/rest/RestSettingsHandler$$anon$4
instanceKlass com/firebase/server/rest/RestSettingsHandler
instanceKlass com/firebase/server/rest/RestSettingsHandler$$anon$3
instanceKlass com/firebase/server/rest/RestSettingsHandler$$anon$2
instanceKlass com/firebase/server/rest/RestSettingsHandler$$anon$1
instanceKlass com/firebase/core/metadata/MetadataField
instanceKlass com/firebase/core/namespace/MissingNamespace$
instanceKlass io/netty/handler/codec/http/HttpResponseStatus
instanceKlass com/firebase/server/rest/RestError
instanceKlass com/firebase/server/rest/RestError$
instanceKlass com/fasterxml/jackson/databind/annotation/JsonTypeResolver
instanceKlass scala/Enumeration$Value
instanceKlass com/fasterxml/jackson/databind/util/ArrayIterator
instanceKlass com/fasterxml/jackson/databind/util/TypeKey
instanceKlass com/fasterxml/jackson/databind/ser/impl/ReadOnlyClassToSerializerMap$Bucket
instanceKlass com/fasterxml/jackson/databind/ser/impl/ReadOnlyClassToSerializerMap
instanceKlass com/fasterxml/jackson/core/io/CharTypes
instanceKlass com/fasterxml/jackson/core/JsonStreamContext
instanceKlass  @bci com/firebase/util/encoding/json/SizeLimitedOutputDecorator decorate (Lcom/fasterxml/jackson/core/io/IOContext;Ljava/io/Writer;)Ljava/io/Writer; 14 <appendix> member <vmtarget> ; # com/firebase/util/encoding/json/SizeLimitedOutputDecorator$$Lambda+0x00000000093b53a0
instanceKlass  @bci com/firebase/util/encoding/json/SizeLimitedOutputDecorator decorate (Lcom/fasterxml/jackson/core/io/IOContext;Ljava/io/Writer;)Ljava/io/Writer; 5 <appendix> member <vmtarget> ; # com/firebase/util/encoding/json/SizeLimitedOutputDecorator$$Lambda+0x00000000093b4fb8
instanceKlass com/fasterxml/jackson/core/io/IOContext
instanceKlass com/fasterxml/jackson/core/util/TextBuffer
instanceKlass com/fasterxml/jackson/core/util/BufferRecycler
instanceKlass com/fasterxml/jackson/core/util/BufferRecyclers
instanceKlass  @bci com/firebase/util/encoding/snapshot/SnapshotWriter writeValueAsString (Ljava/lang/Object;)Ljava/lang/String; 12 <appendix> member <vmtarget> ; # com/firebase/util/encoding/snapshot/SnapshotWriter$$Lambda+0x00000000093b40a8
instanceKlass  @bci com/firebase/util/encoding/json/JSONEncoder render (Ljava/lang/Object;)Lscala/util/Try; 47 <appendix> member <vmtarget> ; # com/firebase/util/encoding/json/JSONEncoder$$Lambda+0x00000000093b3dd0
instanceKlass com/firebase/util/encoding/json/JSONEncoderRawString
instanceKlass  @bci com/firebase/server/rest/RestSettingsHandler$ <init> ()V 28 <appendix> argL0 ; # com/firebase/server/rest/RestSettingsHandler$$$Lambda+0x00000000093b3740
instanceKlass  @bci com/firebase/server/rest/RestSettingsHandler$ <init> ()V 15 <appendix> argL0 ; # com/firebase/server/rest/RestSettingsHandler$$$Lambda+0x00000000093b3360
instanceKlass com/firebase/core/metadata/WriteSizeLimit
instanceKlass com/firebase/core/metadata/WriteSizeLimit$
instanceKlass com/firebase/macros/Enumerator
instanceKlass com/firebase/server/rest/RestSettingsHandler$
instanceKlass com/firebase/server/rest/EmulatorRestSettingsHandler$$anon$1
instanceKlass com/firebase/server/rest/EmulatorRestSettingsHandler$
instanceKlass com/firebase/server/rest/RestInspectHandler
instanceKlass com/firebase/core/namespace/AdminMessage
instanceKlass com/firebase/server/rest/RestInspectHandler$$anon$1
instanceKlass com/firebase/server/rest/RestInspectHandler$
instanceKlass com/firebase/server/rest/EmulatorRestInspectHandler$$anon$2
instanceKlass com/firebase/server/rest/EmulatorRestInspectHandler$$anon$1
instanceKlass com/firebase/server/rest/EmulatorRestInspectHandler$
instanceKlass  @bci com/firebase/server/rest/RestRouter$ segmentMatcher (Ljava/lang/String;)Lscala/Function1; 1 <appendix> member <vmtarget> ; # com/firebase/server/rest/RestRouter$$$Lambda+0x00000000093b0228
instanceKlass com/firebase/server/rest/RestRouter
instanceKlass com/firebase/server/rest/RestRouter$
instanceKlass com/firebase/server/rest/EmulatorRestInspectHtmlHandler$$anon$1
instanceKlass com/firebase/server/rest/NamespaceRouteHandler
instanceKlass com/firebase/server/rest/RestRouteHandler
instanceKlass com/firebase/server/rest/EmulatorRestInspectHtmlHandler
instanceKlass io/netty/util/internal/MathUtil
instanceKlass io/netty/util/ResourceLeakTracker
instanceKlass io/netty/util/ResourceLeak
instanceKlass io/netty/buffer/ByteBufUtil$2
instanceKlass io/netty/buffer/ByteBufProcessor
instanceKlass io/netty/util/concurrent/FastThreadLocal
instanceKlass io/netty/buffer/ByteBufUtil
instanceKlass java/util/concurrent/ThreadLocalRandom$Access$1
instanceKlass jdk/internal/access/JavaUtilConcurrentTLRAccess
instanceKlass java/util/concurrent/ThreadLocalRandom$Access
instanceKlass io/netty/buffer/UnpooledByteBufAllocator$UnpooledByteBufAllocatorMetric
instanceKlass io/netty/buffer/ByteBufAllocatorMetric
instanceKlass io/netty/buffer/AbstractByteBufAllocator
instanceKlass io/netty/buffer/ByteBufAllocatorMetricProvider
instanceKlass io/netty/buffer/ByteBuf
instanceKlass io/netty/buffer/ByteBufAllocator
instanceKlass io/netty/buffer/Unpooled
instanceKlass io/netty/util/CharsetUtil
instanceKlass com/firebase/server/router/HttpRouterHandler$Constants$
instanceKlass com/firebase/server/router/HttpRouterHandlers
instanceKlass com/firebase/core/namespace/Precondition
instanceKlass com/firebase/server/rest/RestHttpResult
instanceKlass com/firebase/core/namespace/DataMessage
instanceKlass com/firebase/server/rest/RestDataHandler
instanceKlass  @bci com/firebase/server/rest/package$ <init> ()V 404 <appendix> argL0 ; # com/firebase/server/rest/package$$$Lambda+0x0000000009399bc0
instanceKlass com/firebase/core/namespace/SimulationEvent
instanceKlass  @bci com/firebase/util/validate/ValidateLimits$ maxEncodingSize ()Lscala/Option; 14 <appendix> argL0 ; # com/firebase/util/validate/ValidateLimits$$$Lambda+0x0000000009398af8
instanceKlass com/twitter/util/StorageUnit
instanceKlass com/twitter/util/StorageUnit$
instanceKlass com/twitter/conversions/StorageUnitOps$
instanceKlass com/twitter/conversions/StorageUnitOps$RichStorageUnit$
instanceKlass com/firebase/util/validate/ValidateLimits$
instanceKlass  @bci com/firebase/core/namespace/SimulationEventSerializerModule$ <init> ()V 13 <appendix> argL0 ; # com/firebase/core/namespace/SimulationEventSerializerModule$$$Lambda+0x0000000009391400
instanceKlass com/firebase/server/rest/package$
instanceKlass com/firebase/server/router/decoder/DecodedRequest
instanceKlass com/firebase/server/rest/HandlerResult
instanceKlass com/firebase/core/namespace/WrongServerResult
instanceKlass com/firebase/core/namespace/VisibleOperationFailure
instanceKlass com/firebase/core/namespace/VisibleOperationResult
instanceKlass com/firebase/core/namespace/OperationFailure
instanceKlass com/firebase/core/namespace/OperationResult
instanceKlass com/firebase/server/forge/App$$anon$5
instanceKlass com/firebase/server/rest/RestHandler
instanceKlass  @bci com/firebase/server/realtime/RealtimeClientManager <init> (Lcom/firebase/core/namespace/NamespaceSystem;)V 53 <appendix> member <vmtarget> ; # com/firebase/server/realtime/RealtimeClientManager$$Lambda+0x0000000009397948
instanceKlass  @bci com/firebase/server/realtime/SessionMap <init> ()V 30 <appendix> member <vmtarget> ; # com/firebase/server/realtime/SessionMap$$Lambda+0x0000000009397650
instanceKlass com/firebase/core/namespace/client/OutboundConnection
instanceKlass java/lang/Thread$ThreadNumbering
instanceKlass scala/concurrent/Future$
instanceKlass com/firebase/util/collections/ConcurrentBlacklist$
# instanceKlass java/lang/invoke/LambdaForm$MH+0x0000000009391000
instanceKlass com/firebase/util/collections/ConcurrentBlacklist
# instanceKlass java/lang/invoke/LambdaForm$MH+0x0000000009390c00
# instanceKlass java/lang/invoke/LambdaForm$MH+0x0000000009390800
# instanceKlass java/lang/invoke/LambdaForm$MH+0x0000000009390400
instanceKlass com/firebase/core/namespace/annealing/AnnealingNamespaceSystem$$anon$1
# instanceKlass java/lang/invoke/LambdaForm$MH+0x0000000009390000
instanceKlass com/firebase/core/namespace/NamespaceEnvelope
instanceKlass com/firebase/core/namespace/SuperUserMessage
instanceKlass com/firebase/core/namespace/NamespaceMessage
instanceKlass com/firebase/core/namespace/annealing/AnnealingActor
instanceKlass akka/actor/DeadLetter
instanceKlass akka/actor/AllDeadLetters
instanceKlass akka/actor/WrappedMessage
instanceKlass  @bci com/firebase/core/namespace/DeadLetterResponder <init> (Lcom/firebase/core/namespace/NamespaceSystem;)V 39 <appendix> member <vmtarget> ; # com/firebase/core/namespace/DeadLetterResponder$$Lambda+0x000000000938d5d0
instanceKlass  @bci com/firebase/core/namespace/DeadLetterResponder <init> (Lcom/firebase/core/namespace/NamespaceSystem;)V 29 <appendix> member <vmtarget> ; # com/firebase/core/namespace/DeadLetterResponder$$Lambda+0x000000000938d1e8
instanceKlass  @bci com/firebase/core/namespace/DeadLetterResponder <init> (Lcom/firebase/core/namespace/NamespaceSystem;)V 19 <appendix> member <vmtarget> ; # com/firebase/core/namespace/DeadLetterResponder$$Lambda+0x000000000938ce00
instanceKlass com/firebase/core/namespace/DeadLetterResponder
instanceKlass com/firebase/core/namespace/annealing/MetadataCache$$anon$2
instanceKlass  @bci com/firebase/core/namespace/annealing/MetadataCache$ build (Lcom/firebase/core/persistence/MetadataPersistenceLayer;Lscala/concurrent/duration/Duration;I)Lcom/firebase/core/namespace/annealing/MetadataCache; 18 <appendix> member <vmtarget> ; # com/firebase/core/namespace/annealing/MetadataCache$$$Lambda+0x000000000938c558
instanceKlass com/firebase/core/namespace/annealing/MetadataCache
instanceKlass com/firebase/core/namespace/annealing/MetadataCache$
instanceKlass scala/concurrent/impl/Promise$KeptPromise$Successful
instanceKlass scala/concurrent/impl/Promise$KeptPromise$Kept
instanceKlass scala/concurrent/impl/Promise$KeptPromise$
instanceKlass com/firebase/core/namespace/annealing/ReloadStatus
instanceKlass com/firebase/core/namespace/annealing/ReloadStatus$
instanceKlass com/firebase/core/persistence/backend/dummy/DummyRoutingReader
instanceKlass com/firebase/core/persistence/IRoutingConfig
instanceKlass com/firebase/core/namespace/annealing/AnnealingRoutingConfigState
instanceKlass com/firebase/core/namespace/annealing/ClusterAnnealingState
instanceKlass com/firebase/core/namespace/annealing/ClusterAnnealingStateView
instanceKlass scala/concurrent/impl/ExecutionContextImpl$DefaultThreadFactory
instanceKlass scala/concurrent/impl/ExecutionContextImpl$$anon$3
instanceKlass  @bci scala/concurrent/ExecutionContext$ defaultReporter ()Lscala/Function1; 0 <appendix> argL0 ; # scala/concurrent/ExecutionContext$$$Lambda+0x0000000009389a00
instanceKlass scala/concurrent/ExecutionContext$Implicits$
instanceKlass com/firebase/core/namespace/annealing/DummyHandoffClient$
instanceKlass com/firebase/core/namespace/annealing/RoutingConfigState
instanceKlass com/firebase/core/namespace/annealing/AnnealingNamespaceSystem
instanceKlass com/firebase/core/namespace/NamespaceBundleFactory$
instanceKlass com/firebase/core/namespace/rules/tracker/RuleTracker
instanceKlass com/firebase/core/namespace/rules/tracker/LiveRuleTrackerFactory$
instanceKlass com/firebase/core/security/TokenExpirationPolicy
instanceKlass com/firebase/core/metadata/package$RulesetLabel
instanceKlass com/firebase/core/security/JsonWebToken
instanceKlass com/firebase/core/ProfilerMessenger
instanceKlass com/firebase/util/misc/Provider
instanceKlass com/firebase/core/namespace/NamespaceBundleFactory
instanceKlass io/netty/handler/codec/http/FullHttpRequest
instanceKlass io/netty/handler/codec/http/HttpRequest
instanceKlass com/firebase/server/client/GCFEmulatorPublisher
instanceKlass com/firebase/util/triggers/format/TriggerFormatter
instanceKlass com/firebase/util/result/package$Result
instanceKlass com/firebase/server/client/GCFEmulatorPublisher$
instanceKlass io/netty/channel/SingleThreadEventLoop$NonWakeupRunnable
instanceKlass io/netty/util/concurrent/AbstractScheduledEventExecutor$1
instanceKlass  @bci com/firebase/server/util/package$ScheduledExecutorServiceExtensions$ scheduleAtFixedRate$extension (Ljava/util/concurrent/ScheduledExecutorService;Lscala/concurrent/duration/Duration;Lscala/Function0;)V 2 <appendix> member <vmtarget> ; # com/firebase/server/util/package$ScheduledExecutorServiceExtensions$$$Lambda+0x0000000009385fc8
instanceKlass  @bci com/firebase/server/client/NettyHttpBesieger <init> (Lcom/firebase/core/util/QualifiedHostname;Lio/netty/channel/EventLoopGroup;Lcom/firebase/server/client/Resolver;Lcom/firebase/util/backoffStrategy/BackoffStrategy;ZILcom/firebase/server/client/SslProvider;ILscala/concurrent/duration/Duration;I)V 179 <appendix> member <vmtarget> ; # com/firebase/server/client/NettyHttpBesieger$$Lambda+0x0000000009385cd0
instanceKlass com/firebase/server/util/package$
instanceKlass com/firebase/server/util/package$ScheduledExecutorServiceExtensions$
instanceKlass io/netty/channel/pool/FixedChannelPool$TimeoutTask
instanceKlass io/netty/channel/pool/FixedChannelPool$6
instanceKlass java/util/concurrent/ConcurrentLinkedDeque$Node
instanceKlass io/netty/channel/pool/ChannelHealthChecker$1
instanceKlass io/netty/channel/pool/ChannelHealthChecker
instanceKlass io/netty/channel/pool/SimpleChannelPool
instanceKlass io/netty/channel/pool/ChannelPool
instanceKlass io/netty/bootstrap/AbstractBootstrap$BootstrapChannelFactory
instanceKlass io/netty/util/DefaultAttributeMap
instanceKlass io/netty/channel/socket/SocketChannel
instanceKlass io/netty/channel/socket/DuplexChannel
instanceKlass io/netty/channel/Channel
instanceKlass io/netty/util/AttributeMap
instanceKlass io/netty/bootstrap/ChannelFactory
instanceKlass io/netty/bootstrap/AbstractBootstrap
instanceKlass io/netty/handler/codec/http/FullHttpResponse
instanceKlass io/netty/handler/codec/http/HttpResponse
instanceKlass io/netty/handler/codec/http/FullHttpMessage
instanceKlass io/netty/handler/codec/http/LastHttpContent
instanceKlass io/netty/handler/codec/http/HttpContent
instanceKlass io/netty/buffer/ByteBufHolder
instanceKlass io/netty/util/ReferenceCounted
instanceKlass io/netty/util/internal/UnpaddedInternalThreadLocalMap
instanceKlass io/netty/util/internal/TypeParameterMatcher
instanceKlass scala/concurrent/impl/ExecutionContextImpl
instanceKlass scala/concurrent/impl/ExecutionContextImpl$
instanceKlass  @bci com/firebase/server/router/NettyExecutionContext$ eventLoopToExecutionContext (Ljava/util/concurrent/ExecutorService;)Lscala/concurrent/ExecutionContext; 4 <appendix> argL0 ; # com/firebase/server/router/NettyExecutionContext$$$Lambda+0x000000000937dfa0
instanceKlass scala/concurrent/ExecutionContext$
instanceKlass com/firebase/server/router/NettyExecutionContext$
instanceKlass io/netty/handler/codec/http/HttpMessage
instanceKlass io/netty/handler/codec/http/HttpObject
instanceKlass com/firebase/server/client/HttpClient$
instanceKlass com/firebase/server/client/NettyHttpBesieger$
instanceKlass com/firebase/util/backoffStrategy/ArbitraryBackoffStrategy
instanceKlass  @bci com/firebase/server/client/DnsResolver$ $lessinit$greater$default$1 ()Lscala/Function1; 0 <appendix> argL0 ; # com/firebase/server/client/DnsResolver$$$Lambda+0x000000000937c430
instanceKlass com/firebase/server/client/DnsResolver$
instanceKlass com/firebase/server/client/Resolver$
instanceKlass com/firebase/core/security/DummyCALEnablementClient
instanceKlass akka/stream/impl/FlowNames
instanceKlass akka/stream/impl/FlowNames$
instanceKlass akka/stream/OutPort
instanceKlass akka/stream/InPort
instanceKlass akka/stream/impl/Traversal
instanceKlass akka/stream/Materializer
instanceKlass akka/stream/MaterializerLoggingProvider
instanceKlass  @bci akka/stream/impl/StreamSupervisor$ props (Lakka/stream/Attributes;Ljava/util/concurrent/atomic/AtomicBoolean;)Lakka/actor/Props; 4 <appendix> member <vmtarget> ; # akka/stream/impl/StreamSupervisor$$$Lambda+0x00000000093794d0
instanceKlass akka/stream/impl/StreamSupervisor
instanceKlass akka/stream/impl/SeqActorName
instanceKlass akka/stream/impl/SeqActorName$
instanceKlass akka/stream/impl/StreamSupervisor$
instanceKlass akka/util/OptionVal$Some$
instanceKlass  @bci akka/stream/impl/MaterializerGuardian akka$stream$impl$MaterializerGuardian$$startMaterializer (Ljava/lang/String;Lscala/Option;)Lakka/stream/impl/PhasedFusingActorMaterializer; 152 <appendix> member <vmtarget> ; # akka/stream/impl/MaterializerGuardian$$Lambda+0x0000000009378438
instanceKlass akka/stream/impl/GraphStageTag$
instanceKlass akka/stream/impl/PhasedFusingActorMaterializer$$anon$5
instanceKlass akka/stream/impl/TlsModuleIslandTag$
instanceKlass akka/stream/impl/PhasedFusingActorMaterializer$$anon$4
instanceKlass akka/stream/impl/ProcessorModuleIslandTag$
instanceKlass akka/stream/impl/PhasedFusingActorMaterializer$$anon$3
instanceKlass akka/stream/impl/SourceModuleIslandTag$
instanceKlass akka/stream/impl/PhasedFusingActorMaterializer$$anon$2
instanceKlass akka/stream/impl/SinkModuleIslandTag$
instanceKlass akka/stream/impl/IslandTag
instanceKlass akka/stream/impl/PhaseIsland
instanceKlass akka/stream/impl/PhasedFusingActorMaterializer$$anon$1
instanceKlass akka/stream/impl/Phase
instanceKlass akka/stream/impl/PhasedFusingActorMaterializer$
instanceKlass akka/stream/ActorAttributes$SyncProcessingLimit
instanceKlass akka/stream/ActorAttributes$MaxFixedBufferSize
instanceKlass akka/stream/ActorAttributes$FuzzingMode
instanceKlass akka/stream/ActorAttributes$OutputBurstLimit
instanceKlass akka/stream/ActorAttributes$StreamSubscriptionTimeout
instanceKlass akka/stream/ActorAttributes$DebugLogging
instanceKlass akka/stream/ActorAttributes$SupervisionStrategy
instanceKlass akka/stream/ActorAttributes$Dispatcher
instanceKlass akka/stream/Attributes$NestedMaterializationCancellationPolicy
instanceKlass akka/stream/Attributes$NestedMaterializationCancellationPolicy$
instanceKlass akka/stream/Attributes$CancellationStrategy$PropagateFailure$
instanceKlass akka/stream/Attributes$CancellationStrategy
instanceKlass akka/stream/Attributes$CancellationStrategy$Strategy
instanceKlass akka/stream/Attributes$CancellationStrategy$
instanceKlass akka/stream/Attributes$InputBuffer
instanceKlass akka/stream/Attributes$MandatoryAttribute
instanceKlass akka/stream/Attributes$Attribute
instanceKlass akka/stream/Attributes
instanceKlass  @bci akka/stream/impl/MaterializerGuardian$ props (Lscala/concurrent/Promise;Lakka/stream/ActorMaterializerSettings;)Lakka/actor/Props; 5 <appendix> member <vmtarget> ; # akka/stream/impl/MaterializerGuardian$$$Lambda+0x00000000093736e0
instanceKlass akka/stream/impl/MaterializerGuardian
instanceKlass akka/stream/impl/MaterializerGuardian$
instanceKlass akka/util/JavaDurationConverters$
instanceKlass akka/util/JavaDurationConverters$JavaDurationOps$
instanceKlass akka/util/Timeout$
instanceKlass  @bci akka/stream/ActorMaterializerSettings <init> (IILjava/lang/String;Lscala/Function1;Lakka/stream/StreamSubscriptionTimeoutSettings;ZIZZIILakka/stream/IOSettings;Lakka/stream/StreamRefSettings;Ljava/lang/String;)V 155 <appendix> member <vmtarget> ; # akka/stream/ActorMaterializerSettings$$Lambda+0x0000000009372900
instanceKlass  @bci akka/stream/ActorMaterializerSettings requirePowerOfTwo (Ljava/lang/Integer;Ljava/lang/String;)V 58 <appendix> member <vmtarget> ; # akka/stream/ActorMaterializerSettings$$Lambda+0x0000000009372628
instanceKlass  @bci akka/stream/ActorMaterializerSettings requirePowerOfTwo (Ljava/lang/Integer;Ljava/lang/String;)V 20 <appendix> member <vmtarget> ; # akka/stream/ActorMaterializerSettings$$Lambda+0x0000000009372350
instanceKlass  @bci akka/stream/ActorMaterializerSettings <init> (IILjava/lang/String;Lscala/Function1;Lakka/stream/StreamSubscriptionTimeoutSettings;ZIZZIILakka/stream/IOSettings;Lakka/stream/StreamRefSettings;Ljava/lang/String;)V 120 <appendix> argL0 ; # akka/stream/ActorMaterializerSettings$$Lambda+0x0000000009372080
instanceKlass  @bci akka/stream/ActorMaterializerSettings <init> (IILjava/lang/String;Lscala/Function1;Lakka/stream/StreamSubscriptionTimeoutSettings;ZIZZIILakka/stream/IOSettings;Lakka/stream/StreamRefSettings;Ljava/lang/String;)V 98 <appendix> argL0 ; # akka/stream/ActorMaterializerSettings$$Lambda+0x0000000009371db0
instanceKlass akka/stream/impl/streamref/StreamRefSettingsImpl
instanceKlass scala/runtime/AbstractFunction4
instanceKlass scala/Function4
instanceKlass akka/stream/StreamRefSettings
instanceKlass akka/stream/StreamRefSettings$
instanceKlass akka/stream/IOSettings
instanceKlass akka/stream/IOSettings$
instanceKlass akka/stream/StreamSubscriptionTimeoutSettings
instanceKlass scala/concurrent/duration/package$DurationLong$
instanceKlass scala/concurrent/duration/package$DurationLong
instanceKlass akka/stream/StreamSubscriptionTimeoutTerminationMode
instanceKlass akka/stream/StreamSubscriptionTimeoutSettings$
instanceKlass akka/stream/Supervision$$anon$3
instanceKlass akka/stream/Supervision$$anon$2
instanceKlass akka/stream/Supervision$$anon$1
instanceKlass akka/japi/function/Function
instanceKlass akka/stream/Supervision$
instanceKlass akka/stream/ActorMaterializerSettings
instanceKlass akka/stream/ActorMaterializerSettings$
instanceKlass akka/stream/SystemMaterializer
instanceKlass akka/stream/SystemMaterializer$
instanceKlass  @bci akka/serialization/Serialization <init> (Lakka/actor/ExtendedActorSystem;)V 578 <appendix> member <vmtarget> ; # akka/serialization/Serialization$$Lambda+0x000000000936d7a0
instanceKlass  @bci akka/serialization/Serialization <init> (Lakka/actor/ExtendedActorSystem;)V 541 <appendix> argL0 ; # akka/serialization/Serialization$$Lambda+0x000000000936cfe0
instanceKlass  @bci scala/Array$ apply (Lscala/collection/Seq;Lscala/reflect/ClassTag;)Ljava/lang/Object; 28 <appendix> member <vmtarget> ; # scala/Array$$$Lambda+0x000000000936cbf8
instanceKlass akka/serialization/NullSerializer
instanceKlass  @bci akka/serialization/Serialization <init> (Lakka/actor/ExtendedActorSystem;)V 464 <appendix> argL0 ; # akka/serialization/Serialization$$Lambda+0x000000000936c138
instanceKlass  @bci akka/serialization/Serialization <init> (Lakka/actor/ExtendedActorSystem;)V 437 <appendix> member <vmtarget> ; # akka/serialization/Serialization$$Lambda+0x000000000936bd50
instanceKlass  @bci akka/serialization/Serialization <init> (Lakka/actor/ExtendedActorSystem;)V 421 <appendix> argL0 ; # akka/serialization/Serialization$$Lambda+0x000000000936b970
instanceKlass  @bci scala/util/PropertiesTrait $init$ (Lscala/util/PropertiesTrait;)V 115 <appendix> member <vmtarget> ; # scala/util/PropertiesTrait$$Lambda+0x000000000936b588
instanceKlass  @bci scala/util/PropertiesTrait $init$ (Lscala/util/PropertiesTrait;)V 90 <appendix> argL0 ; # scala/util/PropertiesTrait$$Lambda+0x000000000936b1a8
instanceKlass  @bci scala/util/PropertiesTrait $init$ (Lscala/util/PropertiesTrait;)V 68 <appendix> argL0 ; # scala/util/PropertiesTrait$$Lambda+0x000000000936adc8
instanceKlass scala/Option$WithFilter
instanceKlass  @bci scala/util/PropertiesTrait $init$ (Lscala/util/PropertiesTrait;)V 46 <appendix> argL0 ; # scala/util/PropertiesTrait$$Lambda+0x00000000090a6b48
instanceKlass scala/util/Properties$
instanceKlass scala/util/PropertiesTrait
instanceKlass scala/compat/Platform$
instanceKlass  @bci scala/collection/IndexedSeqOptimized indexWhere (Lscala/Function1;I)I 13 <appendix> member <vmtarget> ; # scala/collection/IndexedSeqOptimized$$Lambda+0x00000000090a5bd0
instanceKlass  @bci akka/serialization/Serialization $anonfun$sort$1 (Lscala/collection/mutable/ArrayBuffer;Lscala/Tuple2;)Lscala/collection/mutable/ArrayBuffer; 2 <appendix> member <vmtarget> ; # akka/serialization/Serialization$$Lambda+0x0000000009056b40
instanceKlass  @bci akka/serialization/Serialization sort (Lscala/collection/Iterable;)Lscala/collection/immutable/Seq; 14 <appendix> argL0 ; # akka/serialization/Serialization$$Lambda+0x000000000909ed80
instanceKlass  @bci akka/serialization/Serialization <init> (Lakka/actor/ExtendedActorSystem;)V 368 <appendix> argL0 ; # akka/serialization/Serialization$$Lambda+0x000000000923dfc0
instanceKlass akka/stream/SourceRef
instanceKlass akka/stream/impl/streamref/StreamRefsProtocol
instanceKlass scala/Long
instanceKlass scala/Boolean
instanceKlass akka/util/ByteString
instanceKlass scala/Int
instanceKlass akka/stream/SinkRef
instanceKlass  @bci akka/serialization/Serialization <init> (Lakka/actor/ExtendedActorSystem;)V 343 <appendix> member <vmtarget> ; # akka/serialization/Serialization$$Lambda+0x0000000009359cd8
instanceKlass  @bci scala/collection/TraversableLike$WithFilter withFilter (Lscala/Function1;)Lscala/collection/TraversableLike$WithFilter; 10 <appendix> member <vmtarget> ; # scala/collection/TraversableLike$WithFilter$$Lambda+0x00000000093598f0
instanceKlass  @bci akka/serialization/Serialization <init> (Lakka/actor/ExtendedActorSystem;)V 332 <appendix> member <vmtarget> ; # akka/serialization/Serialization$$Lambda+0x0000000009359508
instanceKlass  @bci akka/serialization/Serialization <init> (Lakka/actor/ExtendedActorSystem;)V 321 <appendix> argL0 ; # akka/serialization/Serialization$$Lambda+0x0000000009359128
instanceKlass  @bci akka/serialization/Serialization ensureOnlyAllowedSerializers (Lscala/collection/Iterator;)V 28 <appendix> argL0 ; # akka/serialization/Serialization$$Lambda+0x0000000009358e58
instanceKlass  @bci akka/serialization/Serialization ensureOnlyAllowedSerializers (Lscala/collection/Iterator;)V 18 <appendix> member <vmtarget> ; # akka/serialization/Serialization$$Lambda+0x0000000009358a70
instanceKlass  @bci akka/serialization/Serialization <init> (Lakka/actor/ExtendedActorSystem;)V 295 <appendix> argL0 ; # akka/serialization/Serialization$$Lambda+0x00000000093573e0
instanceKlass scala/collection/package$WrappedCanBuildFrom
instanceKlass  @bci akka/serialization/Serialization <init> (Lakka/actor/ExtendedActorSystem;)V 261 <appendix> argL0 ; # akka/serialization/Serialization$$Lambda+0x00000000093529a0
instanceKlass akka/serialization/SerializerDetails
instanceKlass akka/serialization/ByteStringSerializer
instanceKlass akka/serialization/BooleanSerializer
instanceKlass akka/serialization/StringSerializer
instanceKlass akka/serialization/ByteArraySerializer
instanceKlass akka/serialization/DisabledJavaSerializer
instanceKlass akka/serialization/SerializerWithStringManifest
instanceKlass akka/serialization/LongSerializer
instanceKlass akka/serialization/BaseSerializer$
instanceKlass akka/serialization/IntSerializer
instanceKlass akka/serialization/ByteBufferSerializer
instanceKlass akka/serialization/JavaSerializer
instanceKlass akka/serialization/BaseSerializer
instanceKlass  @bci akka/serialization/Serialization <init> (Lakka/actor/ExtendedActorSystem;)V 234 <appendix> member <vmtarget> ; # akka/serialization/Serialization$$Lambda+0x0000000009345be0
instanceKlass  @bci akka/serialization/Serialization <init> (Lakka/actor/ExtendedActorSystem;)V 223 <appendix> argL0 ; # akka/serialization/Serialization$$Lambda+0x0000000009345800
instanceKlass  @bci akka/serialization/Serialization$Settings configToMap (Lcom/typesafe/config/Config;)Lscala/collection/immutable/Map; 34 <appendix> argL0 ; # akka/serialization/Serialization$Settings$$Lambda+0x0000000009347278
instanceKlass akka/serialization/Serialization$Settings
instanceKlass akka/serialization/Serializer
instanceKlass akka/serialization/Serialization
# instanceKlass java/lang/invoke/LambdaForm$MH+0x0000000009345400
instanceKlass  @cpi java/lang/reflect/ProxyGenerator$ProxyMethod 445 form vmentry <vmtarget> ; # java/lang/invoke/LambdaForm$DMH+0x0000000009345000
instanceKlass  @bci akka/actor/ReflectiveDynamicAccess $anonfun$getObjectFor$1 (Lscala/reflect/ClassTag;Ljava/lang/String;Ljava/lang/Class;)Lscala/util/Try; 6 <appendix> member <vmtarget> ; # akka/actor/ReflectiveDynamicAccess$$Lambda+0x0000000009346000
instanceKlass  @bci akka/actor/ReflectiveDynamicAccess getObjectFor (Ljava/lang/String;Lscala/reflect/ClassTag;)Lscala/util/Try; 61 <appendix> member <vmtarget> ; # akka/actor/ReflectiveDynamicAccess$$Lambda+0x000000000934fb08
instanceKlass akka/serialization/SerializationExtension$
instanceKlass  @bci akka/actor/ActorSystemImpl loadExtensions$1 (Ljava/lang/String;Z)V 21 <appendix> member <vmtarget> ; # akka/actor/ActorSystemImpl$$Lambda+0x000000000934f4b0
instanceKlass  @bci scala/collection/MapLike$FilteredKeys iterator ()Lscala/collection/Iterator; 10 <appendix> member <vmtarget> ; # scala/collection/MapLike$FilteredKeys$$Lambda+0x000000000934f0c8
instanceKlass akka/event/EventStreamUnsubscriber$Register
instanceKlass  @bci akka/event/EventStream initUnsubscriber (Lakka/actor/ActorRef;)Z 146 <appendix> member <vmtarget> ; # akka/event/EventStream$$Lambda+0x0000000009343358
instanceKlass akka/util/ManifestInfo
# instanceKlass java/lang/invoke/LambdaForm$MH+0x0000000009344c00
# instanceKlass java/lang/invoke/LambdaForm$MH+0x0000000009344800
# instanceKlass java/lang/invoke/LambdaForm$MH+0x0000000009344400
# instanceKlass java/lang/invoke/LambdaForm$DMH+0x0000000009344000
instanceKlass java/lang/invoke/ClassSpecializer$Factory$1$5$1
instanceKlass scala/collection/immutable/HashSet$HashSetBuilder
instanceKlass java/lang/classfile/attribute/ExceptionsAttribute
instanceKlass java/lang/invoke/ClassSpecializer$Factory$1$5
instanceKlass java/lang/invoke/ClassSpecializer$Factory$1$4
instanceKlass java/lang/invoke/ClassSpecializer$Factory$1$3
instanceKlass java/lang/invoke/ClassSpecializer$Factory$1$2
instanceKlass java/lang/invoke/ClassSpecializer$Factory$1$1Var
instanceKlass java/lang/invoke/ClassSpecializer$Factory$1$1
instanceKlass java/lang/invoke/ClassSpecializer$Factory$1
instanceKlass akka/util/ManifestInfo$
instanceKlass akka/actor/ExtensionIdProvider
instanceKlass java/lang/invoke/MethodHandles$1
instanceKlass sun/invoke/util/ValueConversions$1
instanceKlass sun/invoke/util/ValueConversions$WrapperCache
instanceKlass akka/util/BoxedType$
instanceKlass akka/event/EventStreamUnsubscriber
instanceKlass akka/event/EventStreamUnsubscriber$
instanceKlass  @bci scala/collection/generic/Subtractable $minus$minus (Lscala/collection/GenTraversableOnce;)Lscala/collection/generic/Subtractable; 183 <appendix> argL0 ; # scala/collection/generic/Subtractable$$Lambda+0x000000000933d890
instanceKlass  @bci akka/event/SubchannelClassification $anonfun$removeFromCache$1 (Lscala/collection/immutable/Map;Lscala/Tuple2;)Lscala/collection/immutable/Map; 62 <appendix> argL0 ; # akka/event/SubchannelClassification$$Lambda+0x000000000933d5c0
instanceKlass  @bci akka/event/SubchannelClassification removeFromCache (Lscala/collection/immutable/Seq;)V 8 <appendix> argL0 ; # akka/event/SubchannelClassification$$Lambda+0x000000000933d000
instanceKlass  @bci akka/util/SubclassifiedIndex$Nonroot removeValue (Ljava/lang/Object;)Lscala/collection/immutable/Seq; 5 <appendix> member <vmtarget> ; # akka/util/SubclassifiedIndex$Nonroot$$Lambda+0x000000000933b918
instanceKlass  @bci akka/util/SubclassifiedIndex removeValue (Ljava/lang/Object;)Lscala/collection/immutable/Seq; 6 <appendix> member <vmtarget> ; # akka/util/SubclassifiedIndex$$Lambda+0x000000000933b530
instanceKlass  @bci akka/event/LoggingBus startDefaultLoggers (Lakka/actor/ActorSystemImpl;)V 169 <adapter> ; # java/lang/invoke/LambdaForm$MH+0x000000000933c400
instanceKlass  @bci akka/event/LoggingBus startDefaultLoggers (Lakka/actor/ActorSystemImpl;)V 169 <appendix> form vmentry <vmtarget> ; # java/lang/invoke/LambdaForm$DMH+0x000000000933c000
instanceKlass  @bci akka/event/LoggingBus startDefaultLoggers (Lakka/actor/ActorSystemImpl;)V 169 <appendix> member <vmtarget> ; # akka/event/LoggingBus$$Lambda+0x000000000933b238
instanceKlass  @bci scala/collection/SetLike $plus$plus (Lscala/collection/GenTraversableOnce;)Lscala/collection/Set; 364 <appendix> argL0 ; # scala/collection/SetLike$$Lambda+0x000000000933a810
instanceKlass  @bci akka/event/LoggingBus addLogger (Lakka/actor/ActorSystemImpl;Ljava/lang/Class;ILjava/lang/String;)Lakka/actor/ActorRef; 310 <appendix> member <vmtarget> ; # akka/event/LoggingBus$$Lambda+0x000000000933a428
instanceKlass akka/actor/LightArrayRevolverScheduler$$anon$7
instanceKlass akka/actor/LightArrayRevolverScheduler$$anon$6
instanceKlass akka/actor/LightArrayRevolverScheduler$$anon$5
instanceKlass akka/actor/LightArrayRevolverScheduler$$anon$4
instanceKlass  @bci akka/event/LoggingBus addLogger (Lakka/actor/ActorSystemImpl;Ljava/lang/Class;ILjava/lang/String;)Lakka/actor/ActorRef; 294 <appendix> member <vmtarget> ; # akka/event/LoggingBus$$Lambda+0x0000000009339770
instanceKlass akka/actor/LightArrayRevolverScheduler$
instanceKlass akka/dispatch/Batchable
instanceKlass  @bci scala/concurrent/BatchingExecutor$Batch run ()V 39 <appendix> member <vmtarget> ; # scala/concurrent/BatchingExecutor$Batch$$Lambda+0x0000000009339050
instanceKlass scala/concurrent/BatchingExecutor$Batch
instanceKlass scala/concurrent/impl/Promise$
instanceKlass akka/actor/Status$Failure
instanceKlass akka/actor/Status$Success
instanceKlass akka/actor/Status$Status
instanceKlass akka/pattern/PromiseActorRef$Stopped$
instanceKlass akka/pattern/AbstractPromiseActorRef
instanceKlass akka/event/Logging$LoggerInitialized
instanceKlass akka/actor/package$
instanceKlass ch/qos/logback/core/CoreConstants
instanceKlass java/text/DontCareFieldPosition$1
instanceKlass java/text/Format$FieldDelegate
instanceKlass java/text/StringBufFactory$StringBuilderImpl
instanceKlass java/text/Format$StringBuf
instanceKlass java/text/StringBufFactory
instanceKlass ch/qos/logback/classic/util/LogbackMDCAdapter
instanceKlass org/slf4j/impl/StaticMDCBinder
instanceKlass org/slf4j/spi/MDCAdapter
instanceKlass org/slf4j/MDC
instanceKlass java/util/concurrent/locks/AbstractQueuedSynchronizer$Node
instanceKlass ch/qos/logback/classic/spi/EventArgUtil
instanceKlass ch/qos/logback/classic/spi/IThrowableProxy
instanceKlass scala/concurrent/AwaitPermission$
instanceKlass ch/qos/logback/classic/spi/LoggingEvent
instanceKlass scala/concurrent/BlockContext$DefaultBlockContext$
instanceKlass scala/concurrent/BlockContext$
instanceKlass akka/event/slf4j/Logger$
instanceKlass akka/event/Logging$Info
instanceKlass  @bci scala/concurrent/Await$ result (Lscala/concurrent/Awaitable;Lscala/concurrent/duration/Duration;)Ljava/lang/Object; 38 <appendix> member <vmtarget> ; # scala/concurrent/Await$$$Lambda+0x0000000009336a20
instanceKlass akka/actor/AutoReceivedMessage
instanceKlass scala/concurrent/package$
instanceKlass akka/dispatch/Envelope$
instanceKlass  @bci akka/pattern/PromiseActorRef$ apply (Lakka/actor/ActorRefProvider;Lakka/util/Timeout;Ljava/lang/Object;Ljava/lang/String;Ljava/lang/String;Lakka/actor/ActorRef;Lscala/Function1;)Lakka/pattern/PromiseActorRef; 131 <appendix> member <vmtarget> ; # akka/pattern/PromiseActorRef$$$Lambda+0x0000000009336000
instanceKlass akka/actor/LightArrayRevolverScheduler$TaskHolder
instanceKlass akka/actor/Scheduler$$anon$7
instanceKlass  @bci akka/pattern/PromiseActorRef$ apply (Lakka/actor/ActorRefProvider;Lakka/util/Timeout;Ljava/lang/Object;Ljava/lang/String;Ljava/lang/String;Lakka/actor/ActorRef;Lscala/Function1;)Lakka/pattern/PromiseActorRef; 106 <appendix> form vmentry <vmtarget> ; # java/lang/invoke/LambdaForm$DMH+0x0000000009334400
instanceKlass  @bci akka/pattern/PromiseActorRef$ apply (Lakka/actor/ActorRefProvider;Lakka/util/Timeout;Ljava/lang/Object;Ljava/lang/String;Ljava/lang/String;Lakka/actor/ActorRef;Lscala/Function1;)Lakka/pattern/PromiseActorRef; 106 <appendix> member <vmtarget> ; # akka/pattern/PromiseActorRef$$$Lambda+0x0000000009333700
instanceKlass  @cpi akka/pattern/PromiseActorRef$ 105 form vmentry <vmtarget> ; # java/lang/invoke/LambdaForm$DMH+0x0000000009334000
instanceKlass akka/dispatch/internal/SameThreadExecutionContext$$anon$1
instanceKlass akka/dispatch/internal/SameThreadExecutionContext$
instanceKlass akka/dispatch/ExecutionContexts$
instanceKlass  @bci akka/pattern/PromiseActorRef$ <init> ()V 28 <appendix> argL0 ; # akka/pattern/PromiseActorRef$$$Lambda+0x0000000009332c48
instanceKlass akka/pattern/PromiseActorRef$
instanceKlass  @bci akka/actor/Actor$ <init> ()V 25 <appendix> argL0 ; # akka/actor/Actor$$$Lambda+0x0000000009332258
instanceKlass akka/actor/Actor$
instanceKlass akka/pattern/AskableActorRef$
instanceKlass akka/event/Logging$InitializeLogger
instanceKlass java/util/concurrent/CompletionStage
instanceKlass akka/pattern/package$
instanceKlass akka/pattern/RetrySupport
instanceKlass akka/pattern/PipeToSupport
instanceKlass akka/pattern/GracefulStopSupport
instanceKlass akka/pattern/FutureTimeoutSupport
instanceKlass akka/pattern/AskSupport
instanceKlass scala/concurrent/CanAwait
instanceKlass scala/concurrent/Await$
instanceKlass  @bci akka/actor/dungeon/Children makeChild (Lakka/actor/ActorCell;Lakka/actor/Props;Ljava/lang/String;ZZ)Lakka/actor/ActorRef; 474 <appendix> member <vmtarget> ; # akka/actor/dungeon/Children$$Lambda+0x0000000009327b80
instanceKlass  @bci akka/actor/UnstartedCell replaceWith (Lakka/actor/Cell;)V 3 <appendix> member <vmtarget> ; # akka/actor/UnstartedCell$$Lambda+0x0000000009327888
instanceKlass akka/actor/UnstartedCell
instanceKlass akka/actor/AbstractActorRef
instanceKlass akka/event/LoggerMailboxType
instanceKlass akka/dispatch/CachingConfig$
instanceKlass  @bci akka/util/WildcardTree findWithTerminalDoubleWildcard (Lscala/collection/Iterator;Lakka/util/WildcardTree;)Lakka/util/WildcardTree; 20 <appendix> member <vmtarget> ; # akka/util/WildcardTree$$Lambda+0x0000000009326428
instanceKlass akka/event/Logging$LogExt
instanceKlass akka/actor/Extension
instanceKlass akka/event/Logging$LogExt$
instanceKlass akka/actor/ExtensionId
instanceKlass  @bci akka/event/LoggingBus $anonfun$startDefaultLoggers$3 (Lakka/event/LoggingBus;Lakka/actor/ActorSystemImpl;ILjava/lang/String;Ljava/lang/String;)Lakka/actor/ActorRef; 21 <appendix> member <vmtarget> ; # akka/event/LoggingBus$$Lambda+0x000000000932f610
instanceKlass  @bci akka/routing/MurmurHash$ <init> ()V 128 <appendix> argL0 ; # akka/routing/MurmurHash$$$Lambda+0x000000000932f210
instanceKlass akka/event/slf4j/Slf4jLogger
instanceKlass akka/event/slf4j/SLF4JLogging
instanceKlass  @bci scala/collection/TraversableLike$WithFilter map (Lscala/Function1;Lscala/collection/generic/CanBuildFrom;)Ljava/lang/Object; 23 <appendix> member <vmtarget> ; # scala/collection/TraversableLike$WithFilter$$Lambda+0x000000000932d3c8
instanceKlass  @bci akka/event/LoggingBus $anonfun$startDefaultLoggers$3 (Lakka/event/LoggingBus;Lakka/actor/ActorSystemImpl;ILjava/lang/String;Ljava/lang/String;)Lakka/actor/ActorRef; 21 <adapter> ; # java/lang/invoke/LambdaForm$MH+0x0000000009325c00
# instanceKlass java/lang/invoke/LambdaForm$DMH+0x0000000009325800
instanceKlass  @bci akka/event/LoggingBus $anonfun$startDefaultLoggers$3 (Lakka/event/LoggingBus;Lakka/actor/ActorSystemImpl;ILjava/lang/String;Ljava/lang/String;)Lakka/actor/ActorRef; 21 <appendix> form vmentry <vmtarget> ; # java/lang/invoke/LambdaForm$DMH+0x0000000009325400
instanceKlass  @bci akka/routing/MurmurHash$ <init> ()V 82 <appendix> argL0 ; # akka/routing/MurmurHash$$$Lambda+0x000000000932a9c0
instanceKlass  @bci akka/event/LoggingBus startDefaultLoggers (Lakka/actor/ActorSystemImpl;)V 137 <appendix> member <vmtarget> ; # akka/event/LoggingBus$$Lambda+0x000000000932a5d8
instanceKlass  @cpi akka/routing/MurmurHash$ 105 form vmentry <vmtarget> ; # java/lang/invoke/LambdaForm$DMH+0x0000000009324c00
instanceKlass  @cpi akka/event/LoggingBus 283 form vmentry <vmtarget> ; # java/lang/invoke/LambdaForm$DMH+0x0000000009325000
instanceKlass scala/collection/TraversableLike$WithFilter
instanceKlass akka/routing/MurmurHash$
instanceKlass  @bci akka/actor/dungeon/DeathWatch addWatcher (Lakka/actor/ActorRef;Lakka/actor/ActorRef;)V 103 <appendix> member <vmtarget> ; # akka/actor/dungeon/DeathWatch$$Lambda+0x00000000093229a8
instanceKlass  @bci akka/actor/dungeon/DeathWatch watch (Lakka/actor/ActorRef;)Lakka/actor/ActorRef; 69 <appendix> member <vmtarget> ; # akka/actor/dungeon/DeathWatch$$Lambda+0x0000000009322248
instanceKlass  @bci akka/event/LoggingBus startDefaultLoggers (Lakka/actor/ActorSystemImpl;)V 122 <appendix> argL0 ; # akka/event/LoggingBus$$Lambda+0x0000000009321e68
instanceKlass  @cpi com/firebase/server/router/RequestQueueWriter 88 form vmentry <vmtarget> ; # java/lang/invoke/LambdaForm$DMH+0x0000000009324800
# instanceKlass java/lang/invoke/LambdaForm$MH+0x0000000009324400
instanceKlass  @bci akka/event/LoggingBus startDefaultLoggers (Lakka/actor/ActorSystemImpl;)V 53 <appendix> member <vmtarget> ; # akka/event/LoggingBus$$Lambda+0x0000000009321b90
# instanceKlass java/lang/invoke/LambdaForm$MH+0x0000000009324000
instanceKlass akka/dispatch/sysmsg/Terminate
instanceKlass akka/dispatch/sysmsg/Resume
instanceKlass scala/runtime/AbstractFunction3
instanceKlass scala/Function3
instanceKlass akka/dispatch/sysmsg/Suspend
instanceKlass akka/dispatch/sysmsg/Recreate
instanceKlass akka/dispatch/sysmsg/Unwatch
instanceKlass akka/actor/ChildRestartStats
instanceKlass akka/dispatch/sysmsg/Watch
instanceKlass akka/actor/DefaultSupervisorStrategy
instanceKlass akka/actor/SupervisorStrategyConfigurator
instanceKlass akka/util/Collections$EmptyImmutableSeq$
instanceKlass  @bci akka/actor/ActorCell create (Lscala/Option;)V 1 <appendix> argL0 ; # akka/actor/ActorCell$$Lambda+0x000000000931d070
instanceKlass akka/dispatch/sysmsg/DeathWatchNotification
instanceKlass akka/actor/DeadLetterSuppression
instanceKlass  @bci akka/actor/LocalActorRefProvider guardian$lzycompute ()Lakka/actor/LocalActorRef; 180 <appendix> member <vmtarget> ; # akka/actor/LocalActorRefProvider$$Lambda+0x000000000931c8e0
instanceKlass akka/actor/LocalActorRefProvider$SystemGuardian
instanceKlass scala/collection/immutable/RedBlackTree$BlackTree$
instanceKlass scala/collection/immutable/RedBlackTree$RedTree$
instanceKlass scala/collection/immutable/RedBlackTree$Tree
instanceKlass scala/collection/immutable/RedBlackTree$
instanceKlass akka/dispatch/Mailbox$
instanceKlass akka/actor/dungeon/ChildrenContainer$TerminatingChildrenContainer
instanceKlass akka/actor/ChildNameReserved$
instanceKlass akka/actor/ChildStats
instanceKlass akka/dispatch/sysmsg/EarliestFirstSystemMessageList$
instanceKlass akka/actor/dungeon/ChildrenContainer$NormalChildrenContainer
instanceKlass java/util/concurrent/ForkJoinPool$ManagedBlocker
instanceKlass jdk/internal/util/random/RandomSupport
instanceKlass jdk/internal/vm/ThreadContainers
instanceKlass java/util/concurrent/ForkJoinPool$DefaultForkJoinWorkerThreadFactory
instanceKlass java/util/concurrent/ForkJoinPool$1
instanceKlass jdk/internal/access/JavaUtilConcurrentFJPAccess
instanceKlass java/util/concurrent/ForkJoinPool$WorkQueue
instanceKlass jdk/internal/vm/StackableScope
instanceKlass java/util/concurrent/CountDownLatch
instanceKlass akka/dispatch/LoadMetrics
instanceKlass akka/dispatch/sysmsg/Failed
instanceKlass akka/dispatch/sysmsg/StashWhenWaitingForChildren
instanceKlass akka/dispatch/sysmsg/StashWhenFailed
instanceKlass akka/dispatch/sysmsg/Supervise
instanceKlass akka/dispatch/sysmsg/LatestFirstSystemMessageList$
instanceKlass akka/dispatch/sysmsg/NoMessage$
instanceKlass akka/dispatch/Envelope
instanceKlass akka/actor/dungeon/AbstractActorCell
instanceKlass akka/dispatch/sysmsg/Create
instanceKlass  @bci scala/collection/TraversableOnce collectFirst (Lscala/PartialFunction;)Lscala/Option; 43 <appendix> member <vmtarget> ; # scala/collection/TraversableOnce$$Lambda+0x0000000009318990
instanceKlass akka/dispatch/UnboundedQueueBasedMessageQueue
instanceKlass akka/dispatch/sysmsg/SystemMessageList$
instanceKlass akka/actor/dungeon/FaultHandling$NoFailedInfo$
instanceKlass scala/math/Ordering$String$
instanceKlass scala/math/Ordering$StringOrdering
instanceKlass akka/actor/dungeon/ChildrenContainer$EmptyChildrenContainer$
instanceKlass akka/actor/dungeon/ChildrenContainer$EmptyChildrenContainer
instanceKlass akka/actor/dungeon/ReceiveTimeout$
instanceKlass akka/actor/dungeon/ChildrenContainer$SuspendReason
instanceKlass akka/actor/dungeon/FaultHandling$FailedInfo
instanceKlass akka/actor/dungeon/ChildrenContainer
instanceKlass akka/dispatch/ProducesPushTimeoutSemanticsMailbox
instanceKlass akka/dispatch/UnboundedMailbox
instanceKlass akka/dispatch/ProducesMessageQueue
instanceKlass  @bci akka/util/Reflect$ $anonfun$findConstructor$4 (ILscala/collection/immutable/Seq;Ljava/lang/reflect/Constructor;)Z 42 <appendix> argL0 ; # akka/util/Reflect$$$Lambda+0x0000000009313520
instanceKlass  @bci akka/serialization/Serialization <init> (Lakka/actor/ExtendedActorSystem;)V 578 <appendix> form vmentry <vmtarget> ; # java/lang/invoke/LambdaForm$DMH+0x0000000009314000
instanceKlass  @bci akka/util/Reflect$ findConstructor (Ljava/lang/Class;Lscala/collection/immutable/Seq;)Ljava/lang/reflect/Constructor; 69 <appendix> member <vmtarget> ; # akka/util/Reflect$$$Lambda+0x0000000009311c58
instanceKlass akka/actor/ArgsReflectConstructor
instanceKlass akka/actor/LocalActorRefProvider$Guardian
instanceKlass akka/dispatch/RequiresMessageQueue
instanceKlass scala/concurrent/Future$InternalCallbackExecutor$
instanceKlass scala/concurrent/BatchingExecutor
instanceKlass  @bci scala/concurrent/Promise tryCompleteWith (Lscala/concurrent/Future;)Lscala/concurrent/Promise; 12 <appendix> member <vmtarget> ; # scala/concurrent/Promise$$Lambda+0x00000000093107d0
instanceKlass  @bci scala/concurrent/impl/Promise transform (Lscala/Function1;Lscala/concurrent/ExecutionContext;)Lscala/concurrent/Future; 11 <appendix> member <vmtarget> ; # scala/concurrent/impl/Promise$$Lambda+0x00000000093103e8
instanceKlass  @bci scala/concurrent/Future andThen (Lscala/PartialFunction;Lscala/concurrent/ExecutionContext;)Lscala/concurrent/Future; 3 <appendix> member <vmtarget> ; # scala/concurrent/Future$$Lambda+0x0000000009310000
instanceKlass akka/actor/ActorSystemImpl$$anon$2
instanceKlass  @bci akka/actor/ActorSystemImpl liftedTree2$1 ()Lakka/actor/ActorSystemImpl; 2 <appendix> member <vmtarget> ; # akka/actor/ActorSystemImpl$$Lambda+0x000000000930f3c8
instanceKlass scala/concurrent/impl/CallbackRunnable
instanceKlass scala/concurrent/OnCompleteRunnable
instanceKlass  @bci akka/actor/ActorSystemImpl$TerminationCallbacks <init> (Lakka/actor/ActorSystemImpl;Lscala/concurrent/Future;Lscala/concurrent/ExecutionContext;)V 36 <appendix> member <vmtarget> ; # akka/actor/ActorSystemImpl$TerminationCallbacks$$Lambda+0x000000000930eba8
instanceKlass akka/actor/ActorSystemImpl$TerminationCallbacks
instanceKlass scala/runtime/RichDouble$
instanceKlass akka/dispatch/SaneRejectedExecutionHandler
instanceKlass java/util/concurrent/RejectedExecutionHandler
instanceKlass akka/dispatch/ThreadPoolConfig$
instanceKlass akka/dispatch/ForkJoinExecutorConfigurator$ForkJoinExecutorServiceFactory
instanceKlass akka/dispatch/Dispatcher$LazyExecutorServiceDelegate
instanceKlass akka/dispatch/MessageDispatcher$$anon$3
instanceKlass  @bci akka/dispatch/MessageDispatcher <init> (Lakka/dispatch/MessageDispatcherConfigurator;)V 45 <appendix> member <vmtarget> ; # akka/dispatch/MessageDispatcher$$Lambda+0x000000000930d7c8
instanceKlass akka/dispatch/ExecutorServiceFactory
instanceKlass akka/dispatch/CachingConfig$StringPathEntry
instanceKlass akka/dispatch/DefaultSystemMessageQueue
instanceKlass akka/dispatch/ExecutorServiceDelegate
instanceKlass akka/actor/Scheduler$TaskRunOnClose
instanceKlass scala/concurrent/ExecutionContextExecutorService
instanceKlass akka/dispatch/AbstractMessageDispatcher
instanceKlass akka/dispatch/BatchingExecutor
instanceKlass akka/dispatch/ExecutorServiceConfigurator
instanceKlass akka/dispatch/ExecutorServiceFactoryProvider
instanceKlass akka/dispatch/CachingConfig$ValuePathEntry
instanceKlass akka/dispatch/CachingConfig$PathEntry
instanceKlass  @bci akka/dispatch/CachingConfig getPathEntry (Ljava/lang/String;)Lakka/dispatch/CachingConfig$PathEntry; 108 <appendix> member <vmtarget> ; # akka/dispatch/CachingConfig$$Lambda+0x0000000009309210
instanceKlass  @bci akka/dispatch/CachingConfig getPathEntry (Ljava/lang/String;)Lakka/dispatch/CachingConfig$PathEntry; 23 <appendix> member <vmtarget> ; # akka/dispatch/CachingConfig$$Lambda+0x0000000009308f18
instanceKlass akka/dispatch/Dispatchers$
instanceKlass scala/collection/convert/Wrappers$MapWrapper$$anon$2$$anon$3$$anon$4
instanceKlass scala/collection/convert/Wrappers$MapWrapper$$anon$2$$anon$3
instanceKlass  @bci scala/collection/convert/DecorateAsJava mapAsJavaMapConverter (Lscala/collection/Map;)Lscala/collection/convert/Decorators$AsJava; 6 <appendix> member <vmtarget> ; # scala/collection/convert/DecorateAsJava$$Lambda+0x0000000009307d00
instanceKlass scala/collection/convert/Decorators$AsJava
instanceKlass akka/dispatch/CachingConfig
instanceKlass akka/dispatch/DefaultDispatcherPrerequisites
instanceKlass akka/dispatch/MessageDispatcherConfigurator
instanceKlass akka/dispatch/Dispatchers
instanceKlass akka/dispatch/UnboundedControlAwareMessageQueueSemantics
instanceKlass akka/dispatch/UnboundedDequeBasedMessageQueueSemantics
instanceKlass akka/dispatch/UnboundedMessageQueueSemantics
instanceKlass akka/dispatch/BoundedDequeBasedMessageQueueSemantics
instanceKlass akka/dispatch/DequeBasedMessageQueueSemantics
instanceKlass com/firebase/core/namespace/profiler/ProfilerActorQueueSemantics
instanceKlass akka/event/LoggerMessageQueueSemantics
instanceKlass akka/dispatch/BoundedControlAwareMessageQueueSemantics
instanceKlass akka/dispatch/ControlAwareMessageQueueSemantics
instanceKlass akka/dispatch/QueueBasedMessageQueue
instanceKlass akka/dispatch/MultipleConsumerSemantics
instanceKlass com/firebase/core/namespace/NamespaceActorQueueSemantics
instanceKlass  @bci akka/dispatch/Mailboxes $anonfun$mailboxBindings$1 (Lakka/dispatch/Mailboxes;Lscala/collection/immutable/Map;Lscala/Tuple2;)Lscala/collection/immutable/Map; 77 <appendix> member <vmtarget> ; # akka/dispatch/Mailboxes$$Lambda+0x0000000009304890
instanceKlass akka/dispatch/BoundedMessageQueueSemantics
instanceKlass  @bci akka/dispatch/Mailboxes <init> (Lakka/actor/ActorSystem$Settings;Lakka/event/EventStream;Lakka/actor/DynamicAccess;Lakka/actor/ActorRef;)V 103 <appendix> member <vmtarget> ; # akka/dispatch/Mailboxes$$Lambda+0x00000000093040c0
instanceKlass akka/actor/ActorCell
instanceKlass akka/actor/dungeon/ReceiveTimeout
instanceKlass akka/actor/dungeon/FaultHandling
instanceKlass akka/actor/dungeon/Dispatch
instanceKlass akka/actor/dungeon/DeathWatch
instanceKlass akka/actor/dungeon/Children
instanceKlass akka/actor/Cell
instanceKlass akka/actor/AbstractActor$ActorContext
instanceKlass akka/actor/ActorContext
instanceKlass akka/actor/ClassicActorContextProvider
instanceKlass akka/dispatch/AbstractMailbox
instanceKlass akka/dispatch/Mailboxes$$anon$1$$anon$2
instanceKlass java/util/concurrent/ForkJoinTask$Aux
instanceKlass akka/dispatch/MessageQueue
instanceKlass akka/dispatch/MailboxType
instanceKlass java/util/concurrent/ForkJoinTask
instanceKlass akka/dispatch/SystemMessageQueue
instanceKlass akka/dispatch/Mailboxes
instanceKlass akka/util/OptionVal$
instanceKlass scala/concurrent/impl/Promise
instanceKlass scala/concurrent/Future
instanceKlass scala/concurrent/Promise
instanceKlass scala/concurrent/Promise$
instanceKlass  @bci akka/actor/ChildActorPath toString ()Ljava/lang/String; 16 <appendix> argL0 ; # akka/actor/ChildActorPath$$Lambda+0x00000000092ffad8
instanceKlass akka/actor/IgnoreActorRef$
instanceKlass akka/actor/ChildActorPath
instanceKlass  @bci akka/actor/ActorCell$ <init> ()V 51 <appendix> argL0 ; # akka/actor/ActorCell$$$Lambda+0x00000000092ff308
instanceKlass  @bci akka/util/Reflect$ findConstructor (Ljava/lang/Class;Lscala/collection/immutable/Seq;)Ljava/lang/reflect/Constructor; 21 <appendix> argL0 ; # akka/util/Reflect$$$Lambda+0x00000000092ff038
instanceKlass  @bci akka/util/Reflect$ findConstructor (Ljava/lang/Class;Lscala/collection/immutable/Seq;)Ljava/lang/reflect/Constructor; 13 <appendix> member <vmtarget> ; # akka/util/Reflect$$$Lambda+0x00000000092fe7f0
instanceKlass akka/actor/NoArgsReflectConstructor
instanceKlass akka/actor/TypedCreatorFunctionConsumer
instanceKlass akka/actor/CreatorConsumer
instanceKlass akka/actor/CreatorFunctionConsumer
instanceKlass akka/actor/IndirectActorProducer
instanceKlass akka/actor/IndirectActorProducer$
instanceKlass akka/actor/Props
instanceKlass akka/actor/Props$EmptyActor
instanceKlass  @bci akka/actor/Props$ <init> ()V 13 <appendix> argL0 ; # akka/actor/Props$$$Lambda+0x00000000092fd238
instanceKlass akka/actor/Props$
instanceKlass akka/actor/AbstractProps
instanceKlass akka/actor/ActorCell$$anon$2
instanceKlass akka/actor/ActorCell$
instanceKlass  @bci akka/actor/LocalActorRefProvider $anonfun$deadLetters$1 (Lakka/actor/LocalActorRefProvider;)Lscala/Function1; 1 <appendix> member <vmtarget> ; # akka/actor/LocalActorRefProvider$$Lambda+0x00000000092f72d8
instanceKlass  @bci akka/actor/LocalActorRefProvider <init> (Ljava/lang/String;Lakka/actor/ActorSystem$Settings;Lakka/event/EventStream;Lakka/actor/DynamicAccess;Lakka/actor/Deployer;Lscala/Option;)V 121 <appendix> member <vmtarget> ; # akka/actor/LocalActorRefProvider$$Lambda+0x00000000092f6c70
instanceKlass akka/event/DummyClassForStringSources
instanceKlass scala/runtime/AbstractFunction0
instanceKlass akka/event/LogSource$$anon$6
instanceKlass akka/event/LogSource$$anon$5
instanceKlass akka/event/LogSource$$anon$4
instanceKlass akka/event/LogSource$$anon$3
instanceKlass akka/event/LogSource$$anon$2
instanceKlass akka/event/LogSource
instanceKlass akka/event/LogSource$
instanceKlass  @bci akka/util/WildcardTree insert (Lscala/collection/Iterator;Ljava/lang/Object;)Lakka/util/WildcardTree; 48 <appendix> argL0 ; # akka/util/WildcardTree$$Lambda+0x00000000092f4ce8
instanceKlass akka/actor/ActorPath$
instanceKlass  @bci akka/actor/Deployer add$1 ([Ljava/lang/String;Lakka/actor/Deploy;Lakka/util/WildcardIndex;)V 22 <appendix> member <vmtarget> ; # akka/actor/Deployer$$Lambda+0x00000000092f3bb8
instanceKlass  @bci akka/actor/Deployer <init> (Lakka/actor/ActorSystem$Settings;Lakka/actor/DynamicAccess;)V 195 <appendix> member <vmtarget> ; # akka/actor/Deployer$$Lambda+0x00000000092f37d0
instanceKlass scala/runtime/AbstractFunction5
instanceKlass scala/Function5
instanceKlass akka/routing/RoundRobinPool
instanceKlass akka/actor/NoScopeGiven
instanceKlass akka/actor/Deploy
instanceKlass akka/routing/NoRouter
instanceKlass akka/actor/LocalScope
instanceKlass akka/actor/Deploy$
instanceKlass  @bci akka/actor/SupervisorStrategy$ <init> ()V 89 <appendix> argL0 ; # akka/actor/SupervisorStrategy$$$Lambda+0x00000000092f1148
instanceKlass akka/actor/SupervisorStrategy$Escalate$
instanceKlass akka/actor/SupervisorStrategy$Directive
instanceKlass  @bci akka/actor/OneForOneStrategy <init> (ILscala/concurrent/duration/Duration;ZLscala/PartialFunction;)V 48 <appendix> argL0 ; # akka/actor/OneForOneStrategy$$Lambda+0x00000000092f0460
instanceKlass akka/actor/SupervisorStrategy$
instanceKlass akka/actor/SupervisorStrategyLowPriorityImplicits
instanceKlass akka/actor/OneForOneStrategy$
instanceKlass akka/routing/Pool$
instanceKlass akka/routing/ConsistentHashingRouter$emptyConsistentHashMapping$
instanceKlass scala/runtime/AbstractFunction7
instanceKlass scala/Function7
instanceKlass akka/routing/Resizer$
instanceKlass akka/routing/RoutingLogic
instanceKlass akka/routing/RouterActor
instanceKlass akka/actor/Actor
instanceKlass akka/routing/Routee
instanceKlass akka/routing/ConsistentHashingPool
instanceKlass akka/routing/PoolOverrideUnsetConfig
instanceKlass akka/routing/Pool
instanceKlass  @bci akka/actor/Deployer createRouterConfig (Ljava/lang/String;Ljava/lang/String;Lcom/typesafe/config/Config;Lcom/typesafe/config/Config;)Lakka/routing/RouterConfig; 79 <appendix> member <vmtarget> ; # akka/actor/Deployer$$Lambda+0x00000000092ee058
instanceKlass  @bci akka/actor/Deployer <init> (Lakka/actor/ActorSystem$Settings;Lakka/actor/DynamicAccess;)V 175 <appendix> member <vmtarget> ; # akka/actor/Deployer$$Lambda+0x00000000092edc70
instanceKlass  @bci scala/collection/mutable/HashMap foreach (Lscala/Function1;)V 2 <appendix> member <vmtarget> ; # scala/collection/mutable/HashMap$$Lambda+0x00000000092ed888
instanceKlass scala/collection/mutable/DefaultEntry
instanceKlass scala/util/hashing/package$
instanceKlass  @bci scala/PartialFunction$$anon$1 <init> ()V 9 <appendix> argL0 ; # scala/PartialFunction$$anon$1$$Lambda+0x00000000092ed048
instanceKlass scala/PartialFunction$$anon$1
instanceKlass  @bci scala/PartialFunction$ <init> ()V 20 <appendix> argL0 ; # scala/PartialFunction$$$Lambda+0x00000000092ec908
instanceKlass scala/PartialFunction$
instanceKlass  @bci scala/PartialFunction runWith (Lscala/Function1;)Lscala/Function1; 2 <appendix> member <vmtarget> ; # scala/PartialFunction$$Lambda+0x00000000092eb438
instanceKlass  @bci scala/collection/TraversableLike collect (Lscala/PartialFunction;Lscala/collection/generic/CanBuildFrom;)Ljava/lang/Object; 16 <appendix> member <vmtarget> ; # scala/collection/TraversableLike$$Lambda+0x00000000092eb050
instanceKlass  @bci scala/collection/convert/DecorateAsScala mapAsScalaMapConverter (Ljava/util/Map;)Lscala/collection/convert/Decorators$AsScala; 6 <appendix> member <vmtarget> ; # scala/collection/convert/DecorateAsScala$$Lambda+0x00000000092e4948
instanceKlass akka/util/WildcardTree
instanceKlass akka/util/WildcardTree$
instanceKlass akka/util/WildcardIndex$
instanceKlass akka/util/WildcardIndex
instanceKlass akka/actor/Scope
# instanceKlass java/lang/invoke/LambdaForm$MH+0x00000000092e2000
# instanceKlass java/lang/invoke/LambdaForm$MH+0x00000000092e1c00
# instanceKlass java/lang/invoke/LambdaForm$DMH+0x00000000092e1800
# instanceKlass java/lang/invoke/LambdaForm$DMH+0x00000000092e1400
instanceKlass  @cpi com/firebase/core/namespace/rules/tree/RuleNodeParser$ 62 form vmentry <vmtarget> ; # java/lang/invoke/LambdaForm$DMH+0x00000000092e1000
instanceKlass java/lang/invoke/MethodHandleImpl$ArrayAccessor
instanceKlass java/lang/invoke/MethodHandleImpl$CasesHolder
instanceKlass java/lang/invoke/MethodHandleImpl$LoopClauses
# instanceKlass java/lang/invoke/LambdaForm$MH+0x00000000092e0c00
# instanceKlass java/lang/invoke/LambdaForm$MH+0x00000000092e0800
# instanceKlass java/lang/invoke/LambdaForm$MH+0x00000000092e0400
# instanceKlass java/lang/invoke/LambdaForm$MH+0x00000000092e0000
instanceKlass akka/actor/Deployer
instanceKlass akka/actor/SupervisorStrategy
instanceKlass akka/routing/RouterConfig
instanceKlass akka/actor/RepointableRef
instanceKlass akka/dispatch/sysmsg/SystemMessage
instanceKlass akka/actor/PossiblyHarmful
instanceKlass  @bci akka/dispatch/MonitorableThreadFactory wire (Ljava/lang/Thread;)Ljava/lang/Thread; 21 <appendix> member <vmtarget> ; # akka/dispatch/MonitorableThreadFactory$$Lambda+0x00000000092deb20
instanceKlass scala/collection/mutable/ArrayBuilder$
instanceKlass  @bci akka/actor/LightArrayRevolverScheduler$$anon$3 <init> (Lakka/actor/LightArrayRevolverScheduler;)V 40 <appendix> argL0 ; # akka/actor/LightArrayRevolverScheduler$$anon$3$$Lambda+0x00000000092de230
instanceKlass akka/actor/LightArrayRevolverScheduler$$anon$3
instanceKlass akka/dispatch/AbstractNodeQueue$Node
instanceKlass java/util/stream/Nodes$IntArrayNode
instanceKlass java/util/stream/Node$Builder$OfInt
instanceKlass java/util/stream/Sink$OfInt
instanceKlass java/util/function/IntConsumer
instanceKlass  @bci java/util/stream/IntPipeline toArray ()[I 1 <appendix> argL0 ; # java/util/stream/IntPipeline$$Lambda+0x0000000009273d20
instanceKlass java/util/stream/IntStream
instanceKlass  @bci akka/util/Unsafe isIsJavaVersion9Plus ()Z 13 <appendix> argL0 ; # akka/util/Unsafe$$Lambda+0x00000000092db9f0
instanceKlass java/util/function/ToIntFunction
instanceKlass  @bci sun/misc/Unsafe callerAndLocation (Ljava/lang/Class;)Ljava/lang/String; 32 <appendix> form vmentry <vmtarget> ; # java/lang/invoke/LambdaForm$MH+0x00000000092dc400
instanceKlass java/lang/StringConcatHelper$StringConcatBase
instanceKlass java/lang/invoke/StringConcatFactory$InlineHiddenClassStrategy$6
instanceKlass java/lang/invoke/StringConcatFactory$InlineHiddenClassStrategy$3$4
instanceKlass java/lang/invoke/StringConcatFactory$InlineHiddenClassStrategy$4
instanceKlass java/lang/invoke/StringConcatFactory$InlineHiddenClassStrategy$3$1
instanceKlass java/lang/invoke/StringConcatFactory$InlineHiddenClassStrategy$7
instanceKlass java/lang/invoke/StringConcatFactory$InlineHiddenClassStrategy$3$2
instanceKlass java/lang/invoke/StringConcatFactory$InlineHiddenClassStrategy$5
instanceKlass java/lang/invoke/StringConcatFactory$InlineHiddenClassStrategy$3$3
instanceKlass java/lang/invoke/StringConcatFactory$InlineHiddenClassStrategy$3
instanceKlass java/lang/invoke/StringConcatFactory$InlineHiddenClassStrategy$2
instanceKlass java/lang/invoke/StringConcatFactory$InlineHiddenClassStrategy$1
instanceKlass java/lang/invoke/StringConcatFactory$InlineHiddenClassStrategy
instanceKlass java/util/stream/WhileOps$DropWhileSink
instanceKlass  @bci java/util/stream/ReferencePipeline toArray ()[Ljava/lang/Object; 1 <appendix> argL0 ; # java/util/stream/ReferencePipeline$$Lambda+0x00000000092721f8
instanceKlass java/util/stream/SliceOps
instanceKlass java/util/stream/WhileOps$DropWhileOp
instanceKlass java/util/stream/WhileOps
instanceKlass  @bci sun/misc/Unsafe lambda$beforeMemoryAccessSlow$0 (Ljava/util/stream/Stream;)Ljava/util/List; 1 <appendix> argL0 ; # sun/misc/Unsafe$$Lambda+0x0000000009270ec8
instanceKlass java/lang/StackStreamFactory$FrameBuffer
instanceKlass java/lang/StackStreamFactory
instanceKlass  @bci sun/misc/Unsafe beforeMemoryAccessSlow ()V 26 <appendix> argL0 ; # sun/misc/Unsafe$$Lambda+0x000000000926f450
instanceKlass sun/misc/Unsafe$StackWalkerHolder
instanceKlass akka/util/Unsafe
instanceKlass  @bci akka/actor/LightArrayRevolverScheduler <init> (Lcom/typesafe/config/Config;Lakka/event/LoggingAdapter;Ljava/util/concurrent/ThreadFactory;)V 110 <appendix> argL0 ; # akka/actor/LightArrayRevolverScheduler$$Lambda+0x00000000092db0e0
instanceKlass  @bci akka/actor/LightArrayRevolverScheduler <init> (Lcom/typesafe/config/Config;Lakka/event/LoggingAdapter;Ljava/util/concurrent/ThreadFactory;)V 105 <appendix> argL0 ; # akka/actor/LightArrayRevolverScheduler$$Lambda+0x00000000092dad00
instanceKlass scala/math/Ordering$Long$
instanceKlass scala/math/Ordering$LongOrdering
instanceKlass scala/runtime/RichLong$
instanceKlass scala/runtime/RichLong
instanceKlass scala/runtime/IntegralProxy
instanceKlass scala/runtime/ScalaWholeNumberProxy
instanceKlass scala/runtime/ScalaNumberProxy
instanceKlass scala/runtime/OrderedProxy
instanceKlass scala/runtime/RangedProxy
instanceKlass scala/Proxy$Typed
instanceKlass scala/Proxy
instanceKlass  @bci akka/actor/LightArrayRevolverScheduler <init> (Lcom/typesafe/config/Config;Lakka/event/LoggingAdapter;Ljava/util/concurrent/ThreadFactory;)V 94 <appendix> argL0 ; # akka/actor/LightArrayRevolverScheduler$$Lambda+0x00000000092d8ec8
instanceKlass  @bci akka/actor/LightArrayRevolverScheduler <init> (Lcom/typesafe/config/Config;Lakka/event/LoggingAdapter;Ljava/util/concurrent/ThreadFactory;)V 89 <appendix> argL0 ; # akka/actor/LightArrayRevolverScheduler$$Lambda+0x00000000092d8ae8
instanceKlass  @bci akka/actor/LightArrayRevolverScheduler <init> (Lcom/typesafe/config/Config;Lakka/event/LoggingAdapter;Ljava/util/concurrent/ThreadFactory;)V 44 <appendix> argL0 ; # akka/actor/LightArrayRevolverScheduler$$Lambda+0x00000000092d8818
instanceKlass  @bci akka/actor/LightArrayRevolverScheduler <init> (Lcom/typesafe/config/Config;Lakka/event/LoggingAdapter;Ljava/util/concurrent/ThreadFactory;)V 39 <appendix> argL0 ; # akka/actor/LightArrayRevolverScheduler$$Lambda+0x00000000092d8418
instanceKlass scala/runtime/java8/JFunction1$mcZI$sp
instanceKlass akka/util/Helpers$Requiring$
instanceKlass  @bci jdk/internal/reflect/DirectConstructorHandleAccessor invokeImpl ([Ljava/lang/Object;)Ljava/lang/Object; 88 <adapter> ; # java/lang/invoke/LambdaForm$MH+0x00000000092c9c00
# instanceKlass java/lang/invoke/LambdaForm$MH+0x00000000092c9800
# instanceKlass java/lang/invoke/LambdaForm$MH+0x00000000092c9400
# instanceKlass java/lang/invoke/LambdaForm$MH+0x00000000092c9000
instanceKlass akka/actor/LightArrayRevolverScheduler$TimerTask
instanceKlass akka/actor/Cancellable
instanceKlass akka/actor/LightArrayRevolverScheduler
instanceKlass akka/actor/Scheduler
instanceKlass akka/event/LoggingFilterWithMarker$
instanceKlass akka/event/BusLogging
instanceKlass scala/runtime/AbstractPartialFunction
# instanceKlass java/lang/invoke/LambdaForm$MH+0x00000000092c8c00
# instanceKlass java/lang/invoke/LambdaForm$MH+0x00000000092c8800
instanceKlass  @bci akka/actor/ReflectiveDynamicAccess $anonfun$createInstanceFor$1 (Lscala/collection/immutable/Seq;Ljava/lang/Class;Lscala/reflect/ClassTag;)Ljava/lang/Object; 38 <appendix> argL0 ; # akka/actor/ReflectiveDynamicAccess$$Lambda+0x00000000092d68d8
instanceKlass  @bci akka/actor/ReflectiveDynamicAccess $anonfun$createInstanceFor$1 (Lscala/collection/immutable/Seq;Ljava/lang/Class;Lscala/reflect/ClassTag;)Ljava/lang/Object; 1 <appendix> argL0 ; # akka/actor/ReflectiveDynamicAccess$$Lambda+0x00000000092d64f8
instanceKlass  @bci akka/actor/ReflectiveDynamicAccess createInstanceFor (Ljava/lang/Class;Lscala/collection/immutable/Seq;Lscala/reflect/ClassTag;)Lscala/util/Try; 6 <appendix> member <vmtarget> ; # akka/actor/ReflectiveDynamicAccess$$Lambda+0x00000000092d6220
instanceKlass  @bci akka/actor/ReflectiveDynamicAccess createInstanceFor (Ljava/lang/String;Lscala/collection/immutable/Seq;Lscala/reflect/ClassTag;)Lscala/util/Try; 9 <appendix> member <vmtarget> ; # akka/actor/ReflectiveDynamicAccess$$Lambda+0x00000000092d5e38
instanceKlass akka/event/slf4j/Slf4jLoggingFilter
instanceKlass  @bci akka/actor/ReflectiveDynamicAccess getClassFor (Ljava/lang/String;Lscala/reflect/ClassTag;)Lscala/util/Try; 6 <appendix> member <vmtarget> ; # akka/actor/ReflectiveDynamicAccess$$Lambda+0x00000000092d5888
instanceKlass  @bci akka/event/SubchannelClassification publish (Ljava/lang/Object;)V 131 <appendix> member <vmtarget> ; # akka/event/SubchannelClassification$$Lambda+0x00000000092d54a0
instanceKlass  @bci akka/util/SubclassifiedIndex innerAddKey (Ljava/lang/Object;)Lscala/collection/immutable/Seq; 12 <appendix> member <vmtarget> ; # akka/util/SubclassifiedIndex$$Lambda+0x00000000092d50b8
instanceKlass akka/event/Logging$Debug
instanceKlass  @bci akka/event/LoggingBus setUpStdoutLogger (Lakka/actor/ActorSystem$Settings;)V 66 <appendix> member <vmtarget> ; # akka/event/LoggingBus$$Lambda+0x00000000092d4a40
instanceKlass  @cpi com/firebase/core/stats/NamespaceStats 1613 form vmentry <vmtarget> ; # java/lang/invoke/LambdaForm$DMH+0x00000000092c8400
instanceKlass akka/event/Logging$Warning
instanceKlass  @bci akka/event/SubchannelClassification $anonfun$addToCache$1 (Lscala/collection/immutable/Map;Lscala/Tuple2;)Lscala/collection/immutable/Map; 62 <appendix> argL0 ; # akka/event/SubchannelClassification$$Lambda+0x00000000092cf4c8
instanceKlass  @bci akka/event/SubchannelClassification addToCache (Lscala/collection/immutable/Seq;)V 8 <appendix> argL0 ; # akka/event/SubchannelClassification$$Lambda+0x00000000092cef08
instanceKlass akka/util/ccompat/CompatImpl$$anon$1
instanceKlass  @bci akka/util/ccompat/package$ genericCompanionToCBF (Lscala/collection/generic/GenericCompanion;)Lscala/collection/generic/CanBuildFrom; 4 <appendix> member <vmtarget> ; # akka/util/ccompat/package$$$Lambda+0x00000000092cdf88
instanceKlass akka/util/ccompat/CompatImpl$
instanceKlass scala/collection/TraversableOnce$
instanceKlass akka/util/ccompat/package$
instanceKlass  @bci akka/util/SubclassifiedIndex mergeChangesByKey (Lscala/collection/immutable/Seq;)Lscala/collection/immutable/Seq; 7 <appendix> argL0 ; # akka/util/SubclassifiedIndex$$Lambda+0x00000000092cd390
instanceKlass akka/util/SubclassifiedIndex$
instanceKlass  @bci akka/util/SubclassifiedIndex$Nonroot addValue (Ljava/lang/Object;)Lscala/collection/immutable/Seq; 5 <appendix> member <vmtarget> ; # akka/util/SubclassifiedIndex$Nonroot$$Lambda+0x00000000092ccd90
instanceKlass  @bci akka/util/SubclassifiedIndex integrate (Lakka/util/SubclassifiedIndex$Nonroot;)Lscala/collection/immutable/Seq; 185 <appendix> argL0 ; # akka/util/SubclassifiedIndex$$Lambda+0x00000000092cc9b0
instanceKlass  @bci akka/util/SubclassifiedIndex integrate (Lakka/util/SubclassifiedIndex$Nonroot;)Lscala/collection/immutable/Seq; 147 <appendix> member <vmtarget> ; # akka/util/SubclassifiedIndex$$Lambda+0x00000000092cc5c8
instanceKlass  @bci akka/util/SubclassifiedIndex innerFindSubKeys (Ljava/lang/Object;Lscala/collection/immutable/Vector;)Lscala/collection/immutable/Set; 16 <appendix> member <vmtarget> ; # akka/util/SubclassifiedIndex$$Lambda+0x00000000092cc000
instanceKlass  @bci scala/collection/TraversableLike partition (Lscala/Function1;)Lscala/Tuple2; 18 <appendix> member <vmtarget> ; # scala/collection/TraversableLike$$Lambda+0x00000000092c7978
instanceKlass  @bci akka/util/SubclassifiedIndex integrate (Lakka/util/SubclassifiedIndex$Nonroot;)Lscala/collection/immutable/Seq; 6 <appendix> member <vmtarget> ; # akka/util/SubclassifiedIndex$$Lambda+0x00000000092c7590
instanceKlass  @bci scala/collection/TraversableLike flatMap (Lscala/Function1;Lscala/collection/generic/CanBuildFrom;)Ljava/lang/Object; 9 <appendix> member <vmtarget> ; # scala/collection/TraversableLike$$Lambda+0x00000000092c71a8
instanceKlass  @bci akka/util/SubclassifiedIndex innerAddValue (Ljava/lang/Object;Ljava/lang/Object;)Lscala/collection/immutable/Seq; 13 <appendix> member <vmtarget> ; # akka/util/SubclassifiedIndex$$Lambda+0x00000000092c6dc0
instanceKlass akka/util/SubclassifiedIndex
instanceKlass akka/event/Logging$Error
instanceKlass akka/event/Logging$LogEventWithCause
instanceKlass  @bci akka/event/LoggingBus setUpStdoutLogger (Lakka/actor/ActorSystem$Settings;)V 48 <appendix> member <vmtarget> ; # akka/event/LoggingBus$$Lambda+0x00000000092c5f10
instanceKlass  @bci akka/event/LoggingBus setUpStdoutLogger (Lakka/actor/ActorSystem$Settings;)V 34 <appendix> member <vmtarget> ; # akka/event/LoggingBus$$Lambda+0x00000000092c5738
instanceKlass  @cpi akka/event/LoggingBus 268 form vmentry <vmtarget> ; # java/lang/invoke/LambdaForm$DMH+0x00000000092c8000
instanceKlass  @bci akka/event/LoggingBus setUpStdoutLogger (Lakka/actor/ActorSystem$Settings;)V 12 <appendix> member <vmtarget> ; # akka/event/LoggingBus$$Lambda+0x00000000092c5460
instanceKlass  @bci akka/actor/RootActorPath <init> (Lakka/actor/Address;Ljava/lang/String;)V 77 <appendix> member <vmtarget> ; # akka/actor/RootActorPath$$Lambda+0x00000000092c5188
instanceKlass  @bci akka/actor/RootActorPath <init> (Lakka/actor/Address;Ljava/lang/String;)V 50 <appendix> member <vmtarget> ; # akka/actor/RootActorPath$$Lambda+0x00000000092c4eb0
instanceKlass scala/math/Ordering$$anon$4
instanceKlass  @bci akka/actor/Address$ <init> ()V 37 <appendix> argL0 ; # akka/actor/Address$$$Lambda+0x00000000092c4560
instanceKlass akka/actor/Address
instanceKlass  @bci java/util/regex/Pattern negate (Ljava/util/regex/Pattern$CharPredicate;)Ljava/util/regex/Pattern$CharPredicate; 1 <appendix> member <vmtarget> ; # java/util/regex/Pattern$$Lambda+0x80000002f
instanceKlass scala/util/matching/UnanchoredRegex
instanceKlass scala/util/matching/Regex
instanceKlass akka/actor/Address$
instanceKlass akka/actor/RootActorPath
instanceKlass akka/actor/ActorPath
instanceKlass akka/event/Logging$LogEvent
instanceKlass akka/actor/NoSerializationVerificationNeeded
instanceKlass akka/event/Logging$StdOutLogger
instanceKlass akka/actor/MinimalActorRef
instanceKlass akka/event/Logging$SerializedStandardOutLogger
instanceKlass akka/event/Logging$LogLevel
instanceKlass akka/event/DiagnosticLoggingAdapter
instanceKlass akka/event/Logging$
instanceKlass akka/event/EventStream$$anon$1
instanceKlass akka/util/Subclassification
instanceKlass scala/concurrent/Awaitable
instanceKlass akka/event/EventStream
instanceKlass akka/event/SubchannelClassification
instanceKlass akka/dispatch/MonitorableThreadFactory$$anon$2
instanceKlass akka/dispatch/MonitorableThreadFactory$
instanceKlass akka/actor/ActorSystemImpl$$anon$1
instanceKlass scala/concurrent/BlockContext
instanceKlass akka/dispatch/MonitorableThreadFactory
instanceKlass java/util/concurrent/ForkJoinPool$ForkJoinWorkerThreadFactory
instanceKlass scala/collection/convert/Wrappers$IteratorWrapper
instanceKlass scala/collection/convert/WrapAsScala$
instanceKlass scala/collection/convert/WrapAsScala
instanceKlass scala/collection/convert/LowPriorityWrapAsScala
instanceKlass scala/collection/convert/Wrappers$IterableWrapperTrait
instanceKlass  @bci scala/collection/convert/DecorateAsScala asScalaBufferConverter (Ljava/util/List;)Lscala/collection/convert/Decorators$AsScala; 6 <appendix> member <vmtarget> ; # scala/collection/convert/DecorateAsScala$$Lambda+0x00000000092ba5e8
instanceKlass akka/util/ccompat/package$JavaConverters$
instanceKlass java/time/Year
instanceKlass java/time/LocalDate
instanceKlass java/time/chrono/ChronoLocalDate
instanceKlass java/time/zone/ZoneOffsetTransition
instanceKlass java/time/LocalTime
instanceKlass java/time/LocalDateTime
instanceKlass java/time/chrono/ChronoLocalDateTime
instanceKlass java/time/zone/ZoneOffsetTransitionRule
instanceKlass java/time/zone/ZoneRules
instanceKlass java/time/zone/Ser
instanceKlass java/io/Externalizable
instanceKlass java/time/zone/ZoneRulesProvider
instanceKlass  @bci java/time/format/DateTimeFormatter <clinit> ()V 1075 <appendix> argL0 ; # java/time/format/DateTimeFormatter$$Lambda+0x80000001b
instanceKlass  @bci java/time/format/DateTimeFormatter <clinit> ()V 1067 <appendix> argL0 ; # java/time/format/DateTimeFormatter$$Lambda+0x80000001a
instanceKlass java/time/Period
instanceKlass java/time/chrono/ChronoPeriod
instanceKlass java/time/format/DateTimeFormatterBuilder$TextPrinterParser
instanceKlass java/time/format/DateTimeTextProvider$1
instanceKlass java/time/format/DateTimeTextProvider
instanceKlass java/time/format/DateTimeTextProvider$LocaleStore
instanceKlass java/time/format/DateTimeFormatterBuilder$InstantPrinterParser
instanceKlass java/time/format/DateTimeFormatterBuilder$StringLiteralPrinterParser
instanceKlass java/time/format/DateTimeFormatterBuilder$ZoneIdPrinterParser
instanceKlass java/time/format/DateTimeFormatterBuilder$OffsetIdPrinterParser
instanceKlass java/time/format/DecimalStyle
instanceKlass java/time/format/DateTimeFormatterBuilder$CompositePrinterParser
instanceKlass java/time/chrono/AbstractChronology
instanceKlass java/time/chrono/Chronology
instanceKlass java/time/format/DateTimeFormatterBuilder$CharLiteralPrinterParser
instanceKlass java/time/format/DateTimeFormatterBuilder$NumberPrinterParser
instanceKlass java/time/format/DateTimeFormatterBuilder$DateTimePrinterParser
instanceKlass java/time/temporal/JulianFields
instanceKlass java/time/temporal/IsoFields
instanceKlass java/time/Instant
instanceKlass java/time/temporal/Temporal
instanceKlass java/time/temporal/ValueRange
instanceKlass java/time/temporal/TemporalUnit
instanceKlass java/time/temporal/TemporalField
instanceKlass  @bci java/time/format/DateTimeFormatterBuilder <clinit> ()V 0 <appendix> argL0 ; # java/time/format/DateTimeFormatterBuilder$$Lambda+0x80000001c
instanceKlass java/time/temporal/TemporalQuery
instanceKlass java/time/format/DateTimeFormatterBuilder
instanceKlass java/time/format/DateTimeFormatter
instanceKlass akka/util/Helpers$
instanceKlass akka/util/Helpers$ConfigOps$
instanceKlass akka/util/Timeout
instanceKlass akka/actor/LocalActorRefProvider
instanceKlass akka/actor/ActorRefProvider
instanceKlass akka/actor/ProviderSelection$
instanceKlass  @bci akka/actor/ActorSystem$Settings <init> (Ljava/lang/ClassLoader;Lcom/typesafe/config/Config;Ljava/lang/String;Lakka/actor/setup/ActorSystemSetup;)V 92 <appendix> member <vmtarget> ; # akka/actor/ActorSystem$Settings$$Lambda+0x00000000092b83e0
instanceKlass  @bci akka/actor/ActorSystem$Settings <init> (Ljava/lang/ClassLoader;Lcom/typesafe/config/Config;Ljava/lang/String;Lakka/actor/setup/ActorSystemSetup;)V 83 <appendix> argL0 ; # akka/actor/ActorSystem$Settings$$Lambda+0x00000000092b8000
instanceKlass akka/actor/ProviderSelection
instanceKlass  @bci akka/actor/ActorSystem$Settings <init> (Ljava/lang/ClassLoader;Lcom/typesafe/config/Config;Ljava/lang/String;Lakka/actor/setup/ActorSystemSetup;)V 75 <appendix> argL0 ; # akka/actor/ActorSystem$Settings$$Lambda+0x00000000092b7740
instanceKlass java/util/ComparableTimSort
instanceKlass java/util/AbstractMap$SimpleImmutableEntry
instanceKlass akka/actor/ActorSystem$Settings
instanceKlass  @bci scala/collection/SeqLike contains (Ljava/lang/Object;)Z 2 <appendix> member <vmtarget> ; # scala/collection/SeqLike$$Lambda+0x00000000092b6c48
instanceKlass akka/event/DefaultLoggingFilter
instanceKlass akka/event/LoggingFilterWithMarker
instanceKlass akka/event/LoggingFilter
instanceKlass com/typesafe/config/impl/DefaultTransformer$2
instanceKlass com/typesafe/config/impl/SimpleConfigList$2
instanceKlass com/typesafe/config/impl/DefaultTransformer
instanceKlass akka/japi/Util$
instanceKlass com/typesafe/config/impl/ResolveSource$ResultWithPath
instanceKlass com/typesafe/config/impl/ResolveSource$ValueWithPath
instanceKlass java/util/IdentityHashMap$IdentityHashMapIterator
instanceKlass java/util/ArrayList$SubList$1
instanceKlass com/typesafe/config/impl/ResolveResult
instanceKlass com/typesafe/config/impl/SimpleConfigObject$ResolveModifier
instanceKlass com/typesafe/config/impl/ResolveSource$Node
instanceKlass com/typesafe/config/impl/MemoKey
instanceKlass com/typesafe/config/impl/BadMap$Entry
instanceKlass com/typesafe/config/impl/BadMap
instanceKlass com/typesafe/config/impl/ResolveMemos
instanceKlass com/typesafe/config/impl/ResolveSource
instanceKlass com/typesafe/config/impl/ResolveContext
instanceKlass com/typesafe/config/ConfigResolveOptions$1
instanceKlass com/typesafe/config/ConfigResolver
instanceKlass com/typesafe/config/ConfigResolveOptions
instanceKlass java/util/LinkedList$ListItr
instanceKlass java/util/LinkedList$DescendingIterator
instanceKlass com/typesafe/config/impl/SubstitutionExpression
instanceKlass java/util/Arrays$ArrayItr
instanceKlass com/typesafe/config/impl/SimpleIncluder$RelativeNameSource
instanceKlass com/typesafe/config/impl/ConfigParser$1
instanceKlass java/util/StringTokenizer
instanceKlass sun/net/www/MimeEntry
instanceKlass  @bci jdk/internal/module/SystemModuleFinders$SystemModuleReader open (Ljava/lang/String;)Ljava/util/Optional; 6 <appendix> member <vmtarget> ; # jdk/internal/module/SystemModuleFinders$SystemModuleReader$$Lambda+0x0000000009268de8
instanceKlass jdk/internal/module/SystemModuleFinders
instanceKlass jdk/internal/module/Checks
instanceKlass sun/net/www/MimeTable$DefaultInstanceHolder
instanceKlass sun/net/www/MimeTable
instanceKlass java/net/URLConnection$1
instanceKlass java/net/FileNameMap
instanceKlass com/typesafe/config/impl/Parseable$3
instanceKlass com/typesafe/config/impl/ConfigImpl$2
instanceKlass com/typesafe/config/impl/PropertiesParser$1
instanceKlass com/typesafe/config/impl/PropertiesParser
instanceKlass com/typesafe/config/impl/ConfigImpl$SystemPropertiesHolder
instanceKlass com/typesafe/config/impl/ConfigImpl$LoaderCache
instanceKlass com/typesafe/config/impl/ConfigImpl$LoaderCacheHolder
instanceKlass com/typesafe/config/impl/ConfigImpl$1
instanceKlass akka/actor/ActorSystem$Settings$
instanceKlass  @bci java/util/regex/Pattern union (Ljava/util/regex/Pattern$CharPredicate;Ljava/util/regex/Pattern$CharPredicate;Z)Ljava/util/regex/Pattern$CharPredicate; 6 <appendix> member <vmtarget> ; # java/util/regex/Pattern$$Lambda+0x800000030
instanceKlass akka/actor/DynamicAccess
instanceKlass akka/actor/LocalRef
instanceKlass akka/actor/ActorRefScope
instanceKlass akka/actor/CoordinatedShutdown$Reason
instanceKlass scala/concurrent/ExecutionContextExecutor
instanceKlass akka/dispatch/DispatcherPrerequisites
instanceKlass akka/event/LoggingAdapter
instanceKlass akka/event/LoggingBus
instanceKlass akka/event/ActorEventBus
instanceKlass akka/event/EventBus
instanceKlass akka/actor/ScalaActorRef
instanceKlass akka/actor/ActorRef
instanceKlass  @bci akka/actor/ActorSystem$ apply (Ljava/lang/String;Lakka/actor/setup/ActorSystemSetup;)Lakka/actor/ActorSystem; 60 <appendix> argL0 ; # akka/actor/ActorSystem$$$Lambda+0x00000000092ae630
instanceKlass  @bci akka/actor/ActorSystem$ apply (Ljava/lang/String;Lakka/actor/setup/ActorSystemSetup;)Lakka/actor/ActorSystem; 46 <appendix> member <vmtarget> ; # akka/actor/ActorSystem$$$Lambda+0x00000000092ae358
instanceKlass  @bci akka/actor/ActorSystem$ apply (Ljava/lang/String;Lakka/actor/setup/ActorSystemSetup;)Lakka/actor/ActorSystem; 36 <appendix> argL0 ; # akka/actor/ActorSystem$$$Lambda+0x00000000092adf78
instanceKlass  @bci akka/util/Reflect$ findClassLoader ()Ljava/lang/ClassLoader; 21 <appendix> argL0 ; # akka/util/Reflect$$$Lambda+0x00000000092adca8
instanceKlass  @bci akka/util/Reflect$ findClassLoader ()Ljava/lang/ClassLoader; 13 <appendix> member <vmtarget> ; # akka/util/Reflect$$$Lambda+0x00000000092ad9d0
instanceKlass scala/util/control/NonFatal$
instanceKlass akka/util/Reflect$
instanceKlass  @bci akka/actor/ActorSystem$ apply (Ljava/lang/String;Lakka/actor/setup/ActorSystemSetup;)Lakka/actor/ActorSystem; 22 <appendix> argL0 ; # akka/actor/ActorSystem$$$Lambda+0x00000000092ad2d8
instanceKlass  @bci akka/actor/ActorSystem$ apply (Ljava/lang/String;Lakka/actor/setup/ActorSystemSetup;)Lakka/actor/ActorSystem; 14 <appendix> argL0 ; # akka/actor/ActorSystem$$$Lambda+0x00000000092acef8
instanceKlass  @bci akka/actor/setup/ActorSystemSetup get (Lscala/reflect/ClassTag;)Lscala/Option; 26 <appendix> argL0 ; # akka/actor/setup/ActorSystemSetup$$Lambda+0x00000000092acb18
instanceKlass  @bci akka/actor/setup/ActorSystemSetup$ apply (Lscala/collection/Seq;)Lakka/actor/setup/ActorSystemSetup; 5 <appendix> argL0 ; # akka/actor/setup/ActorSystemSetup$$$Lambda+0x00000000092ac738
instanceKlass akka/actor/BootstrapSetup$
instanceKlass akka/actor/setup/Setup
instanceKlass akka/actor/setup/ActorSystemSetup
instanceKlass akka/actor/setup/ActorSystemSetup$
instanceKlass akka/Version$
instanceKlass akka/actor/ActorSystem$
instanceKlass com/typesafe/config/impl/ConfigParser$ParseContext
instanceKlass com/typesafe/config/impl/ConfigParser
instanceKlass com/typesafe/config/impl/Path
instanceKlass com/typesafe/config/impl/PathBuilder
instanceKlass com/typesafe/config/impl/PathParser$Element
instanceKlass com/typesafe/config/impl/PathParser
instanceKlass com/typesafe/config/impl/ConfigImplUtil
instanceKlass com/typesafe/config/impl/AbstractConfigNode
instanceKlass com/typesafe/config/impl/ConfigDocumentParser$ParseContext
instanceKlass com/typesafe/config/impl/ConfigDocumentParser
instanceKlass com/typesafe/config/impl/Tokenizer$TokenIterator$WhitespaceSaver
instanceKlass java/util/LinkedList$Node
instanceKlass com/typesafe/config/impl/Token
instanceKlass com/typesafe/config/impl/Tokens
instanceKlass com/typesafe/config/impl/Tokenizer$TokenIterator
instanceKlass com/typesafe/config/impl/Tokenizer
instanceKlass com/typesafe/config/impl/ConfigImpl$DebugHolder
instanceKlass com/typesafe/config/impl/SimpleIncludeContext
instanceKlass com/typesafe/config/impl/SimpleIncluder
instanceKlass com/typesafe/config/impl/FullIncluder
instanceKlass com/typesafe/config/ConfigIncluderURL
instanceKlass com/typesafe/config/ConfigIncluderFile
instanceKlass com/typesafe/config/ConfigIncluderClasspath
instanceKlass com/typesafe/config/impl/ConfigImpl$DefaultIncluderHolder
instanceKlass com/typesafe/config/impl/SimpleConfig
instanceKlass com/typesafe/config/impl/AbstractConfigValue$NoExceptionsModifier
instanceKlass com/typesafe/config/impl/AbstractConfigValue$Modifier
instanceKlass com/typesafe/config/impl/Unmergeable
instanceKlass com/typesafe/config/impl/ReplaceableMergeStack
instanceKlass com/typesafe/config/impl/SimpleConfigOrigin
instanceKlass com/typesafe/config/ConfigList
instanceKlass com/typesafe/config/Config
instanceKlass com/typesafe/config/impl/SimpleIncluder$NameSource
instanceKlass com/typesafe/config/impl/ConfigImpl
instanceKlass com/typesafe/config/ConfigIncluder
instanceKlass com/typesafe/config/ConfigIncludeContext
instanceKlass com/typesafe/config/impl/Parseable$Relativizer
instanceKlass com/typesafe/config/ConfigOrigin
instanceKlass com/typesafe/config/impl/Container
instanceKlass com/typesafe/config/impl/AbstractConfigValue
instanceKlass com/typesafe/config/impl/MergeableValue
instanceKlass com/typesafe/config/ConfigObject
instanceKlass com/typesafe/config/ConfigValue
instanceKlass com/typesafe/config/impl/Parseable
instanceKlass com/typesafe/config/ConfigParseable
instanceKlass com/typesafe/config/ConfigParseOptions
instanceKlass com/typesafe/config/ConfigLoadingStrategy
instanceKlass com/typesafe/config/ConfigMergeable
instanceKlass com/typesafe/config/ConfigFactory
instanceKlass  @bci com/firebase/core/namespace/rules/tree/RuleNodeParser$ parse (Ljava/lang/String;Z)Lcom/firebase/util/result/package$Result; 12 <appendix> form vmentry <vmtarget> ; # java/lang/invoke/LambdaForm$DMH+0x0000000009298800
instanceKlass  @bci scala/collection/immutable/StringLike stripMargin (C)Ljava/lang/String; 16 <appendix> member <vmtarget> ; # scala/collection/immutable/StringLike$$Lambda+0x0000000009296f00
instanceKlass  @cpi scala/collection/immutable/StringLike 181 form vmentry <vmtarget> ; # java/lang/invoke/LambdaForm$DMH+0x0000000009298400
instanceKlass com/firebase/core/namespace/FirebaseActorSystem$
instanceKlass com/firebase/core/security/StaticStsClient
instanceKlass com/firebase/core/security/package$GCloudRole
instanceKlass com/firebase/server/forge/App$ForgeCloudResourceManagerClient$
instanceKlass com/firebase/util/logging/OccasionalStacktraceLogger
instanceKlass  @bci com/firebase/server/rest/NettyProxyConfig <init> (Lcom/firebase/server/client/Resolver;Lcom/firebase/core/util/HostInfo;Lcom/firebase/core/namespace/annealing/AnnealingSystem;)V 55 <appendix> member <vmtarget> ; # com/firebase/server/rest/NettyProxyConfig$$Lambda+0x0000000009294d28
instanceKlass  @cpi com/firebase/core/stats/NamespaceStats 1576 form vmentry <vmtarget> ; # java/lang/invoke/LambdaForm$DMH+0x0000000009298000
instanceKlass  @bci com/firebase/core/stats/GlobalStats$ <init> ()V 4411 <appendix> argL0 ; # com/firebase/core/stats/GlobalStats$$$Lambda+0x0000000009294a38
instanceKlass com/google/common/cache/LocalCache$AbstractReferenceEntry
instanceKlass com/google/common/cache/RemovalListener
instanceKlass com/google/common/cache/Weigher
instanceKlass com/google/common/base/Equivalence
instanceKlass java/util/function/BiPredicate
instanceKlass com/google/common/base/MoreObjects
instanceKlass com/google/common/cache/LocalCache$StrongValueReference
instanceKlass com/google/common/cache/LocalCache$1
instanceKlass com/google/common/cache/ReferenceEntry
instanceKlass com/google/common/cache/LocalCache$ValueReference
instanceKlass com/google/common/cache/LocalCache$LocalManualCache
instanceKlass com/google/common/cache/CacheLoader
instanceKlass  @bci com/firebase/core/stats/GlobalStats$ <init> ()V 4390 <appendix> argL0 ; # com/firebase/core/stats/GlobalStats$$$Lambda+0x000000000928b630
instanceKlass java/time/Duration
instanceKlass java/time/temporal/TemporalAmount
instanceKlass java/util/logging/Logger$SystemLoggerHelper
instanceKlass jdk/internal/logger/BootstrapLogger$BootstrapExecutors
instanceKlass jdk/internal/logger/BootstrapLogger$RedirectedLoggers
instanceKlass jdk/internal/foreign/MemorySessionImpl
instanceKlass java/lang/foreign/MemorySegment$Scope
instanceKlass jdk/internal/logger/BootstrapLogger$DetectBackend
instanceKlass jdk/internal/logger/BootstrapLogger
instanceKlass sun/util/logging/PlatformLogger$ConfigurableBridge
instanceKlass sun/util/logging/PlatformLogger$Bridge
instanceKlass java/lang/System$Logger
instanceKlass  @bci java/util/stream/MatchOps makeRef (Ljava/util/function/Predicate;Ljava/util/stream/MatchOps$MatchKind;)Ljava/util/stream/TerminalOp; 20 <appendix> member <vmtarget> ; # java/util/stream/MatchOps$$Lambda+0x800000004
instanceKlass java/util/stream/MatchOps$BooleanTerminalSink
instanceKlass java/util/stream/MatchOps$MatchOp
instanceKlass java/util/stream/MatchOps
instanceKlass java/util/stream/Streams
instanceKlass java/util/stream/Stream$Builder
instanceKlass java/util/stream/Streams$AbstractStreamBuilderImpl
instanceKlass java/util/stream/ReferencePipeline$7$1FlatMap
instanceKlass java/util/stream/FindOps$FindOp
instanceKlass  @bci java/util/stream/FindOps$FindSink$OfRef <clinit> ()V 6 <appendix> argL0 ; # java/util/stream/FindOps$FindSink$OfRef$$Lambda+0x800000048
instanceKlass  @bci java/util/stream/FindOps$FindSink$OfRef <clinit> ()V 0 <appendix> argL0 ; # java/util/stream/FindOps$FindSink$OfRef$$Lambda+0x800000049
instanceKlass java/util/stream/FindOps$FindSink
instanceKlass java/util/stream/FindOps
instanceKlass  @bci java/util/logging/Level$KnownLevel findByName (Ljava/lang/String;Ljava/util/function/Function;)Ljava/util/Optional; 29 <appendix> argL0 ; # java/util/logging/Level$KnownLevel$$Lambda+0x800000022
instanceKlass java/util/ArrayList$ArrayListSpliterator
instanceKlass  @bci java/util/logging/Level findLevel (Ljava/lang/String;)Ljava/util/logging/Level; 13 <appendix> argL0 ; # java/util/logging/Level$$Lambda+0x80000001f
instanceKlass java/util/Hashtable$Enumerator
instanceKlass java/util/Collections$3
instanceKlass java/util/logging/LogManager$VisitedLoggers
instanceKlass  @bci java/util/logging/LogManager$LoggerContext addLocalLogger (Ljava/util/logging/Logger;Z)Z 95 <appendix> form vmentry <vmtarget> ; # java/lang/invoke/LambdaForm$MH+0x000000000928c000
instanceKlass java/lang/invoke/StringConcatFactory
instanceKlass java/nio/file/Paths
instanceKlass java/lang/System$LoggerFinder
instanceKlass java/util/logging/LogManager$LoggingProviderAccess
instanceKlass sun/util/logging/internal/LoggingProviderImpl$LogManagerAccess
instanceKlass java/lang/Shutdown$Lock
instanceKlass java/lang/Shutdown
instanceKlass java/lang/ApplicationShutdownHooks$1
instanceKlass java/lang/ApplicationShutdownHooks
instanceKlass java/util/logging/LogManager$LogNode
instanceKlass java/util/logging/LogManager$LoggerContext
instanceKlass java/util/logging/Logger$ConfigurationData
instanceKlass java/util/logging/Logger$LoggerBundle
instanceKlass  @bci java/util/logging/Level$KnownLevel add (Ljava/util/logging/Level;)V 49 <appendix> argL0 ; # java/util/logging/Level$KnownLevel$$Lambda+0x800000021
instanceKlass  @bci java/util/logging/Level$KnownLevel add (Ljava/util/logging/Level;)V 19 <appendix> argL0 ; # java/util/logging/Level$KnownLevel$$Lambda+0x800000020
instanceKlass java/util/logging/Level
instanceKlass java/util/logging/Handler
instanceKlass java/util/logging/Logger
instanceKlass com/google/common/cache/CacheBuilder$2
instanceKlass com/google/common/base/Preconditions
instanceKlass com/google/common/cache/CacheStats
instanceKlass com/google/common/base/Suppliers$SupplierOfInstance
instanceKlass com/google/common/base/Suppliers
instanceKlass com/google/common/cache/CacheBuilder$1
instanceKlass com/google/common/cache/AbstractCache$StatsCounter
instanceKlass com/google/common/cache/LoadingCache
instanceKlass com/google/common/cache/Cache
instanceKlass com/google/common/base/Function
instanceKlass com/google/common/base/Ticker
instanceKlass com/google/common/base/Supplier
instanceKlass com/google/common/cache/CacheBuilder
instanceKlass  @bci com/firebase/core/stats/GlobalStats$ <init> ()V 4359 <appendix> argL0 ; # com/firebase/core/stats/GlobalStats$$$Lambda+0x0000000009288eb0
instanceKlass  @bci com/firebase/core/stats/GlobalStats$ <init> ()V 4342 <appendix> argL0 ; # com/firebase/core/stats/GlobalStats$$$Lambda+0x0000000009288bc0
instanceKlass  @bci com/firebase/core/stats/GlobalStats$ <init> ()V 4325 <appendix> argL0 ; # com/firebase/core/stats/GlobalStats$$$Lambda+0x00000000092888d0
instanceKlass  @bci com/firebase/core/stats/GlobalStats$ <init> ()V 4308 <appendix> argL0 ; # com/firebase/core/stats/GlobalStats$$$Lambda+0x00000000092885e0
instanceKlass  @bci com/firebase/core/stats/GlobalStats$ <init> ()V 4291 <appendix> argL0 ; # com/firebase/core/stats/GlobalStats$$$Lambda+0x00000000092882f0
instanceKlass  @bci com/firebase/core/stats/GlobalStats$ <init> ()V 4274 <appendix> argL0 ; # com/firebase/core/stats/GlobalStats$$$Lambda+0x0000000009288000
instanceKlass  @bci com/firebase/core/stats/GlobalStats$ <init> ()V 4257 <appendix> argL0 ; # com/firebase/core/stats/GlobalStats$$$Lambda+0x0000000009285cd0
instanceKlass  @bci com/firebase/core/stats/GlobalStats$ <init> ()V 4240 <appendix> argL0 ; # com/firebase/core/stats/GlobalStats$$$Lambda+0x00000000092859e0
instanceKlass  @bci com/firebase/core/stats/GlobalStats$ <init> ()V 4223 <appendix> argL0 ; # com/firebase/core/stats/GlobalStats$$$Lambda+0x00000000092856f0
instanceKlass  @bci com/firebase/core/stats/GlobalStats$ <init> ()V 4206 <appendix> argL0 ; # com/firebase/core/stats/GlobalStats$$$Lambda+0x0000000009285400
instanceKlass  @bci com/firebase/core/stats/GlobalStats$ <init> ()V 4189 <appendix> argL0 ; # com/firebase/core/stats/GlobalStats$$$Lambda+0x0000000009285000
instanceKlass  @bci com/firebase/core/stats/GlobalStats$ <init> ()V 4178 <appendix> argL0 ; # com/firebase/core/stats/GlobalStats$$$Lambda+0x0000000009287ae8
instanceKlass  @bci com/firebase/util/collections/map/FbBigArrayMap$Stats$ <init> ()V 9 <appendix> argL0 ; # com/firebase/util/collections/map/FbBigArrayMap$Stats$$$Lambda+0x00000000092876e8
instanceKlass  @cpi com/firebase/util/collections/map/FbBigArrayMap$Stats$ 25 form vmentry <vmtarget> ; # java/lang/invoke/LambdaForm$DMH+0x0000000009284c00
# instanceKlass java/lang/invoke/LambdaForm$DMH+0x0000000009284800
instanceKlass com/firebase/util/collections/map/FbBigArrayMap$Stats$
instanceKlass  @bci com/firebase/core/stats/GlobalStats$ <init> ()V 3621 <appendix> argL0 ; # com/firebase/core/stats/GlobalStats$$$Lambda+0x00000000092871a0
instanceKlass  @bci com/firebase/core/stats/GlobalStats$ <init> ()V 3593 <appendix> argL0 ; # com/firebase/core/stats/GlobalStats$$$Lambda+0x0000000009286eb0
instanceKlass  @bci com/firebase/core/stats/GlobalStats$ <init> ()V 3565 <appendix> argL0 ; # com/firebase/core/stats/GlobalStats$$$Lambda+0x0000000009286bc0
instanceKlass  @bci com/firebase/core/stats/GlobalStats$ <init> ()V 3537 <appendix> argL0 ; # com/firebase/core/stats/GlobalStats$$$Lambda+0x00000000092868d0
instanceKlass  @bci com/firebase/core/stats/GlobalStats$ <init> ()V 3509 <appendix> argL0 ; # com/firebase/core/stats/GlobalStats$$$Lambda+0x00000000092865e0
instanceKlass  @bci com/firebase/core/stats/GlobalStats$ <init> ()V 207 <appendix> argL0 ; # com/firebase/core/stats/GlobalStats$$$Lambda+0x00000000092862f0
instanceKlass  @bci com/firebase/core/stats/GlobalStats$ <init> ()V 181 <appendix> argL0 ; # com/firebase/core/stats/GlobalStats$$$Lambda+0x0000000009286000
instanceKlass scala/util/hashing/MurmurHash3$ArrayHashing
instanceKlass scala/util/hashing/Hashing
instanceKlass scala/util/hashing/MurmurHash3
instanceKlass com/firebase/util/stats/Stat
instanceKlass  @bci com/firebase/core/stats/GlobalStats$ <init> ()V 153 <appendix> argL0 ; # com/firebase/core/stats/GlobalStats$$$Lambda+0x0000000009281878
instanceKlass  @cpi com/firebase/server/router/ServerChannelInitializer$ 107 form vmentry <vmtarget> ; # java/lang/invoke/LambdaForm$DMH+0x0000000009284400
# instanceKlass java/lang/invoke/LambdaForm$DMH+0x0000000009284000
instanceKlass scala/runtime/java8/JFunction0$mcD$sp
instanceKlass com/firebase/util/stats/LabelType
instanceKlass com/firebase/util/stats/NoLabel$
instanceKlass com/firebase/util/collections/ConcurrentHashSet
instanceKlass com/firebase/util/collections/ConcurrentHashSet$
instanceKlass com/firebase/util/stats/Metric
instanceKlass com/firebase/util/stats/StatsCollection
instanceKlass com/firebase/util/stats/StatsProvider
instanceKlass java/util/concurrent/ConcurrentLinkedQueue$Node
instanceKlass com/firebase/core/logs/OperationLog
instanceKlass com/firebase/util/encoding/json/AllowComments$
instanceKlass sun/reflect/generics/reflectiveObjects/ParameterizedTypeImpl
instanceKlass java/lang/reflect/ParameterizedType
instanceKlass sun/reflect/generics/reflectiveObjects/LazyReflectiveObjectGenerator
instanceKlass com/firebase/util/encoding/json/JSONEncoder$Renderable
instanceKlass java/lang/reflect/GenericArrayType
instanceKlass sun/reflect/generics/tree/MethodTypeSignature
instanceKlass java/lang/Class$EnclosingMethodInfo
instanceKlass sun/reflect/generics/visitor/Reifier
instanceKlass sun/reflect/generics/visitor/TypeTreeVisitor
instanceKlass sun/reflect/generics/tree/TypeVariableSignature
instanceKlass sun/reflect/generics/tree/ClassSignature
instanceKlass sun/reflect/generics/tree/Signature
instanceKlass sun/reflect/generics/tree/ClassTypeSignature
instanceKlass sun/reflect/generics/tree/SimpleClassTypeSignature
instanceKlass sun/reflect/generics/tree/FieldTypeSignature
instanceKlass sun/reflect/generics/tree/BaseType
instanceKlass sun/reflect/generics/tree/TypeSignature
instanceKlass sun/reflect/generics/tree/ReturnType
instanceKlass sun/reflect/generics/tree/TypeArgument
instanceKlass sun/reflect/generics/tree/FormalTypeParameter
instanceKlass sun/reflect/generics/tree/TypeTree
instanceKlass sun/reflect/generics/tree/Tree
instanceKlass sun/reflect/generics/parser/SignatureParser
instanceKlass java/lang/reflect/TypeVariable
instanceKlass sun/reflect/generics/repository/AbstractRepository
instanceKlass sun/reflect/generics/factory/CoreReflectionFactory
instanceKlass sun/reflect/generics/factory/GenericsFactory
instanceKlass sun/reflect/generics/scope/AbstractScope
instanceKlass sun/reflect/generics/scope/Scope
instanceKlass com/fasterxml/jackson/core/type/TypeReference
instanceKlass com/fasterxml/jackson/databind/ObjectWriter$Prefetch
instanceKlass com/fasterxml/jackson/databind/ObjectWriter$GeneratorSettings
instanceKlass com/fasterxml/jackson/core/util/MinimalPrettyPrinter
instanceKlass com/fasterxml/jackson/databind/ObjectWriter
instanceKlass com/firebase/util/encoding/snapshot/SnapshotWriter$SnapshotObjectMapper
instanceKlass com/firebase/util/encoding/snapshot/CollapseArrays$
instanceKlass scala/collection/immutable/Set$SetBuilderImpl
instanceKlass com/firebase/util/encoding/snapshot/RenderPriority$
instanceKlass com/firebase/util/encoding/snapshot/SnapshotFeature
instanceKlass scala/util/DynamicVariable
instanceKlass com/firebase/util/encoding/snapshot/SnapshotWriter$
instanceKlass com/firebase/util/encoding/json/PrettyPrint$
instanceKlass  @bci com/firebase/util/encoding/json/JSON$ encoderPrimitivesForFeatures (Lscala/collection/immutable/Set;Lscala/collection/immutable/Set;Lscala/collection/immutable/Set;Lscala/Option;)Lscala/Tuple2; 52 <appendix> member <vmtarget> ; # com/firebase/util/encoding/json/JSON$$$Lambda+0x00000000092578d0
instanceKlass com/firebase/util/encoding/json/JSONFeature
instanceKlass  @bci com/firebase/util/encoding/json/JSON$ encoderPrimitivesForFeatures (Lscala/collection/immutable/Set;Lscala/collection/immutable/Set;Lscala/collection/immutable/Set;Lscala/Option;)Lscala/Tuple2; 39 <appendix> member <vmtarget> ; # com/firebase/util/encoding/json/JSON$$$Lambda+0x00000000092572e0
instanceKlass com/fasterxml/jackson/databind/type/ClassKey
instanceKlass com/fasterxml/jackson/databind/module/SimpleKeyDeserializers
instanceKlass com/firebase/util/data/RenderableSnapshot
instanceKlass com/firebase/util/data/SparseSnapshotTree
instanceKlass com/firebase/util/data/SnapshotNullNode$
instanceKlass com/firebase/util/data/SnapshotStringNode
instanceKlass com/firebase/util/data/PriorityLeaf
instanceKlass com/firebase/util/data/SnapshotLeafNode
instanceKlass com/firebase/util/data/SnapshotChildrenNode
instanceKlass com/firebase/util/data/DataSnapshotNode
instanceKlass com/firebase/util/memory/MemorySize
instanceKlass com/firebase/util/data/SnapAndDepth
instanceKlass  @bci com/firebase/util/encoding/snapshot/SnapshotModule$ <init> ()V 61 <appendix> argL0 ; # com/firebase/util/encoding/snapshot/SnapshotModule$$$Lambda+0x0000000009251360
instanceKlass  @bci com/firebase/util/encoding/snapshot/RenderableSnapshotDeserializerModule $init$ (Lcom/firebase/util/encoding/snapshot/RenderableSnapshotDeserializerModule;)V 1 <appendix> argL0 ; # com/firebase/util/encoding/snapshot/RenderableSnapshotDeserializerModule$$Lambda+0x0000000009250f80
instanceKlass  @bci com/firebase/util/encoding/snapshot/RenderableSnapshotSerializerModule $init$ (Lcom/firebase/util/encoding/snapshot/RenderableSnapshotSerializerModule;)V 1 <appendix> argL0 ; # com/firebase/util/encoding/snapshot/RenderableSnapshotSerializerModule$$Lambda+0x0000000009250ba0
instanceKlass  @bci com/firebase/util/encoding/snapshot/SparseSnapshotDeserializerModule $init$ (Lcom/firebase/util/encoding/snapshot/SparseSnapshotDeserializerModule;)V 1 <appendix> argL0 ; # com/firebase/util/encoding/snapshot/SparseSnapshotDeserializerModule$$Lambda+0x00000000092507c0
instanceKlass  @bci com/firebase/util/encoding/snapshot/SparseSnapshotSerializerModule $init$ (Lcom/firebase/util/encoding/snapshot/SparseSnapshotSerializerModule;)V 1 <appendix> argL0 ; # com/firebase/util/encoding/snapshot/SparseSnapshotSerializerModule$$Lambda+0x00000000092503e0
instanceKlass  @bci com/firebase/util/encoding/snapshot/SnapshotNullNodeSerializerModule $init$ (Lcom/firebase/util/encoding/snapshot/SnapshotNullNodeSerializerModule;)V 1 <appendix> argL0 ; # com/firebase/util/encoding/snapshot/SnapshotNullNodeSerializerModule$$Lambda+0x0000000009250000
instanceKlass  @bci com/firebase/util/encoding/snapshot/SnapshotLeafNodeSerializerModule $init$ (Lcom/firebase/util/encoding/snapshot/SnapshotLeafNodeSerializerModule;)V 1 <appendix> argL0 ; # com/firebase/util/encoding/snapshot/SnapshotLeafNodeSerializerModule$$Lambda+0x0000000009211ba0
instanceKlass  @bci com/firebase/util/encoding/snapshot/SnapshotChildrenNodeDeserializerModule $init$ (Lcom/firebase/util/encoding/snapshot/SnapshotChildrenNodeDeserializerModule;)V 1 <appendix> argL0 ; # com/firebase/util/encoding/snapshot/SnapshotChildrenNodeDeserializerModule$$Lambda+0x00000000092117c0
instanceKlass  @bci com/firebase/util/encoding/snapshot/SnapshotChildrenNodeSerializerModule $init$ (Lcom/firebase/util/encoding/snapshot/SnapshotChildrenNodeSerializerModule;)V 1 <appendix> argL0 ; # com/firebase/util/encoding/snapshot/SnapshotChildrenNodeSerializerModule$$Lambda+0x00000000092113e0
instanceKlass  @bci com/firebase/util/encoding/snapshot/SnapAndDepthSerializerModule $init$ (Lcom/firebase/util/encoding/snapshot/SnapAndDepthSerializerModule;)V 1 <appendix> argL0 ; # com/firebase/util/encoding/snapshot/SnapAndDepthSerializerModule$$Lambda+0x0000000009211000
instanceKlass java/util/Collections$SynchronizedMap
instanceKlass com/fasterxml/jackson/module/paranamer/shaded/BytecodeReadingParanamer
instanceKlass com/fasterxml/jackson/module/paranamer/shaded/CachingParanamer
instanceKlass com/fasterxml/jackson/module/paranamer/shaded/Paranamer
instanceKlass com/fasterxml/jackson/module/paranamer/SerializableParanamer
instanceKlass scala/collection/mutable/SortedSet
instanceKlass scala/collection/immutable/TreeSet
instanceKlass scala/collection/immutable/SortedSet
instanceKlass scala/collection/generic/SortedSetFactory
instanceKlass scala/collection/SortedSet
instanceKlass scala/collection/SortedSetLike
instanceKlass scala/collection/mutable/FlatHashTable
instanceKlass scala/collection/mutable/FlatHashTable$HashUtils
instanceKlass scala/collection/mutable/SortedMap
instanceKlass scala/collection/immutable/TreeMap
instanceKlass scala/collection/immutable/SortedMap
instanceKlass scala/collection/generic/SortedMapFactory
instanceKlass scala/collection/SortedMap
instanceKlass scala/collection/SortedMapLike
instanceKlass scala/collection/generic/Sorted
instanceKlass scala/collection/TraversableOnce$folder$1$
instanceKlass  @bci scala/collection/TraversableOnce sum (Lscala/math/Numeric;)Ljava/lang/Object; 8 <appendix> member <vmtarget> ; # scala/collection/TraversableOnce$$Lambda+0x00000000092157e0
instanceKlass scala/math/Numeric$Ops
instanceKlass scala/math/Numeric$IntIsIntegral$
instanceKlass scala/math/Numeric$IntIsIntegral
instanceKlass scala/math/Integral
instanceKlass scala/collection/immutable/VectorBuilder
instanceKlass  @bci com/fasterxml/jackson/module/scala/util/TopologicalSorter dotProduct ([I[I)I 34 <appendix> member <vmtarget> ; # com/fasterxml/jackson/module/scala/util/TopologicalSorter$$Lambda+0x0000000009214000
instanceKlass scala/runtime/java8/JFunction1$mcII$sp
instanceKlass scala/collection/mutable/ArrayOps$ofInt$
instanceKlass scala/collection/mutable/ArrayOps$ofInt
instanceKlass  @bci com/firebase/util/collections/map/FbMapBuilder mapResult (Lscala/Function2;)Lcom/firebase/util/collections/map/FbMap; 127 <appendix> form vmentry <vmtarget> ; # java/lang/invoke/LambdaForm$DMH+0x0000000009210c00
instanceKlass  @bci com/fasterxml/jackson/module/scala/util/TopologicalSorter toList ()Lscala/collection/immutable/List; 160 <appendix> member <vmtarget> ; # com/fasterxml/jackson/module/scala/util/TopologicalSorter$$Lambda+0x000000000920dbf8
instanceKlass  @cpi com/fasterxml/jackson/module/scala/util/TopologicalSorter 91 form vmentry <vmtarget> ; # java/lang/invoke/LambdaForm$DMH+0x0000000009210800
instanceKlass  @bci com/fasterxml/jackson/module/scala/util/TopologicalSorter $anonfun$toList$2 ([Lscala/Tuple2;[[II)V 23 <appendix> member <vmtarget> ; # com/fasterxml/jackson/module/scala/util/TopologicalSorter$$Lambda+0x000000000920d7f0
instanceKlass  @cpi com/fasterxml/jackson/module/scala/util/TopologicalSorter 90 form vmentry <vmtarget> ; # java/lang/invoke/LambdaForm$DMH+0x0000000009210400
instanceKlass  @bci com/fasterxml/jackson/module/scala/util/TopologicalSorter toList ()Lscala/collection/immutable/List; 112 <appendix> member <vmtarget> ; # com/fasterxml/jackson/module/scala/util/TopologicalSorter$$Lambda+0x000000000920d3e8
instanceKlass  @cpi akka/actor/Deployer 199 form vmentry <vmtarget> ; # java/lang/invoke/LambdaForm$DMH+0x0000000009210000
instanceKlass scala/runtime/java8/JFunction1$mcVI$sp
instanceKlass  @bci com/fasterxml/jackson/module/scala/util/TopologicalSorter toList ()Lscala/collection/immutable/List; 44 <appendix> argL0 ; # com/fasterxml/jackson/module/scala/util/TopologicalSorter$$Lambda+0x0000000009205cd8
instanceKlass scala/collection/mutable/LinearSeq
instanceKlass com/fasterxml/jackson/module/scala/util/TopologicalSorter
instanceKlass com/fasterxml/jackson/databind/deser/ContextualKeyDeserializer
instanceKlass com/fasterxml/jackson/module/scala/deser/EnumerationKeyDeserializers$
instanceKlass com/fasterxml/jackson/module/scala/deser/ContextualEnumerationDeserializer
instanceKlass com/fasterxml/jackson/databind/util/ArrayBuilders
instanceKlass  @bci com/fasterxml/jackson/module/scala/JacksonModule setupModule (Lcom/fasterxml/jackson/databind/Module$SetupContext;)V 212 <appendix> member <vmtarget> ; # com/fasterxml/jackson/module/scala/JacksonModule$$Lambda+0x00000000091edee8
instanceKlass com/fasterxml/jackson/module/scala/VersionExtractor$
instanceKlass com/fasterxml/jackson/databind/cfg/PackageVersion
instanceKlass java/util/Formatter$Flags
instanceKlass java/util/Formattable
instanceKlass java/util/Formatter$FormatSpecifier
instanceKlass java/util/Formatter$Conversion
instanceKlass java/util/Formatter$FormatString
instanceKlass java/util/Formatter
instanceKlass scala/Array$$anon$11
instanceKlass scala/Array$$anon$10
instanceKlass scala/Array$$anon$9
instanceKlass scala/Array$$anon$8
instanceKlass scala/Array$$anon$7
instanceKlass scala/Array$$anon$6
instanceKlass scala/Array$$anon$5
instanceKlass scala/Array$$anon$4
instanceKlass scala/Array$$anon$3
instanceKlass scala/Array$$anon$2
instanceKlass scala/FallbackArrayBuilding
instanceKlass scala/runtime/RichInt$
instanceKlass scala/runtime/ScalaRunTime$
instanceKlass  @bci scala/collection/TraversableLike map (Lscala/Function1;Lscala/collection/generic/CanBuildFrom;)Ljava/lang/Object; 9 <appendix> member <vmtarget> ; # scala/collection/TraversableLike$$Lambda+0x00000000091eb878
instanceKlass scala/collection/mutable/ResizableArray
instanceKlass  @bci scala/collection/immutable/StringLike format (Lscala/collection/Seq;)Ljava/lang/String; 8 <appendix> member <vmtarget> ; # scala/collection/immutable/StringLike$$Lambda+0x00000000091e6558
instanceKlass scala/collection/mutable/WrappedArray$$anon$10
instanceKlass scala/collection/mutable/WrappedArray$$anon$9
instanceKlass scala/collection/mutable/WrappedArray$$anon$8
instanceKlass scala/collection/mutable/WrappedArray$$anon$7
instanceKlass scala/collection/mutable/WrappedArray$$anon$6
instanceKlass scala/collection/mutable/WrappedArray$$anon$5
instanceKlass scala/collection/mutable/WrappedArray$$anon$4
instanceKlass scala/collection/mutable/WrappedArray$$anon$3
instanceKlass scala/collection/mutable/WrappedArray$$anon$2
instanceKlass scala/collection/mutable/WrappedArray$$anon$1
instanceKlass scala/collection/mutable/WrappedArray$
instanceKlass com/fasterxml/jackson/databind/ObjectMapper$1
instanceKlass com/fasterxml/jackson/core/Version
instanceKlass com/fasterxml/jackson/core/util/VersionUtil
instanceKlass  @bci scala/collection/convert/DecorateAsScala propertiesAsScalaMapConverter (Ljava/util/Properties;)Lscala/collection/convert/Decorators$AsScala; 6 <appendix> member <vmtarget> ; # scala/collection/convert/DecorateAsScala$$Lambda+0x00000000091e1728
instanceKlass scala/collection/convert/Decorators$AsScala
instanceKlass scala/collection/mutable/Set
instanceKlass scala/collection/mutable/SetLike
instanceKlass scala/collection/JavaConverters$
instanceKlass scala/collection/convert/DecorateAsScala
instanceKlass scala/collection/convert/AsScalaConverters
instanceKlass scala/collection/convert/DecorateAsJava
instanceKlass scala/collection/convert/AsJavaConverters
instanceKlass sun/net/www/MessageHeader
instanceKlass sun/net/www/protocol/jar/JarFileFactory
instanceKlass sun/net/www/protocol/jar/URLJarFile$URLJarFileCloseController
instanceKlass java/net/URLConnection
instanceKlass com/fasterxml/jackson/module/scala/JacksonModule$
instanceKlass  @bci com/fasterxml/jackson/module/scala/ser/EitherSerializerModule $init$ (Lcom/fasterxml/jackson/module/scala/ser/EitherSerializerModule;)V 1 <appendix> argL0 ; # com/fasterxml/jackson/module/scala/ser/EitherSerializerModule$$Lambda+0x00000000091dfac8
instanceKlass  @bci com/fasterxml/jackson/module/scala/deser/UntypedObjectDeserializerModule $init$ (Lcom/fasterxml/jackson/module/scala/deser/UntypedObjectDeserializerModule;)V 1 <appendix> argL0 ; # com/fasterxml/jackson/module/scala/deser/UntypedObjectDeserializerModule$$Lambda+0x00000000091df040
instanceKlass  @bci com/fasterxml/jackson/module/scala/introspect/ScalaAnnotationIntrospectorModule $init$ (Lcom/fasterxml/jackson/module/scala/introspect/ScalaAnnotationIntrospectorModule;)V 13 <appendix> argL0 ; # com/fasterxml/jackson/module/scala/introspect/ScalaAnnotationIntrospectorModule$$Lambda+0x00000000091dec60
instanceKlass  @bci com/fasterxml/jackson/module/scala/introspect/ScalaAnnotationIntrospectorModule $init$ (Lcom/fasterxml/jackson/module/scala/introspect/ScalaAnnotationIntrospectorModule;)V 1 <appendix> argL0 ; # com/fasterxml/jackson/module/scala/introspect/ScalaAnnotationIntrospectorModule$$Lambda+0x00000000091de880
instanceKlass java/lang/ClassValue$RemovalToken
instanceKlass scala/reflect/ClassTag$GenericClassTag
instanceKlass java/lang/ClassValue$Identity
instanceKlass java/lang/ClassValue$Entry
instanceKlass java/lang/ClassValue
instanceKlass scala/reflect/ClassTag$
instanceKlass  @bci com/fasterxml/jackson/module/scala/deser/SortedSetDeserializerModule $init$ (Lcom/fasterxml/jackson/module/scala/deser/SortedSetDeserializerModule;)V 1 <appendix> argL0 ; # com/fasterxml/jackson/module/scala/deser/SortedSetDeserializerModule$$Lambda+0x00000000091dc3e8
instanceKlass  @bci com/fasterxml/jackson/module/scala/deser/UnsortedSetDeserializerModule $init$ (Lcom/fasterxml/jackson/module/scala/deser/UnsortedSetDeserializerModule;)V 1 <appendix> argL0 ; # com/fasterxml/jackson/module/scala/deser/UnsortedSetDeserializerModule$$Lambda+0x00000000091dc008
instanceKlass  @bci com/fasterxml/jackson/module/scala/deser/SortedMapDeserializerModule $init$ (Lcom/fasterxml/jackson/module/scala/deser/SortedMapDeserializerModule;)V 1 <appendix> argL0 ; # com/fasterxml/jackson/module/scala/deser/SortedMapDeserializerModule$$Lambda+0x00000000091dbc28
instanceKlass  @bci com/fasterxml/jackson/module/scala/deser/UnsortedMapDeserializerModule $init$ (Lcom/fasterxml/jackson/module/scala/deser/UnsortedMapDeserializerModule;)V 1 <appendix> argL0 ; # com/fasterxml/jackson/module/scala/deser/UnsortedMapDeserializerModule$$Lambda+0x00000000091db848
instanceKlass com/fasterxml/jackson/databind/util/Converter
instanceKlass  @bci com/fasterxml/jackson/module/scala/ser/TupleSerializerModule $init$ (Lcom/fasterxml/jackson/module/scala/ser/TupleSerializerModule;)V 1 <appendix> argL0 ; # com/fasterxml/jackson/module/scala/ser/TupleSerializerModule$$Lambda+0x00000000091da910
instanceKlass  @bci com/fasterxml/jackson/module/scala/deser/SeqDeserializerModule $init$ (Lcom/fasterxml/jackson/module/scala/deser/SeqDeserializerModule;)V 1 <appendix> argL0 ; # com/fasterxml/jackson/module/scala/deser/SeqDeserializerModule$$Lambda+0x00000000091da530
instanceKlass com/fasterxml/jackson/module/scala/ser/IterableSerializer
instanceKlass  @bci com/fasterxml/jackson/module/scala/JacksonModule $plus$eq (Lcom/fasterxml/jackson/databind/deser/Deserializers;)Lcom/fasterxml/jackson/module/scala/JacksonModule; 2 <appendix> member <vmtarget> ; # com/fasterxml/jackson/module/scala/JacksonModule$$Lambda+0x00000000091d9888
instanceKlass com/fasterxml/jackson/databind/deser/Deserializers$Base
instanceKlass  @bci com/fasterxml/jackson/module/scala/ser/OptionSerializerModule $init$ (Lcom/fasterxml/jackson/module/scala/ser/OptionSerializerModule;)V 1 <appendix> argL0 ; # com/fasterxml/jackson/module/scala/ser/OptionSerializerModule$$Lambda+0x00000000091d8b48
instanceKlass  @bci com/fasterxml/jackson/module/scala/deser/EnumerationDeserializerModule $init$ (Lcom/fasterxml/jackson/module/scala/deser/EnumerationDeserializerModule;)V 1 <appendix> argL0 ; # com/fasterxml/jackson/module/scala/deser/EnumerationDeserializerModule$$Lambda+0x00000000091d8768
instanceKlass com/fasterxml/jackson/module/scala/ser/ContextualEnumerationSerializer
instanceKlass  @bci com/fasterxml/jackson/module/scala/JacksonModule $plus$eq (Lcom/fasterxml/jackson/databind/ser/Serializers;)Lcom/fasterxml/jackson/module/scala/JacksonModule; 2 <appendix> member <vmtarget> ; # com/fasterxml/jackson/module/scala/JacksonModule$$Lambda+0x00000000091d79d0
instanceKlass com/fasterxml/jackson/module/scala/ser/IteratorSerializer
instanceKlass com/fasterxml/jackson/databind/ser/Serializers$Base
instanceKlass  @bci com/fasterxml/jackson/module/scala/JacksonModule $plus$eq (Lcom/fasterxml/jackson/databind/type/TypeModifier;)Lcom/fasterxml/jackson/module/scala/JacksonModule; 2 <appendix> member <vmtarget> ; # com/fasterxml/jackson/module/scala/JacksonModule$$Lambda+0x00000000091d6a90
instanceKlass com/fasterxml/jackson/databind/type/TypeModifier
instanceKlass com/fasterxml/jackson/databind/ser/BeanSerializerModifier
instanceKlass com/fasterxml/jackson/databind/ser/Serializers
instanceKlass com/fasterxml/jackson/databind/cfg/SerializerFactoryConfig
instanceKlass java/util/UUID
instanceKlass java/util/Currency
instanceKlass com/fasterxml/jackson/databind/ser/std/StdJdkSerializers
instanceKlass com/fasterxml/jackson/databind/ser/std/NumberSerializers
instanceKlass com/fasterxml/jackson/databind/deser/DeserializerCache
instanceKlass com/fasterxml/jackson/databind/KeyDeserializer
instanceKlass com/fasterxml/jackson/databind/deser/std/StdKeyDeserializers
instanceKlass com/fasterxml/jackson/databind/deser/KeyDeserializers
instanceKlass com/fasterxml/jackson/databind/deser/ValueInstantiators
instanceKlass com/fasterxml/jackson/databind/AbstractTypeResolver
instanceKlass com/fasterxml/jackson/databind/deser/BeanDeserializerModifier
instanceKlass com/fasterxml/jackson/databind/cfg/DeserializerFactoryConfig
instanceKlass com/fasterxml/jackson/databind/PropertyName
instanceKlass com/fasterxml/jackson/databind/deser/Deserializers
instanceKlass com/fasterxml/jackson/annotation/ObjectIdGenerator
instanceKlass com/fasterxml/jackson/databind/deser/ValueInstantiator
instanceKlass com/fasterxml/jackson/databind/deser/ResolvableDeserializer
instanceKlass com/fasterxml/jackson/databind/deser/ValueInstantiator$Gettable
instanceKlass com/fasterxml/jackson/databind/deser/ContextualDeserializer
instanceKlass com/fasterxml/jackson/databind/ser/SerializerCache
instanceKlass com/fasterxml/jackson/databind/ser/ResolvableSerializer
instanceKlass com/fasterxml/jackson/databind/ser/ContextualSerializer
instanceKlass com/fasterxml/jackson/databind/node/JsonNodeFactory
instanceKlass com/fasterxml/jackson/databind/node/JsonNodeCreator
instanceKlass com/fasterxml/jackson/databind/cfg/ContextAttributes
instanceKlass com/fasterxml/jackson/core/util/Separators
instanceKlass com/fasterxml/jackson/core/util/DefaultPrettyPrinter$NopIndenter
instanceKlass com/fasterxml/jackson/databind/cfg/ConfigFeature
instanceKlass com/fasterxml/jackson/databind/cfg/ConfigOverride
instanceKlass com/fasterxml/jackson/annotation/JsonFormat$Features
instanceKlass com/fasterxml/jackson/annotation/JsonFormat$Value
instanceKlass com/fasterxml/jackson/databind/introspect/VisibilityChecker$Std
instanceKlass com/fasterxml/jackson/annotation/JsonSetter$Value
instanceKlass com/fasterxml/jackson/annotation/JsonInclude$Value
instanceKlass com/fasterxml/jackson/annotation/JacksonAnnotationValue
instanceKlass com/fasterxml/jackson/databind/cfg/ConfigOverrides
instanceKlass com/fasterxml/jackson/databind/introspect/AnnotatedClass$Creators
instanceKlass com/fasterxml/jackson/databind/introspect/AnnotationCollector$NoAnnotations
instanceKlass com/fasterxml/jackson/databind/util/Annotations
instanceKlass com/fasterxml/jackson/databind/introspect/AnnotationCollector
instanceKlass com/fasterxml/jackson/databind/introspect/AnnotatedClassResolver
instanceKlass com/fasterxml/jackson/databind/BeanDescription
instanceKlass com/fasterxml/jackson/databind/cfg/MapperConfig
instanceKlass com/fasterxml/jackson/databind/introspect/SimpleMixInResolver
instanceKlass com/fasterxml/jackson/databind/introspect/ClassIntrospector$MixInResolver
instanceKlass com/fasterxml/jackson/databind/util/RootNameLookup
instanceKlass com/fasterxml/jackson/core/sym/ByteQuadsCanonicalizer$TableInfo
instanceKlass com/fasterxml/jackson/core/sym/ByteQuadsCanonicalizer
instanceKlass com/fasterxml/jackson/core/sym/CharsToNameCanonicalizer$Bucket
instanceKlass com/fasterxml/jackson/core/sym/CharsToNameCanonicalizer$TableInfo
instanceKlass java/util/concurrent/atomic/AtomicReference
instanceKlass com/fasterxml/jackson/core/sym/CharsToNameCanonicalizer
instanceKlass com/fasterxml/jackson/core/io/SerializedString
instanceKlass com/fasterxml/jackson/core/util/DefaultPrettyPrinter$Indenter
instanceKlass com/fasterxml/jackson/core/util/DefaultPrettyPrinter
instanceKlass com/fasterxml/jackson/core/util/Instantiatable
instanceKlass com/fasterxml/jackson/core/PrettyPrinter
instanceKlass java/io/Reader
instanceKlass com/fasterxml/jackson/core/async/ByteArrayFeeder
instanceKlass com/fasterxml/jackson/core/async/NonBlockingInputFeeder
instanceKlass com/fasterxml/jackson/core/SerializableString
instanceKlass com/fasterxml/jackson/core/Base64Variant
instanceKlass com/fasterxml/jackson/core/Base64Variants
instanceKlass  @bci java/util/regex/CharPredicates ASCII_DIGIT ()Ljava/util/regex/Pattern$BmpCharPredicate; 0 <appendix> argL0 ; # java/util/regex/CharPredicates$$Lambda+0x800000024
instanceKlass com/fasterxml/jackson/databind/type/TypeParser
instanceKlass com/fasterxml/jackson/databind/type/TypeFactory
instanceKlass com/fasterxml/jackson/databind/cfg/BaseSettings
instanceKlass com/fasterxml/jackson/databind/util/LRUMap
instanceKlass java/beans/ConstructorProperties
instanceKlass java/beans/Transient
instanceKlass com/fasterxml/jackson/databind/util/ClassUtil$Ctor
instanceKlass com/fasterxml/jackson/databind/util/ClassUtil
instanceKlass com/fasterxml/jackson/databind/jsonschema/SchemaAware
instanceKlass com/fasterxml/jackson/databind/JsonSerializer
instanceKlass com/fasterxml/jackson/databind/jsonFormatVisitors/JsonFormatVisitable
instanceKlass com/fasterxml/jackson/databind/JsonDeserializer
instanceKlass com/fasterxml/jackson/databind/deser/NullValueProvider
instanceKlass com/fasterxml/jackson/databind/ext/Java7Support
instanceKlass com/fasterxml/jackson/annotation/JsonMerge
instanceKlass com/fasterxml/jackson/databind/annotation/JsonDeserialize
instanceKlass com/fasterxml/jackson/annotation/JsonManagedReference
instanceKlass com/fasterxml/jackson/annotation/JsonBackReference
instanceKlass com/fasterxml/jackson/annotation/JsonUnwrapped
instanceKlass com/fasterxml/jackson/annotation/JsonRawValue
instanceKlass com/fasterxml/jackson/annotation/JsonTypeInfo
instanceKlass com/fasterxml/jackson/annotation/JsonFormat
instanceKlass com/fasterxml/jackson/annotation/JsonView
instanceKlass com/fasterxml/jackson/databind/annotation/JsonSerialize
instanceKlass com/fasterxml/jackson/databind/introspect/ConcreteBeanPropertyBase
instanceKlass com/fasterxml/jackson/databind/BeanProperty
instanceKlass com/fasterxml/jackson/databind/introspect/BeanPropertyDefinition
instanceKlass com/fasterxml/jackson/databind/util/Named
instanceKlass com/fasterxml/jackson/databind/introspect/TypeResolutionContext
instanceKlass com/fasterxml/jackson/databind/introspect/Annotated
instanceKlass com/fasterxml/jackson/databind/type/TypeBindings
instanceKlass com/fasterxml/jackson/databind/JsonSerializable$Base
instanceKlass com/fasterxml/jackson/core/TreeNode
instanceKlass com/fasterxml/jackson/databind/introspect/ClassIntrospector
instanceKlass com/fasterxml/jackson/databind/Module$SetupContext
instanceKlass com/fasterxml/jackson/core/JsonGenerator
instanceKlass com/fasterxml/jackson/core/JsonParser
instanceKlass com/fasterxml/jackson/databind/introspect/VisibilityChecker
instanceKlass com/fasterxml/jackson/databind/jsontype/TypeResolverBuilder
instanceKlass com/fasterxml/jackson/databind/AnnotationIntrospector
instanceKlass com/fasterxml/jackson/databind/JsonSerializable
instanceKlass com/fasterxml/jackson/core/type/ResolvedType
instanceKlass com/fasterxml/jackson/databind/ser/SerializerFactory
instanceKlass com/fasterxml/jackson/databind/deser/DeserializerFactory
instanceKlass com/fasterxml/jackson/databind/DatabindContext
instanceKlass com/fasterxml/jackson/databind/jsontype/SubtypeResolver
instanceKlass com/fasterxml/jackson/core/JsonFactory
instanceKlass com/firebase/util/encoding/snapshot/SparseSnapshotModule
instanceKlass com/firebase/util/encoding/snapshot/SparseSnapshotSerializerModule
instanceKlass com/firebase/util/encoding/snapshot/SparseSnapshotDeserializerModule
instanceKlass com/firebase/util/encoding/snapshot/SnapshotNullNodeModule
instanceKlass com/firebase/util/encoding/snapshot/SnapshotNullNodeSerializerModule
instanceKlass com/firebase/util/encoding/snapshot/SnapshotLeafNodeModule
instanceKlass com/firebase/util/encoding/snapshot/SnapshotLeafNodeSerializerModule
instanceKlass com/firebase/util/encoding/snapshot/SnapshotChildrenNodeModule
instanceKlass com/firebase/util/encoding/snapshot/SnapshotChildrenNodeSerializerModule
instanceKlass com/firebase/util/encoding/snapshot/SnapshotChildrenNodeDeserializerModule
instanceKlass com/firebase/util/encoding/snapshot/SnapAndDepthModule
instanceKlass com/firebase/util/encoding/snapshot/SnapAndDepthSerializerModule
instanceKlass com/firebase/util/encoding/snapshot/RenderableSnapshotModule
instanceKlass com/firebase/util/encoding/snapshot/RenderableSnapshotSerializerModule
instanceKlass com/firebase/util/encoding/snapshot/RenderableSnapshotDeserializerModule
instanceKlass com/fasterxml/jackson/module/scala/experimental/ScalaObjectMapper
instanceKlass com/fasterxml/jackson/core/TreeCodec
instanceKlass com/fasterxml/jackson/module/scala/introspect/ScalaAnnotationIntrospectorModule
instanceKlass com/fasterxml/jackson/module/scala/deser/UntypedObjectDeserializerModule
instanceKlass com/fasterxml/jackson/module/scala/deser/ScalaNumberDeserializersModule
instanceKlass com/fasterxml/jackson/module/scala/TupleModule
instanceKlass com/fasterxml/jackson/module/scala/ser/TupleSerializerModule
instanceKlass com/fasterxml/jackson/module/scala/deser/TupleDeserializerModule
instanceKlass com/fasterxml/jackson/module/scala/SetModule
instanceKlass com/fasterxml/jackson/module/scala/deser/UnsortedSetDeserializerModule
instanceKlass com/fasterxml/jackson/module/scala/deser/SortedSetDeserializerModule
instanceKlass com/fasterxml/jackson/module/scala/SeqModule
instanceKlass com/fasterxml/jackson/module/scala/deser/SeqDeserializerModule
instanceKlass com/fasterxml/jackson/module/scala/OptionModule
instanceKlass com/fasterxml/jackson/module/scala/ser/OptionSerializerModule
instanceKlass com/fasterxml/jackson/module/scala/deser/OptionDeserializerModule
instanceKlass com/fasterxml/jackson/module/scala/modifiers/OptionTypeModifierModule
instanceKlass com/fasterxml/jackson/module/scala/MapModule
instanceKlass com/fasterxml/jackson/module/scala/ser/MapSerializerModule
instanceKlass com/fasterxml/jackson/module/scala/deser/UnsortedMapDeserializerModule
instanceKlass com/fasterxml/jackson/module/scala/deser/SortedMapDeserializerModule
instanceKlass com/fasterxml/jackson/module/scala/modifiers/MapTypeModifierModule
instanceKlass com/fasterxml/jackson/module/scala/IteratorModule
instanceKlass com/fasterxml/jackson/module/scala/ser/IteratorSerializerModule
instanceKlass com/fasterxml/jackson/module/scala/modifiers/IteratorTypeModifierModule
instanceKlass com/fasterxml/jackson/module/scala/IterableModule
instanceKlass com/fasterxml/jackson/module/scala/ser/IterableSerializerModule
instanceKlass com/fasterxml/jackson/module/scala/modifiers/IterableTypeModifierModule
instanceKlass com/fasterxml/jackson/module/scala/EnumerationModule
instanceKlass com/fasterxml/jackson/module/scala/ser/EnumerationSerializerModule
instanceKlass com/fasterxml/jackson/module/scala/deser/EnumerationDeserializerModule
instanceKlass com/fasterxml/jackson/module/scala/EitherModule
instanceKlass com/fasterxml/jackson/module/scala/ser/EitherSerializerModule
instanceKlass com/fasterxml/jackson/module/scala/modifiers/EitherTypeModifierModule
instanceKlass com/fasterxml/jackson/module/scala/modifiers/ScalaTypeModifierModule
instanceKlass com/fasterxml/jackson/module/scala/deser/EitherDeserializerModule
instanceKlass com/fasterxml/jackson/module/scala/JacksonModule
instanceKlass com/fasterxml/jackson/databind/Module
instanceKlass com/fasterxml/jackson/core/Versioned
instanceKlass com/fasterxml/jackson/core/io/OutputDecorator
instanceKlass com/firebase/util/encoding/json/JSON$
instanceKlass com/firebase/util/encoding/json/JSONEncoder$Parsable
instanceKlass com/firebase/util/encoding/CachingEncoder
instanceKlass com/firebase/util/encoding/json/JSONEncoder
instanceKlass com/firebase/util/encoding/Encoder
instanceKlass com/firebase/util/encoding/json/JSONEncoder$
instanceKlass com/firebase/core/stats/EventAuditLog
instanceKlass com/firebase/util/logging/EventAuditLogging
instanceKlass scala/collection/convert/Wrappers$
instanceKlass com/firebase/util/collections/ConcurrentHashMap$
instanceKlass scala/collection/convert/Wrappers
instanceKlass scala/collection/convert/Wrappers$JMapWrapperLike
instanceKlass scala/collection/concurrent/Map
instanceKlass com/firebase/util/stats/Label
instanceKlass com/firebase/core/stats/GlobalStats$
instanceKlass com/firebase/util/misc/CooldownTracker
instanceKlass com/firebase/core/stats/GaugeCaching
instanceKlass io/netty/channel/group/DefaultChannelGroup$1
instanceKlass io/netty/channel/group/ChannelGroupFuture
instanceKlass io/netty/channel/ChannelFutureListener
instanceKlass io/netty/channel/group/ChannelGroup
instanceKlass com/firebase/server/rest/NettyProxyConfig
instanceKlass com/firebase/server/rest/ProxyConfig
instanceKlass com/firebase/server/client/ExternalSslProvider
instanceKlass com/firebase/server/client/SslProvider
instanceKlass com/firebase/server/client/SslProvider$
instanceKlass  @bci com/firebase/server/rest/NettyProxyConfig$ apply (Lcom/firebase/core/util/HostInfo;Lcom/firebase/core/namespace/annealing/AnnealingSystem;)Lcom/firebase/server/rest/ProxyProvider; 4 <appendix> argL0 ; # com/firebase/server/rest/NettyProxyConfig$$$Lambda+0x000000000917ea10
instanceKlass com/firebase/server/client/DnsResolver
instanceKlass com/firebase/core/namespace/annealing/NoopAnnealingSystem$
instanceKlass com/firebase/server/client/Resolver
instanceKlass com/firebase/server/rest/NettyProxyConfig$
instanceKlass scala/collection/mutable/HashTable$
instanceKlass scala/collection/mutable/HashEntry
instanceKlass java/time/temporal/TemporalAdjuster
instanceKlass java/time/temporal/TemporalAccessor
instanceKlass java/time/Clock
instanceKlass java/time/InstantSource
instanceKlass com/firebase/core/persistence/backend/dummy/DummyMetadataPersistence$
instanceKlass com/firebase/core/metadata/NamespaceMetadataDefaults
instanceKlass com/firebase/core/namespace/rules/package$
instanceKlass com/firebase/core/metadata/Running$
instanceKlass com/firebase/core/metadata/NamespaceState
instanceKlass com/firebase/core/metadata/NamespaceMetadataDefaults$
instanceKlass com/firebase/core/persistence/backend/dummy/DummyMetadataPersistence
instanceKlass com/firebase/core/persistence/data/DataPersistenceLayerFactory
instanceKlass com/firebase/core/persistence/RoutingReadWriter
instanceKlass com/firebase/core/persistence/data/DataPersistenceLayer
instanceKlass com/firebase/core/persistence/data/Stoppable
instanceKlass com/firebase/core/namespace/rules/data/NamespaceAccess
instanceKlass com/firebase/util/data/ServerValuesResolver$ShallowDataReader
instanceKlass  @bci com/firebase/core/persistence/backend/dummy/DummyConfig loadBackend (Lcom/firebase/core/persistence/PersistenceClientFactory;)Lscala/util/Try; 3 <appendix> argL0 ; # com/firebase/core/persistence/backend/dummy/DummyConfig$$Lambda+0x0000000009174430
instanceKlass com/firebase/core/persistence/backend/dummy/DummyPersistenceLayer$
instanceKlass com/firebase/core/persistence/PersistenceBackend
instanceKlass scala/util/Try$
instanceKlass com/firebase/core/persistence/backend/dummy/DummyConfig
instanceKlass com/firebase/core/persistence/PersistenceBackendConfig
instanceKlass com/firebase/core/persistence/RoutingReader
instanceKlass com/firebase/core/persistence/MetadataPersistenceLayer
instanceKlass com/firebase/server/forge/App$EmulatorPersistenceConfig
instanceKlass io/netty/util/concurrent/MultithreadEventExecutorGroup$1
instanceKlass io/netty/util/concurrent/FutureListener
instanceKlass io/netty/channel/nio/NioEventLoop$SelectorTuple
instanceKlass java/util/StringJoiner
instanceKlass java/lang/WeakPairMap$Pair$Lookup
instanceKlass java/lang/WeakPairMap$Pair
instanceKlass java/lang/WeakPairMap
instanceKlass java/lang/Module$ReflectionData
instanceKlass io/netty/util/internal/ReflectionUtil
instanceKlass io/netty/channel/nio/NioEventLoop$5
instanceKlass io/netty/channel/nio/NioEventLoop$4
instanceKlass java/nio/channels/SelectionKey
instanceKlass java/nio/BufferMismatch
instanceKlass jdk/net/ExtendedSocketOptions$2
instanceKlass jdk/net/ExtendedSocketOptions$PlatformSocketOptions
instanceKlass jdk/net/ExtendedSocketOptions$ExtSocketOption
instanceKlass java/net/SocketOption
instanceKlass jdk/net/ExtendedSocketOptions
instanceKlass sun/net/ext/ExtendedSocketOptions
instanceKlass jdk/internal/lang/stable/StableValueImpl
instanceKlass java/lang/StableValue
instanceKlass sun/nio/ch/Net$1
instanceKlass sun/nio/ch/Net
instanceKlass java/net/SocketAddress
instanceKlass sun/security/provider/AbstractDrbg$NonceProvider
instanceKlass  @bci sun/security/provider/AbstractDrbg$SeederHolder <clinit> ()V 42 <appendix> member <vmtarget> ; # sun/security/provider/AbstractDrbg$SeederHolder$$Lambda+0x0000000009033270
instanceKlass  @cpi sun/security/provider/AbstractDrbg$SeederHolder 91 form vmentry <vmtarget> ; # java/lang/invoke/LambdaForm$DMH+0x0000000009170400
# instanceKlass java/lang/invoke/LambdaForm$DMH+0x0000000009170000
instanceKlass sun/nio/fs/BasicFileAttributesHolder
instanceKlass sun/nio/fs/WindowsDirectoryStream$WindowsDirectoryIterator
instanceKlass sun/nio/fs/WindowsDirectoryStream
instanceKlass java/nio/file/DirectoryStream
instanceKlass java/nio/file/Files$AcceptAllFilter
instanceKlass java/nio/file/DirectoryStream$Filter
instanceKlass java/net/NetworkInterface$1
instanceKlass java/net/DefaultInterface
instanceKlass java/net/Inet6Address$Inet6AddressHolder
instanceKlass java/net/InetAddress$PlatformResolver
instanceKlass java/net/spi/InetAddressResolver
instanceKlass java/net/spi/InetAddressResolver$LookupPolicy
instanceKlass java/net/Inet4AddressImpl
instanceKlass java/net/Inet6AddressImpl
instanceKlass java/net/InetAddressImpl
instanceKlass java/util/concurrent/ConcurrentSkipListMap$Node
instanceKlass java/util/concurrent/ConcurrentSkipListMap$Index
instanceKlass java/util/concurrent/ConcurrentNavigableMap
instanceKlass java/util/NavigableSet
instanceKlass java/util/SortedSet
instanceKlass java/net/InetAddress$InetAddressHolder
instanceKlass sun/security/util/SecurityProperties
instanceKlass jdk/internal/util/Exceptions
instanceKlass java/net/InetAddress$1
instanceKlass jdk/internal/access/JavaNetInetAddressAccess
instanceKlass java/net/InterfaceAddress
instanceKlass java/net/NetworkInterface
instanceKlass sun/security/provider/ByteArrayAccess$BE
instanceKlass sun/security/provider/ByteArrayAccess
instanceKlass java/util/Collections$SynchronizedCollection
instanceKlass java/util/Properties$EntrySet
instanceKlass sun/security/util/MessageDigestSpi2
instanceKlass sun/security/jca/GetInstance$Instance
instanceKlass java/security/MessageDigestSpi
instanceKlass sun/security/provider/SeedGenerator
instanceKlass sun/security/provider/AbstractDrbg$SeederHolder
instanceKlass java/security/DrbgParameters$NextBytes
instanceKlass java/net/ProtocolFamily
instanceKlass sun/security/smartcardio/SunPCSC$1
instanceKlass org/jcp/xml/dsig/internal/dom/XMLDSigRI$2
instanceKlass org/jcp/xml/dsig/internal/dom/XMLDSigRI$1
instanceKlass  @bci sun/security/pkcs11/SunPKCS11 register (Lsun/security/pkcs11/SunPKCS11$Descriptor;)V 27 <appendix> argL0 ; # sun/security/pkcs11/SunPKCS11$$Lambda+0x000000000916a450
instanceKlass sun/security/pkcs11/SunPKCS11$Descriptor
instanceKlass javax/security/auth/callback/CallbackHandler
instanceKlass javax/security/auth/Subject
instanceKlass sun/security/jca/ProviderConfig$ProviderLoader
instanceKlass java/security/spec/ECFieldF2m
instanceKlass sun/security/util/ObjectIdentifier
instanceKlass sun/security/util/ByteArrayTagOrder
instanceKlass sun/security/util/ByteArrayLexOrder
instanceKlass sun/security/util/DerEncoder
instanceKlass java/security/spec/ECParameterSpec
instanceKlass java/security/spec/AlgorithmParameterSpec
instanceKlass java/security/spec/ECPoint
instanceKlass java/security/spec/EllipticCurve
instanceKlass java/security/spec/ECFieldFp
instanceKlass java/security/spec/ECField
instanceKlass sun/security/util/CurveDB
instanceKlass sun/security/rsa/SunRsaSignEntries
instanceKlass sun/security/jca/GetInstance
instanceKlass java/util/TreeMap$Entry
instanceKlass java/lang/ProcessEnvironment$CheckedEntry
instanceKlass java/lang/ProcessEnvironment$CheckedEntrySet$1
instanceKlass java/util/NavigableMap
instanceKlass java/util/SortedMap
instanceKlass java/lang/ProcessEnvironment$EntryComparator
instanceKlass java/lang/ProcessEnvironment$NameComparator
instanceKlass sun/net/NetProperties
instanceKlass sun/nio/ch/UnixDomainSocketsUtil
instanceKlass sun/nio/ch/UnixDomainSockets
instanceKlass sun/nio/ch/PipeImpl$Initializer$LoopbackConnector
instanceKlass sun/nio/ch/PipeImpl$Initializer
instanceKlass  @bci sun/security/provider/AbstractDrbg <clinit> ()V 12 <appendix> argL0 ; # sun/security/provider/AbstractDrbg$$Lambda+0x0000000009025a60
instanceKlass  @cpi sun/security/provider/AbstractDrbg 383 form vmentry <vmtarget> ; # java/lang/invoke/LambdaForm$DMH+0x0000000009168800
# instanceKlass java/lang/invoke/LambdaForm$DMH+0x0000000009168400
instanceKlass sun/security/provider/EntropySource
instanceKlass sun/security/provider/AbstractDrbg
instanceKlass java/security/DrbgParameters$Instantiation
instanceKlass java/security/DrbgParameters
instanceKlass sun/security/provider/MoreDrbgParameters
instanceKlass java/security/SecureRandomSpi
instanceKlass jdk/internal/event/Event
instanceKlass java/util/LinkedHashMap$LinkedHashIterator
instanceKlass sun/security/util/SecurityProviderConstants
instanceKlass java/security/Provider$UString
instanceKlass java/security/Provider$Service
instanceKlass sun/security/provider/NativePRNG$NonBlocking
instanceKlass sun/security/provider/NativePRNG$Blocking
instanceKlass sun/security/provider/NativePRNG
instanceKlass sun/security/provider/SunEntries
instanceKlass sun/security/util/SecurityConstants
instanceKlass java/util/AbstractList$Itr
instanceKlass java/security/Security$2
instanceKlass jdk/internal/access/JavaSecurityPropertiesAccess
instanceKlass java/util/concurrent/ConcurrentHashMap$MapEntry
instanceKlass sun/nio/ch/IOStatus
instanceKlass sun/nio/ch/Util$BufferCache
instanceKlass jdk/internal/misc/Blocker
instanceKlass sun/nio/ch/NativeThread
instanceKlass java/util/Properties$LineReader
instanceKlass sun/nio/ch/SelChImpl
instanceKlass java/nio/channels/NetworkChannel
instanceKlass sun/nio/ch/Streams
instanceKlass java/nio/channels/Channels
instanceKlass sun/nio/ch/FileChannelImpl$Closer
instanceKlass sun/nio/ch/NativeThreadSet
instanceKlass java/nio/channels/spi/AbstractInterruptibleChannel$1
instanceKlass sun/nio/ch/NativeDispatcher
instanceKlass java/nio/channels/ScatteringByteChannel
instanceKlass java/nio/channels/GatheringByteChannel
instanceKlass java/nio/channels/SeekableByteChannel
instanceKlass java/nio/channels/ByteChannel
instanceKlass java/nio/channels/WritableByteChannel
instanceKlass java/nio/channels/ReadableByteChannel
instanceKlass java/nio/channels/spi/AbstractInterruptibleChannel
instanceKlass java/nio/channels/InterruptibleChannel
instanceKlass java/nio/channels/Channel
instanceKlass sun/nio/fs/WindowsChannelFactory$Flags
instanceKlass sun/nio/fs/WindowsChannelFactory$1
instanceKlass sun/nio/fs/WindowsChannelFactory
instanceKlass sun/nio/fs/WindowsSecurityDescriptor
instanceKlass java/nio/file/attribute/FileAttribute
instanceKlass sun/nio/fs/WindowsLinkSupport
instanceKlass java/net/URI$Parser
instanceKlass java/nio/file/FileSystems$DefaultFileSystemHolder
instanceKlass java/nio/file/FileSystems
instanceKlass java/security/Security$SecPropLoader
instanceKlass java/security/Security
instanceKlass jdk/internal/math/FloatingDecimal$ASCIIToBinaryBuffer
instanceKlass jdk/internal/math/MathUtils
instanceKlass jdk/internal/math/FloatingDecimal$PreparedASCIIToBinaryBuffer
instanceKlass jdk/internal/math/FloatingDecimal$ASCIIToBinaryConverter
instanceKlass jdk/internal/math/FloatingDecimal$BinaryToASCIIBuffer
instanceKlass jdk/internal/math/FloatingDecimal$ExceptionalBinaryToASCIIBuffer
instanceKlass jdk/internal/math/FloatingDecimal$BinaryToASCIIConverter
instanceKlass jdk/internal/math/FloatingDecimal
instanceKlass javax/security/auth/login/Configuration$Parameters
instanceKlass java/security/Policy$Parameters
instanceKlass javax/crypto/KDFParameters
instanceKlass java/security/cert/CertStoreParameters
instanceKlass java/security/SecureRandomParameters
instanceKlass java/security/Provider$EngineDescription
instanceKlass  @bci java/security/Provider <clinit> ()V 28 <appendix> argL0 ; # java/security/Provider$$Lambda+0x000000000901e7e8
instanceKlass  @cpi akka/actor/Props$ 82 form vmentry <vmtarget> ; # java/lang/invoke/LambdaForm$DMH+0x0000000009168000
instanceKlass java/security/Provider$ServiceKey
instanceKlass sun/security/jca/ProviderConfig
instanceKlass sun/security/jca/ProviderList
instanceKlass sun/security/jca/Providers
instanceKlass java/nio/channels/Pipe
instanceKlass sun/nio/ch/WEPoll
instanceKlass sun/nio/ch/Util$2
instanceKlass sun/nio/ch/IOUtil
instanceKlass sun/nio/ch/Util
instanceKlass java/nio/channels/spi/AbstractSelector$1
instanceKlass sun/nio/ch/Interruptible
instanceKlass io/netty/channel/nio/NioEventLoop$2
instanceKlass io/netty/channel/nio/NioEventLoop$1
instanceKlass java/util/concurrent/atomic/AtomicReferenceArray
instanceKlass io/netty/util/internal/shaded/org/jctools/util/Pow2
instanceKlass io/netty/util/internal/shaded/org/jctools/util/RangeUtil
instanceKlass jdk/internal/reflect/FieldAccessorImpl
instanceKlass jdk/internal/reflect/FieldAccessor
instanceKlass sun/misc/Unsafe
instanceKlass io/netty/util/internal/shaded/org/jctools/util/UnsafeAccess
instanceKlass io/netty/util/internal/shaded/org/jctools/util/JvmInfo
instanceKlass io/netty/util/internal/PlatformDependent$Mpsc
instanceKlass io/netty/util/concurrent/SingleThreadEventExecutor$DefaultThreadProperties
instanceKlass io/netty/util/concurrent/DefaultThreadFactory$DefaultRunnableDecorator
instanceKlass io/netty/util/concurrent/SingleThreadEventExecutor$2
instanceKlass io/netty/channel/DefaultSelectStrategy
instanceKlass io/netty/channel/SelectStrategy
instanceKlass io/netty/channel/nio/NioEventLoop$3
instanceKlass java/util/concurrent/Semaphore
instanceKlass java/util/concurrent/atomic/AtomicIntegerFieldUpdater
instanceKlass io/netty/util/concurrent/SingleThreadEventExecutor$1
instanceKlass java/nio/channels/Selector
instanceKlass io/netty/util/IntSupplier
instanceKlass io/netty/channel/ChannelPromise
instanceKlass io/netty/channel/ChannelFuture
instanceKlass io/netty/util/concurrent/ThreadProperties
instanceKlass io/netty/channel/EventLoop
instanceKlass io/netty/util/concurrent/MultithreadEventExecutorGroup$PowerOfTwoEventExecutorChooser
instanceKlass io/netty/util/concurrent/OrderedEventExecutor
instanceKlass io/netty/util/concurrent/GlobalEventExecutor$TaskRunner
instanceKlass io/netty/util/internal/StringUtil
instanceKlass java/util/concurrent/Executors$RunnableAdapter
instanceKlass java/util/concurrent/Executors
instanceKlass io/netty/util/concurrent/GlobalEventExecutor$1
instanceKlass io/netty/util/concurrent/ScheduledFuture
instanceKlass io/netty/util/concurrent/ProgressivePromise
instanceKlass io/netty/util/concurrent/ProgressiveFuture
instanceKlass java/util/concurrent/RunnableFuture
instanceKlass io/netty/util/internal/ThrowableUtil
instanceKlass io/netty/util/UniqueName
instanceKlass sun/reflect/misc/ReflectUtil
instanceKlass io/netty/util/concurrent/DefaultPromise$CauseHolder
instanceKlass java/util/concurrent/atomic/AtomicReferenceFieldUpdater
instanceKlass io/netty/util/concurrent/AbstractFuture
instanceKlass io/netty/util/concurrent/RejectedExecutionHandlers$1
instanceKlass io/netty/util/concurrent/RejectedExecutionHandler
instanceKlass io/netty/util/concurrent/RejectedExecutionHandlers
instanceKlass io/netty/channel/DefaultSelectStrategyFactory
instanceKlass io/netty/channel/SelectStrategyFactory
instanceKlass sun/nio/ch/DefaultSelectorProvider
instanceKlass java/nio/channels/spi/SelectorProvider$Holder
instanceKlass java/nio/channels/spi/SelectorProvider
instanceKlass io/netty/util/NettyRuntime$AvailableProcessorsHolder
instanceKlass io/netty/util/NettyRuntime
instanceKlass io/netty/util/concurrent/GenericFutureListener
instanceKlass java/util/EventListener
instanceKlass io/netty/util/concurrent/MultithreadEventExecutorGroup$EventExecutorChooser
instanceKlass io/netty/util/concurrent/Promise
instanceKlass io/netty/util/concurrent/Future
instanceKlass io/netty/util/concurrent/EventExecutor
instanceKlass java/util/concurrent/ScheduledFuture
instanceKlass java/util/concurrent/Future
instanceKlass java/util/concurrent/Delayed
instanceKlass io/netty/util/concurrent/DefaultThreadFactory
instanceKlass  @bci com/firebase/server/forge/App$ main ([Ljava/lang/String;)V 327 <appendix> member <vmtarget> ; # com/firebase/server/forge/App$$$Lambda+0x00000000091560f0
instanceKlass scala/runtime/RichChar$
instanceKlass scala/collection/immutable/StringOps$
instanceKlass com/firebase/util/misc/FeatureFlags
instanceKlass scala/collection/immutable/StringOps
instanceKlass com/firebase/util/misc/StringHelpers$
instanceKlass com/firebase/util/misc/StringHelpers$StringExtensions$
instanceKlass com/firebase/util/misc/FeatureFlag
instanceKlass  @bci com/firebase/server/forge/App$ $anonfun$main$7 (Lscala/Option;Ljava/lang/String;)Lscala/Option; 2 <appendix> member <vmtarget> ; # com/firebase/server/forge/App$$$Lambda+0x000000000914eb48
instanceKlass  @bci com/firebase/server/forge/App$ main ([Ljava/lang/String;)V 285 <appendix> member <vmtarget> ; # com/firebase/server/forge/App$$$Lambda+0x000000000914e760
instanceKlass  @bci com/firebase/server/forge/App$ main ([Ljava/lang/String;)V 269 <appendix> member <vmtarget> ; # com/firebase/server/forge/App$$$Lambda+0x000000000914e378
instanceKlass  @bci com/firebase/server/forge/App$ main ([Ljava/lang/String;)V 256 <appendix> member <vmtarget> ; # com/firebase/server/forge/App$$$Lambda+0x000000000914df90
instanceKlass com/firebase/core/util/QualifiedHostname
instanceKlass com/firebase/core/util/Hostname
instanceKlass com/firebase/core/util/HostInfo
instanceKlass com/firebase/core/util/DomainInfo$
instanceKlass com/firebase/core/util/DomainParts
instanceKlass  @bci com/firebase/server/forge/App$ main ([Ljava/lang/String;)V 182 <appendix> argL0 ; # com/firebase/server/forge/App$$$Lambda+0x000000000914cf70
instanceKlass java/util/Random
instanceKlass java/util/random/RandomGenerator
instanceKlass io/netty/util/internal/PlatformDependent$2
instanceKlass io/netty/util/internal/PlatformDependent$1
# instanceKlass java/lang/invoke/LambdaForm$MH+0x0000000009150400
# instanceKlass java/lang/invoke/LambdaForm$MH+0x0000000009150000
# instanceKlass java/lang/invoke/LambdaForm$DMH+0x000000000913d400
instanceKlass  @bci java/util/stream/Collectors toList ()Ljava/util/stream/Collector; 14 <appendix> argL0 ; # java/util/stream/Collectors$$Lambda+0x0000000009015420
instanceKlass  @bci java/util/stream/Collectors toList ()Ljava/util/stream/Collector; 9 <appendix> argL0 ; # java/util/stream/Collectors$$Lambda+0x00000000090151e8
instanceKlass  @bci java/util/stream/Collectors toList ()Ljava/util/stream/Collector; 4 <appendix> argL0 ; # java/util/stream/Collectors$$Lambda+0x0000000009014fc0
instanceKlass  @bci sun/management/spi/PlatformMBeanProvider$PlatformComponent getMBeans (Ljava/lang/Class;)Ljava/util/List; 63 <appendix> member <vmtarget> ; # sun/management/spi/PlatformMBeanProvider$PlatformComponent$$Lambda+0x0000000009014d70
instanceKlass  @bci sun/management/spi/PlatformMBeanProvider$PlatformComponent getMBeans (Ljava/lang/Class;)Ljava/util/List; 47 <appendix> member <vmtarget> ; # sun/management/spi/PlatformMBeanProvider$PlatformComponent$$Lambda+0x0000000009014b10
instanceKlass java/util/Collections$2
instanceKlass sun/management/RuntimeImpl
instanceKlass java/util/stream/ReduceOps$2ReducingSink
instanceKlass  @bci java/lang/management/ManagementFactory$PlatformMBeanFinder findSingleton (Ljava/lang/Class;)Lsun/management/spi/PlatformMBeanProvider$PlatformComponent; 30 <appendix> member <vmtarget> ; # java/lang/management/ManagementFactory$PlatformMBeanFinder$$Lambda+0x0000000009013fa0
instanceKlass  @bci java/lang/management/ManagementFactory$PlatformMBeanFinder findSingleton (Ljava/lang/Class;)Lsun/management/spi/PlatformMBeanProvider$PlatformComponent; 19 <appendix> member <vmtarget> ; # java/lang/management/ManagementFactory$PlatformMBeanFinder$$Lambda+0x0000000009013d40
instanceKlass java/util/function/Predicate
instanceKlass java/util/HashMap$HashMapSpliterator
instanceKlass java/util/Collections$1
instanceKlass jdk/management/jfr/internal/FlightRecorderMXBeanProvider$SingleMBeanComponent
instanceKlass jdk/management/jfr/FlightRecorderMXBean
instanceKlass java/lang/management/DefaultPlatformMBeanProvider$11
instanceKlass java/lang/management/DefaultPlatformMBeanProvider$10
instanceKlass java/lang/management/DefaultPlatformMBeanProvider$9
instanceKlass java/util/logging/LogManager
instanceKlass sun/management/ManagementFactoryHelper$LoggingMXBeanAccess
instanceKlass java/lang/management/DefaultPlatformMBeanProvider$8
instanceKlass java/lang/management/DefaultPlatformMBeanProvider$7
instanceKlass java/lang/management/DefaultPlatformMBeanProvider$6
instanceKlass java/lang/management/DefaultPlatformMBeanProvider$5
instanceKlass java/lang/management/DefaultPlatformMBeanProvider$4
instanceKlass java/lang/management/DefaultPlatformMBeanProvider$3
instanceKlass java/lang/management/DefaultPlatformMBeanProvider$2
instanceKlass java/lang/management/DefaultPlatformMBeanProvider$1
instanceKlass java/util/concurrent/Callable
instanceKlass com/sun/management/internal/PlatformMBeanProviderImpl$6
instanceKlass sun/management/VMManagementImpl
instanceKlass sun/management/VMManagement
instanceKlass sun/management/ManagementFactoryHelper
instanceKlass sun/management/NotificationEmitterSupport
instanceKlass javax/management/NotificationEmitter
instanceKlass javax/management/NotificationBroadcaster
instanceKlass com/sun/management/DiagnosticCommandMBean
instanceKlass javax/management/DynamicMBean
instanceKlass com/sun/management/internal/PlatformMBeanProviderImpl$5
instanceKlass com/sun/management/internal/PlatformMBeanProviderImpl$4
instanceKlass jdk/management/VirtualThreadSchedulerMXBean
instanceKlass com/sun/management/internal/PlatformMBeanProviderImpl$3
instanceKlass com/sun/management/internal/PlatformMBeanProviderImpl$2
instanceKlass java/util/stream/ReduceOps$AccumulatingSink
instanceKlass java/util/stream/TerminalSink
instanceKlass java/util/stream/ReduceOps$Box
instanceKlass java/util/stream/ReduceOps$ReduceOp
instanceKlass java/util/stream/TerminalOp
instanceKlass java/util/stream/ReduceOps
instanceKlass  @bci java/util/stream/Collectors castingIdentity ()Ljava/util/function/Function; 0 <appendix> argL0 ; # java/util/stream/Collectors$$Lambda+0x800000042
instanceKlass  @bci java/util/stream/Collectors toSet ()Ljava/util/stream/Collector; 14 <appendix> argL0 ; # java/util/stream/Collectors$$Lambda+0x800000040
instanceKlass java/util/function/BinaryOperator
instanceKlass  @bci java/util/stream/Collectors toSet ()Ljava/util/stream/Collector; 9 <appendix> argL0 ; # java/util/stream/Collectors$$Lambda+0x800000038
instanceKlass java/util/function/BiConsumer
instanceKlass  @bci java/util/stream/Collectors toSet ()Ljava/util/stream/Collector; 4 <appendix> argL0 ; # java/util/stream/Collectors$$Lambda+0x800000045
instanceKlass java/util/stream/Collector
instanceKlass java/util/stream/Collectors
instanceKlass com/sun/management/internal/PlatformMBeanProviderImpl$1
instanceKlass sun/management/spi/PlatformMBeanProvider
instanceKlass java/lang/management/ManagementFactory$PlatformMBeanFinder
instanceKlass java/lang/management/OperatingSystemMXBean
instanceKlass java/lang/management/CompilationMXBean
instanceKlass java/lang/management/ThreadMXBean
instanceKlass java/lang/management/MemoryMXBean
instanceKlass java/lang/management/ClassLoadingMXBean
instanceKlass javax/management/MBeanServer
instanceKlass sun/management/spi/PlatformMBeanProvider$PlatformComponent
instanceKlass javax/management/ObjectName
instanceKlass javax/management/QueryExp
instanceKlass javax/management/MBeanServerConnection
instanceKlass java/lang/management/RuntimeMXBean
instanceKlass java/lang/management/PlatformManagedObject
instanceKlass java/lang/management/ManagementFactory
instanceKlass io/netty/util/internal/PlatformDependent0
instanceKlass  @bci java/util/regex/Pattern Range (II)Ljava/util/regex/Pattern$CharPredicate; 23 <appendix> member <vmtarget> ; # java/util/regex/Pattern$$Lambda+0x800000028
instanceKlass io/netty/util/internal/LongCounter
instanceKlass io/netty/util/internal/shaded/org/jctools/queues/MessagePassingQueue
instanceKlass io/netty/util/internal/shaded/org/jctools/queues/IndexedQueueSizeUtil$IndexedQueue
instanceKlass io/netty/util/internal/shaded/org/jctools/queues/QueueProgressIndicators
instanceKlass io/netty/util/internal/PlatformDependent$ThreadLocalRandomProvider
instanceKlass io/netty/util/internal/Cleaner
instanceKlass io/netty/util/internal/PlatformDependent
instanceKlass  @bci com/firebase/server/forge/App$ main ([Ljava/lang/String;)V 160 <appendix> argL0 ; # com/firebase/server/forge/App$$$Lambda+0x0000000009145210
instanceKlass io/netty/channel/epoll/Native
instanceKlass io/netty/channel/epoll/Epoll
instanceKlass io/netty/util/internal/ObjectUtil
instanceKlass  @bci com/firebase/server/networking/package$ setupNettyResourceLeakDetection (Lcom/firebase/server/networking/package$NettyConfig;Ljava/util/Properties;)V 36 <appendix> argL0 ; # com/firebase/server/networking/package$$$Lambda+0x0000000009144688
instanceKlass scala/runtime/java8/JFunction0$mcV$sp
instanceKlass io/netty/util/internal/SystemPropertyUtil
instanceKlass io/netty/util/ResourceLeakDetectorFactory$DefaultResourceLeakDetectorFactory$1
instanceKlass ch/qos/logback/classic/util/LoggerNameUtil
instanceKlass io/netty/util/internal/logging/AbstractInternalLogger
instanceKlass io/netty/util/internal/logging/InternalLogger
instanceKlass io/netty/util/internal/logging/InternalLoggerFactory
instanceKlass io/netty/util/ResourceLeakDetector
instanceKlass io/netty/util/ResourceLeakDetectorFactory
instanceKlass io/netty/util/concurrent/AbstractEventExecutorGroup
instanceKlass com/firebase/server/networking/package$
instanceKlass com/firebase/server/networking/package$NettyConfig
instanceKlass  @bci com/firebase/server/forge/App$ main ([Ljava/lang/String;)V 78 <appendix> argL0 ; # com/firebase/server/forge/App$$$Lambda+0x000000000913f9d8
instanceKlass  @bci scopt/OptionParser handleChecks$1 (Ljava/lang/Object;Lscala/runtime/BooleanRef;)V 7 <appendix> argL0 ; # scopt/OptionParser$$Lambda+0x000000000913f5f8
instanceKlass scopt/Check$
instanceKlass  @bci scopt/OptionParser checks ()Lscala/collection/Seq; 7 <appendix> argL0 ; # scopt/OptionParser$$Lambda+0x000000000913efa0
instanceKlass  @bci scopt/OptionParser parse (Lscala/collection/Seq;Ljava/lang/Object;)Lscala/Option; 876 <appendix> member <vmtarget> ; # scopt/OptionParser$$Lambda+0x000000000913ebb8
instanceKlass  @bci scopt/OptionParser parse (Lscala/collection/Seq;Ljava/lang/Object;)Lscala/Option; 862 <appendix> member <vmtarget> ; # scopt/OptionParser$$Lambda+0x000000000913e7d0
instanceKlass  @bci scopt/OptionParser parse (Lscala/collection/Seq;Ljava/lang/Object;)Lscala/Option; 848 <appendix> member <vmtarget> ; # scopt/OptionParser$$Lambda+0x000000000913e3e8
instanceKlass  @bci scopt/OptionParser parse (Lscala/collection/Seq;Ljava/lang/Object;)Lscala/Option; 834 <appendix> member <vmtarget> ; # scopt/OptionParser$$Lambda+0x000000000913e000
instanceKlass  @bci com/firebase/core/namespace/NamespaceActor handleSingle$1 (Lakka/actor/ActorRef;Lcom/firebase/core/namespace/NamespaceEnvelope;Ljava/util/concurrent/ConcurrentLinkedQueue;Lcom/google/common/base/Supplier;Lscala/concurrent/ExecutionContext;Ljava/util/concurrent/ConcurrentLinkedQueue;)Lscala/concurrent/Future; 22 <appendix> form vmentry <vmtarget> ; # java/lang/invoke/LambdaForm$DMH+0x000000000913d000
instanceKlass  @bci scopt/OptionParser parse (Lscala/collection/Seq;Ljava/lang/Object;)Lscala/Option; 820 <appendix> member <vmtarget> ; # scopt/OptionParser$$Lambda+0x000000000913ba70
instanceKlass  @cpi scopt/OptionParser 507 form vmentry <vmtarget> ; # java/lang/invoke/LambdaForm$DMH+0x000000000913cc00
instanceKlass  @bci com/firebase/core/namespace/NamespaceActor com$firebase$core$namespace$NamespaceActor$$surveyFbkv (I)V 76 <adapter> ; # java/lang/invoke/LambdaForm$MH+0x000000000913c800
instanceKlass  @bci com/firebase/core/namespace/NamespaceActor com$firebase$core$namespace$NamespaceActor$$surveyFbkv (I)V 76 <appendix> form vmentry <vmtarget> ; # java/lang/invoke/LambdaForm$DMH+0x000000000913c400
instanceKlass  @bci scala/collection/TraversableLike filterImpl (Lscala/Function1;Z)Ljava/lang/Object; 38 <appendix> member <vmtarget> ; # scala/collection/TraversableLike$$Lambda+0x000000000913b688
instanceKlass java/lang/invoke/TypeConvertingMethodAdapter$BoxHolder
instanceKlass  @cpi com/firebase/core/namespace/NamespaceActor 2236 form vmentry <vmtarget> ; # java/lang/invoke/LambdaForm$DMH+0x000000000913c000
instanceKlass  @bci scopt/OptionParser parse (Lscala/collection/Seq;Ljava/lang/Object;)Lscala/Option; 796 <appendix> argL0 ; # scopt/OptionParser$$Lambda+0x000000000913b2a8
instanceKlass  @bci com/firebase/server/forge/App$CliOptions$ $anonfun$new$6 (Ljava/lang/String;Lcom/firebase/server/forge/App$CliOptions;)Lcom/firebase/server/forge/App$CliOptions; 7 <appendix> argL0 ; # com/firebase/server/forge/App$CliOptions$$$Lambda+0x000000000913afd8
instanceKlass com/firebase/server/forge/App$SingleProjectMode$Warning$
instanceKlass com/firebase/server/forge/App$SingleProjectMode$
instanceKlass  @bci scopt/OptionParser pushChildren$1 (Lscopt/OptionDef;Lscala/collection/mutable/ListBuffer;Lscala/collection/mutable/ListBuffer;Lscala/collection/mutable/ListBuffer;)V 62 <appendix> member <vmtarget> ; # scopt/OptionParser$$Lambda+0x000000000913a7c8
instanceKlass  @bci scopt/OptionParser pushChildren$1 (Lscopt/OptionDef;Lscala/collection/mutable/ListBuffer;Lscala/collection/mutable/ListBuffer;Lscala/collection/mutable/ListBuffer;)V 38 <appendix> member <vmtarget> ; # scopt/OptionParser$$Lambda+0x000000000913a3e0
instanceKlass  @bci scopt/OptionParser pushChildren$1 (Lscopt/OptionDef;Lscala/collection/mutable/ListBuffer;Lscala/collection/mutable/ListBuffer;Lscala/collection/mutable/ListBuffer;)V 12 <appendix> member <vmtarget> ; # scopt/OptionParser$$Lambda+0x0000000009139ff8
instanceKlass  @bci scopt/Validation$ validateValue (Lscala/collection/Seq;Ljava/lang/Object;)Lscala/util/Either; 29 <appendix> argL0 ; # scopt/Validation$$$Lambda+0x0000000009139a38
instanceKlass  @bci scopt/Validation$ validateValue (Lscala/collection/Seq;Ljava/lang/Object;)Lscala/util/Either; 2 <appendix> member <vmtarget> ; # scopt/Validation$$$Lambda+0x0000000009139650
instanceKlass scopt/Validation$
instanceKlass  @bci scopt/OptionDef apply (ILscala/collection/Seq;)Lscala/util/Either; 104 <appendix> member <vmtarget> ; # scopt/OptionDef$$Lambda+0x0000000009139168
instanceKlass scala/util/Try
instanceKlass  @bci scopt/OptionDef apply (ILscala/collection/Seq;)Lscala/util/Either; 94 <appendix> argL0 ; # scopt/OptionDef$$Lambda+0x00000000091383e8
instanceKlass  @bci scopt/OptionParser parse (Lscala/collection/Seq;Ljava/lang/Object;)Lscala/Option; 180 <appendix> member <vmtarget> ; # scopt/OptionParser$$Lambda+0x0000000009138000
instanceKlass scala/runtime/BooleanRef
instanceKlass scala/runtime/ObjectRef
instanceKlass  @bci scala/collection/immutable/Map withDefaultValue (Ljava/lang/Object;)Lscala/collection/immutable/Map; 6 <appendix> member <vmtarget> ; # scala/collection/immutable/Map$$Lambda+0x00000000091377b0
instanceKlass scala/collection/mutable/MapBuilder
instanceKlass  @bci scopt/OptionParser parse (Lscala/collection/Seq;Ljava/lang/Object;)Lscala/Option; 100 <appendix> argL0 ; # scopt/OptionParser$$Lambda+0x000000000912a7d8
instanceKlass scopt/Cmd$
instanceKlass  @bci scopt/OptionParser commands ()Lscala/collection/Seq; 7 <appendix> argL0 ; # scopt/OptionParser$$Lambda+0x000000000912a180
instanceKlass  @bci scopt/OptionParser parse (Lscala/collection/Seq;Ljava/lang/Object;)Lscala/Option; 61 <appendix> argL0 ; # scopt/OptionParser$$Lambda+0x0000000009129da0
instanceKlass scopt/Arg$
instanceKlass  @bci scopt/OptionParser arguments ()Lscala/collection/Seq; 7 <appendix> argL0 ; # scopt/OptionParser$$Lambda+0x0000000009129748
instanceKlass  @bci scopt/OptionParser parse (Lscala/collection/Seq;Ljava/lang/Object;)Lscala/Option; 22 <appendix> argL0 ; # scopt/OptionParser$$Lambda+0x0000000009129368
instanceKlass scopt/Note$
instanceKlass  @bci scopt/OptionParser nonArgs ()Lscala/collection/Seq; 7 <appendix> argL0 ; # scopt/OptionParser$$Lambda+0x0000000009128d10
instanceKlass scala/collection/mutable/GrowingBuilder
instanceKlass scala/runtime/IntRef
instanceKlass com/firebase/server/forge/App$SingleProjectMode$NoWarning$
instanceKlass  @bci com/firebase/server/forge/App$CliOptions$ <init> ()V 199 <appendix> argL0 ; # com/firebase/server/forge/App$CliOptions$$$Lambda+0x0000000009128000
instanceKlass  @bci com/firebase/server/forge/App$CliOptions$ <init> ()V 173 <appendix> argL0 ; # com/firebase/server/forge/App$CliOptions$$$Lambda+0x0000000009127860
instanceKlass  @bci com/firebase/server/forge/App$CliOptions$ <init> ()V 147 <appendix> argL0 ; # com/firebase/server/forge/App$CliOptions$$$Lambda+0x00000000091272a0
instanceKlass  @bci com/firebase/server/forge/App$CliOptions$ <init> ()V 121 <appendix> argL0 ; # com/firebase/server/forge/App$CliOptions$$$Lambda+0x0000000009126ce0
instanceKlass  @bci com/firebase/server/forge/App$CliOptions$ <init> ()V 95 <appendix> argL0 ; # com/firebase/server/forge/App$CliOptions$$$Lambda+0x0000000009126720
instanceKlass  @bci com/firebase/server/forge/App$CliOptions$ <init> ()V 69 <appendix> argL0 ; # com/firebase/server/forge/App$CliOptions$$$Lambda+0x0000000009126160
instanceKlass com/firebase/server/forge/App$CliOptions
instanceKlass  @bci scopt/OptionParser version (Ljava/lang/String;)Lscopt/OptionDef; 12 <appendix> member <vmtarget> ; # scopt/OptionParser$$Lambda+0x0000000009125888
instanceKlass  @bci scopt/OptionDef action (Lscala/Function2;)Lscopt/OptionDef; 6 <appendix> member <vmtarget> ; # scopt/OptionDef$$Lambda+0x00000000091252c0
instanceKlass  @bci scopt/OptionParser help (Ljava/lang/String;)Lscopt/OptionDef; 12 <appendix> member <vmtarget> ; # scopt/OptionParser$$Lambda+0x0000000009124cf8
instanceKlass scopt/Opt$
instanceKlass scala/collection/TraversableOnce$appender$1$
instanceKlass scala/runtime/LazyRef
instanceKlass scala/collection/immutable/StringLike
instanceKlass  @bci scopt/OptionParser updateOption (Lscopt/OptionDef;Lscopt/Read;)Lscopt/OptionDef; 5 <appendix> member <vmtarget> ; # scopt/OptionParser$$Lambda+0x0000000009120fb0
instanceKlass scala/runtime/AbstractFunction2
instanceKlass scopt/platform$
instanceKlass scopt/OptionDef$
instanceKlass scopt/OptionDef
instanceKlass  @bci scopt/Read$$anon$4 <init> ()V 14 <appendix> argL0 ; # scopt/Read$$anon$4$$Lambda+0x0000000009114a40
instanceKlass scopt/Read$$anon$4
instanceKlass  @bci scopt/Read$ liftedTree1$1 ()Lscala/Function1; 0 <appendix> argL0 ; # scopt/Read$$$Lambda+0x0000000009115b88
instanceKlass  @bci scopt/Read$ <init> ()V 105 <appendix> argL0 ; # scopt/Read$$$Lambda+0x00000000091157a8
instanceKlass  @bci scopt/Read$ <init> ()V 92 <appendix> argL0 ; # scopt/Read$$$Lambda+0x0000000009115000
instanceKlass  @bci scopt/Read$ <init> ()V 79 <appendix> argL0 ; # scopt/Read$$$Lambda+0x0000000009117b20
instanceKlass  @bci scopt/Read$ <init> ()V 66 <appendix> argL0 ; # scopt/Read$$$Lambda+0x0000000009117740
instanceKlass  @bci scopt/Read$ <init> ()V 53 <appendix> argL0 ; # scopt/Read$$$Lambda+0x0000000009117360
instanceKlass  @bci scopt/Read$ <init> ()V 40 <appendix> argL0 ; # scopt/Read$$$Lambda+0x0000000009116f80
instanceKlass  @bci scopt/Read$ <init> ()V 27 <appendix> argL0 ; # scopt/Read$$$Lambda+0x0000000009116ba0
instanceKlass  @bci scopt/Read$ <init> ()V 14 <appendix> argL0 ; # scopt/Read$$$Lambda+0x00000000091167c0
instanceKlass  @bci scopt/platform$PlatformReadInstances $init$ (Lscopt/platform$PlatformReadInstances;)V 69 <appendix> argL0 ; # scopt/platform$PlatformReadInstances$$Lambda+0x00000000091163e0
instanceKlass  @bci scopt/platform$PlatformReadInstances $init$ (Lscopt/platform$PlatformReadInstances;)V 52 <appendix> argL0 ; # scopt/platform$PlatformReadInstances$$Lambda+0x0000000009116000
instanceKlass  @bci scopt/platform$PlatformReadInstances $init$ (Lscopt/platform$PlatformReadInstances;)V 35 <appendix> argL0 ; # scopt/platform$PlatformReadInstances$$Lambda+0x000000000911f8f8
instanceKlass java/net/InetAddress
instanceKlass  @bci scopt/platform$PlatformReadInstances $init$ (Lscopt/platform$PlatformReadInstances;)V 18 <appendix> argL0 ; # scopt/platform$PlatformReadInstances$$Lambda+0x000000000911f518
instanceKlass scopt/Read$$anon$2
instanceKlass  @bci scopt/platform$PlatformReadInstances calendarRead (Ljava/lang/String;Ljava/util/Locale;)Lscopt/Read; 4 <appendix> member <vmtarget> ; # scopt/platform$PlatformReadInstances$$Lambda+0x000000000911eef0
instanceKlass scopt/Read
instanceKlass scopt/Read$
instanceKlass scopt/platform$PlatformReadInstances
instanceKlass scopt/Head$
instanceKlass scala/collection/generic/SeqForwarder
instanceKlass scala/collection/generic/IterableForwarder
instanceKlass scala/collection/generic/TraversableForwarder
instanceKlass com/firebase/server/forge/App$SingleProjectMode
instanceKlass scopt/RenderingMode
instanceKlass scopt/OptionDefKind
instanceKlass scopt/OptionParser
instanceKlass  @bci com/firebase/server/forge/App$ main ([Ljava/lang/String;)V 9 <appendix> argL0 ; # com/firebase/server/forge/App$$$Lambda+0x0000000009111fb8
instanceKlass  @cpi com/firebase/core/persistence/data/PipelinedWritePersistence$$anon$1 144 form vmentry <vmtarget> ; # java/lang/invoke/LambdaForm$DMH+0x0000000009114000
instanceKlass java/util/TimSort
instanceKlass java/util/Arrays$LegacyMergeSort
instanceKlass ch/qos/logback/classic/spi/LoggerComparator
instanceKlass ch/qos/logback/classic/selector/DefaultContextSelector
instanceKlass ch/qos/logback/core/util/StatusPrinter
instanceKlass ch/qos/logback/core/status/StatusUtil
instanceKlass ch/qos/logback/core/spi/AppenderAttachableImpl
instanceKlass ch/qos/logback/core/util/EnvUtil
instanceKlass ch/qos/logback/core/pattern/Converter
instanceKlass java/util/Date
instanceKlass java/text/DigitList
instanceKlass java/text/FieldPosition
instanceKlass java/text/DecimalFormatSymbols
instanceKlass java/text/DateFormatSymbols
instanceKlass sun/util/calendar/CalendarDate
instanceKlass sun/util/resources/Bundles$CacheKeyReference
instanceKlass java/util/ResourceBundle$ResourceBundleProviderHelper
instanceKlass  @bci sun/util/cldr/CLDRLocaleProviderAdapter applyAliases (Ljava/util/Locale;)Ljava/util/Locale; 4 <appendix> argL0 ; # sun/util/cldr/CLDRLocaleProviderAdapter$$Lambda+0x80000005a
instanceKlass java/util/Collections$EmptyIterator
instanceKlass sun/util/resources/Bundles$CacheKey
instanceKlass java/util/ResourceBundle$1
instanceKlass jdk/internal/access/JavaUtilResourceBundleAccess
instanceKlass sun/util/resources/Bundles
instanceKlass sun/util/resources/LocaleData$LocaleDataStrategy
instanceKlass sun/util/resources/Bundles$Strategy
instanceKlass sun/util/resources/LocaleData
instanceKlass java/util/regex/Pattern$BitClass
instanceKlass sun/util/locale/provider/LocaleResources
instanceKlass java/util/stream/Sink$ChainedReference
instanceKlass java/util/stream/Node$Builder
instanceKlass java/util/stream/Sink
instanceKlass java/util/stream/AbstractSpinedBuffer
instanceKlass java/util/stream/Node$OfDouble
instanceKlass java/util/stream/Node$OfLong
instanceKlass java/util/stream/Node$OfInt
instanceKlass java/util/stream/Node$OfPrimitive
instanceKlass java/util/stream/Nodes$EmptyNode
instanceKlass java/util/stream/Node
instanceKlass java/util/stream/Nodes
instanceKlass  @bci sun/util/locale/provider/LocaleProviderAdapter toLocaleArray (Ljava/util/Set;)[Ljava/util/Locale; 21 <appendix> argL0 ; # sun/util/locale/provider/LocaleProviderAdapter$$Lambda+0x80000005d
instanceKlass java/util/function/IntFunction
instanceKlass java/util/stream/DistinctOps
instanceKlass  @bci sun/util/locale/provider/LocaleProviderAdapter toLocaleArray (Ljava/util/Set;)[Ljava/util/Locale; 6 <appendix> argL0 ; # sun/util/locale/provider/LocaleProviderAdapter$$Lambda+0x80000005b
instanceKlass java/util/Spliterators$IteratorSpliterator
instanceKlass  @bci java/util/ResourceBundle$Control getCandidateLocales (Ljava/lang/String;Ljava/util/Locale;)Ljava/util/List; 23 <appendix> argL0 ; # java/util/ResourceBundle$Control$$Lambda+0x80000001d
instanceKlass  @bci java/util/ResourceBundle$Control <clinit> ()V 39 <appendix> argL0 ; # java/util/ResourceBundle$Control$$Lambda+0x80000001e
instanceKlass java/util/ResourceBundle
instanceKlass java/util/ResourceBundle$Control
instanceKlass sun/util/locale/provider/CalendarDataUtility$CalendarWeekParameterGetter
instanceKlass sun/util/locale/provider/LocaleServiceProviderPool$LocalizedObjectGetter
instanceKlass sun/util/locale/provider/LocaleServiceProviderPool
instanceKlass java/util/Locale$Builder
instanceKlass sun/util/locale/provider/CalendarDataUtility
instanceKlass sun/util/calendar/CalendarSystem$GregorianHolder
instanceKlass sun/util/calendar/CalendarSystem
instanceKlass java/util/Calendar$Builder
instanceKlass  @bci java/util/regex/Pattern Single (I)Ljava/util/regex/Pattern$BmpCharPredicate; 1 <appendix> member <vmtarget> ; # java/util/regex/Pattern$$Lambda+0x800000027
instanceKlass sun/util/locale/provider/AvailableLanguageTags
instanceKlass java/util/ServiceLoader$ProviderImpl
instanceKlass java/util/ServiceLoader$Provider
instanceKlass sun/util/resources/cldr/provider/CLDRLocaleDataMetaInfo
instanceKlass jdk/internal/module/ModulePatcher$PatchedModuleReader
instanceKlass java/util/concurrent/CopyOnWriteArrayList$COWIterator
instanceKlass java/util/Locale$LocaleCache
instanceKlass jdk/internal/util/ReferencedKeyMap$1
instanceKlass sun/util/locale/BaseLocale$1InterningCache
instanceKlass sun/util/locale/InternalLocaleBuilder$CaseInsensitiveChar
instanceKlass sun/util/locale/InternalLocaleBuilder
instanceKlass sun/util/locale/StringTokenIterator
instanceKlass java/text/ParsePosition
instanceKlass sun/util/cldr/CLDRBaseLocaleDataMetaInfo
instanceKlass sun/util/locale/provider/LocaleDataMetaInfo
instanceKlass sun/util/locale/provider/ResourceBundleBasedAdapter
instanceKlass java/util/Collections$UnmodifiableCollection$1
instanceKlass java/util/Collections$UnmodifiableCollection
instanceKlass sun/util/locale/provider/LocaleProviderAdapter
instanceKlass java/util/spi/LocaleServiceProvider
instanceKlass sun/util/calendar/CalendarUtils
instanceKlass sun/util/calendar/ZoneInfoFile$ZoneOffsetTransitionRule
instanceKlass java/io/FileInputStream$1
instanceKlass java/lang/invoke/VarHandle$AccessDescriptor
instanceKlass jdk/internal/util/ByteArray
instanceKlass sun/util/calendar/ZoneInfoFile
instanceKlass java/time/ZoneId
instanceKlass java/util/TimeZone
instanceKlass java/util/Calendar
instanceKlass java/text/AttributedCharacterIterator$Attribute
instanceKlass java/text/Format
instanceKlass ch/qos/logback/core/util/CachingDateFormatter
instanceKlass java/lang/invoke/VarForm
instanceKlass java/lang/invoke/VarHandles
instanceKlass jdk/internal/invoke/MhUtil
instanceKlass java/util/concurrent/atomic/AtomicBoolean
instanceKlass ch/qos/logback/core/util/COWArrayList
instanceKlass ch/qos/logback/core/spi/FilterAttachableImpl
instanceKlass ch/qos/logback/core/Appender
instanceKlass ch/qos/logback/core/encoder/Encoder
instanceKlass ch/qos/logback/core/Layout
instanceKlass ch/qos/logback/core/spi/ContextAwareBase
instanceKlass java/util/ServiceLoader$2
instanceKlass java/util/ServiceLoader$1
instanceKlass java/util/ServiceLoader$LazyClassPathLookupIterator
instanceKlass java/util/ImmutableCollections$Set12$1
instanceKlass java/util/ImmutableCollections$SetN$SetNIterator
instanceKlass java/util/Spliterators$1Adapter
instanceKlass java/util/EnumMap$1
instanceKlass java/util/stream/StreamOpFlag$MaskBuilder
instanceKlass java/util/stream/Stream
instanceKlass java/util/stream/BaseStream
instanceKlass java/util/stream/PipelineHelper
instanceKlass java/util/stream/StreamSupport
instanceKlass java/util/Spliterators$ArraySpliterator
instanceKlass java/util/Spliterator
instanceKlass java/util/Spliterators
instanceKlass jdk/internal/loader/AbstractClassLoaderValue$Memoizer
instanceKlass java/util/ServiceLoader$ModuleServicesLookupIterator
instanceKlass java/util/ServiceLoader
instanceKlass ch/qos/logback/classic/util/EnvUtil
instanceKlass ch/qos/logback/classic/spi/Configurator
instanceKlass ch/qos/logback/core/spi/ContextAware
instanceKlass ch/qos/logback/core/status/StatusBase
instanceKlass java/security/Permission
instanceKlass java/security/Guard
instanceKlass ch/qos/logback/core/util/Loader$1
instanceKlass ch/qos/logback/core/util/Loader
instanceKlass ch/qos/logback/core/util/OptionHelper
instanceKlass ch/qos/logback/core/status/StatusListener
instanceKlass ch/qos/logback/core/util/StatusListenerConfigHelper
instanceKlass ch/qos/logback/classic/util/ContextInitializer
instanceKlass ch/qos/logback/classic/selector/ContextSelector
instanceKlass ch/qos/logback/classic/util/ContextSelectorStaticBinder
instanceKlass ch/qos/logback/classic/Level
instanceKlass ch/qos/logback/classic/spi/ILoggingEvent
instanceKlass ch/qos/logback/core/spi/DeferredProcessingAware
instanceKlass ch/qos/logback/classic/Logger
instanceKlass org/slf4j/spi/LocationAwareLogger
instanceKlass ch/qos/logback/core/spi/AppenderAttachable
instanceKlass ch/qos/logback/classic/spi/LoggerContextVO
instanceKlass ch/qos/logback/core/spi/LogbackLock
instanceKlass ch/qos/logback/core/helpers/CyclicBuffer
instanceKlass ch/qos/logback/core/BasicStatusManager
instanceKlass ch/qos/logback/core/status/Status
instanceKlass ch/qos/logback/core/status/StatusManager
instanceKlass ch/qos/logback/core/ContextBase
instanceKlass ch/qos/logback/core/spi/LifeCycle
instanceKlass ch/qos/logback/core/Context
instanceKlass ch/qos/logback/core/spi/PropertyContainer
instanceKlass org/slf4j/impl/StaticLoggerBinder
instanceKlass jdk/internal/loader/URLClassPath$1
instanceKlass java/lang/CompoundEnumeration
instanceKlass jdk/internal/loader/BuiltinClassLoader$1
instanceKlass java/util/Collections$EmptyEnumeration
instanceKlass jdk/internal/jimage/ImageLocation
instanceKlass jdk/internal/jimage/decompressor/Decompressor
instanceKlass jdk/internal/jimage/ImageStringsReader
instanceKlass jdk/internal/jimage/ImageStrings
instanceKlass jdk/internal/jimage/ImageHeader
instanceKlass jdk/internal/reflect/Reflection$1Holder
instanceKlass jdk/internal/jimage/NativeImageBuffer$1
instanceKlass jdk/internal/jimage/NativeImageBuffer
instanceKlass java/security/AccessControlContext
instanceKlass java/security/AccessController
instanceKlass jdk/internal/jimage/BasicImageReader$1
instanceKlass java/security/PrivilegedAction
instanceKlass jdk/internal/jimage/BasicImageReader
instanceKlass jdk/internal/jimage/ImageReader
instanceKlass jdk/internal/jimage/ImageReaderFactory$1
# instanceKlass java/lang/invoke/LambdaForm$MH+0x00000000090fc800
instanceKlass java/lang/invoke/LambdaFormBuffer
instanceKlass java/lang/invoke/LambdaFormEditor$TransformKey
instanceKlass java/lang/invoke/LambdaFormEditor
instanceKlass jdk/internal/reflect/MethodHandleAccessorFactory$LazyStaticHolder
instanceKlass sun/reflect/annotation/AnnotationParser
instanceKlass jdk/internal/jimage/ImageReaderFactory
instanceKlass jdk/internal/module/SystemModuleFinders$SystemImage
instanceKlass jdk/internal/module/SystemModuleFinders$SystemModuleReader
instanceKlass java/lang/module/ModuleReader
instanceKlass jdk/internal/loader/BuiltinClassLoader$2
instanceKlass jdk/internal/module/Resources
instanceKlass org/slf4j/helpers/Util
instanceKlass org/slf4j/helpers/NOPLoggerFactory
instanceKlass java/util/concurrent/LinkedBlockingQueue$Node
instanceKlass java/util/concurrent/locks/AbstractQueuedSynchronizer$ConditionObject
instanceKlass java/util/concurrent/locks/Condition
instanceKlass java/util/concurrent/BlockingQueue
instanceKlass org/slf4j/Logger
instanceKlass org/slf4j/helpers/SubstituteLoggerFactory
instanceKlass org/slf4j/ILoggerFactory
instanceKlass org/slf4j/event/LoggingEvent
instanceKlass org/slf4j/LoggerFactory
instanceKlass scala/runtime/BoxedUnit
instanceKlass scala/runtime/AbstractFunction1
instanceKlass  @bci scala/concurrent/duration/Duration$ $anonfun$timeUnit$1 (Lscala/Tuple2;)Lscala/collection/immutable/List; 28 <appendix> member <vmtarget> ; # scala/concurrent/duration/Duration$$$Lambda+0x0000000009107328
instanceKlass  @cpi akka/actor/Address$ 65 form vmentry <vmtarget> ; # java/lang/invoke/LambdaForm$DMH+0x00000000090fc400
instanceKlass  @bci scala/concurrent/duration/Duration$ expandLabels (Ljava/lang/String;)Lscala/collection/immutable/List; 51 <appendix> argL0 ; # scala/concurrent/duration/Duration$$$Lambda+0x0000000009106f48
instanceKlass scala/collection/mutable/ArrayOps$ofRef$
instanceKlass java/util/regex/ASCII
instanceKlass java/util/regex/IntHashSet
instanceKlass java/util/regex/Matcher
instanceKlass java/util/regex/MatchResult
instanceKlass java/util/ArrayList$Itr
instanceKlass java/util/regex/Pattern$TreeInfo
instanceKlass  @bci java/util/regex/CharPredicates ASCII_SPACE ()Ljava/util/regex/Pattern$BmpCharPredicate; 0 <appendix> argL0 ; # java/util/regex/CharPredicates$$Lambda+0x800000025
instanceKlass java/util/regex/Pattern$BmpCharPredicate
instanceKlass java/util/regex/Pattern$CharPredicate
instanceKlass java/util/regex/CharPredicates
instanceKlass java/util/regex/Pattern$Node
instanceKlass java/util/regex/Pattern
instanceKlass scala/collection/mutable/IndexedSeqView
instanceKlass scala/collection/mutable/ArrayOps$ofRef
instanceKlass  @bci scala/concurrent/duration/Duration$ <init> ()V 339 <appendix> argL0 ; # scala/concurrent/duration/Duration$$$Lambda+0x0000000009104df0
instanceKlass scala/collection/DefaultMap
instanceKlass scala/collection/immutable/DefaultMap
instanceKlass  @bci scala/concurrent/duration/Duration$ <init> ()V 310 <appendix> argL0 ; # scala/concurrent/duration/Duration$$$Lambda+0x00000000090fb210
instanceKlass  @bci scala/collection/immutable/VM releaseFence ()V 3 <adapter> ; # java/lang/invoke/LambdaForm$MH+0x00000000090fc000
instanceKlass java/util/ImmutableCollections$ListItr
instanceKlass java/util/ListIterator
instanceKlass jdk/internal/classfile/impl/AnnotationReader
instanceKlass java/lang/invoke/InvokerBytecodeGenerator$2
instanceKlass java/lang/invoke/InvokerBytecodeGenerator$4$1
instanceKlass java/lang/invoke/InvokerBytecodeGenerator$4
instanceKlass java/lang/classfile/attribute/SourceFileAttribute
instanceKlass java/lang/classfile/Superclass
instanceKlass java/lang/invoke/InvokerBytecodeGenerator$1
instanceKlass java/lang/invoke/InvokerBytecodeGenerator$3
instanceKlass java/lang/invoke/VarHandleGuards
instanceKlass scala/collection/immutable/VM
instanceKlass scala/runtime/Statics
instanceKlass  @bci scala/collection/generic/Growable $plus$plus$eq (Lscala/collection/TraversableOnce;)Lscala/collection/generic/Growable; 22 <appendix> member <vmtarget> ; # scala/collection/generic/Growable$$Lambda+0x00000000090f6510
instanceKlass java/lang/classfile/constantpool/InterfaceMethodRefEntry
instanceKlass scala/Function2
instanceKlass scala/collection/immutable/HashMap$Merger
instanceKlass scala/collection/generic/BitOperations$Int
instanceKlass scala/collection/immutable/HashMap$HashMapBuilder
instanceKlass scala/collection/immutable/HasForeachEntry
instanceKlass scala/collection/immutable/Map$MapBuilderImpl
instanceKlass scala/Product2$mcJJ$sp
instanceKlass scala/Product2$mcII$sp
instanceKlass scala/Product2$mcIJ$sp
instanceKlass scala/Product2$mcJI$sp
instanceKlass scala/Product2$mcJD$sp
instanceKlass scala/Product2$mcID$sp
instanceKlass scala/Product2$mcDJ$sp
instanceKlass scala/Product2$mcDI$sp
instanceKlass scala/Product2$mcDD$sp
instanceKlass scala/Tuple2
instanceKlass scala/Product2
instanceKlass scala/Predef$$anon$1
instanceKlass scala/reflect/NoManifest$
instanceKlass scala/reflect/ManifestFactory$ClassTypeManifest
instanceKlass scala/runtime/Null$
instanceKlass scala/collection/mutable/ArrayBuilder
instanceKlass scala/collection/mutable/ReusableBuilder
instanceKlass scala/reflect/AnyValManifest
instanceKlass scala/reflect/Manifest
instanceKlass scala/reflect/ManifestFactory$
instanceKlass scala/reflect/ClassTag
instanceKlass scala/reflect/ClassManifestDeprecatedApis
instanceKlass scala/reflect/OptManifest
instanceKlass scala/reflect/ClassManifestFactory$
instanceKlass scala/reflect/package$
instanceKlass scala/collection/generic/GenSetFactory$$anon$1
instanceKlass scala/collection/immutable/Set
instanceKlass scala/collection/generic/GenMapFactory$MapCanBuildFrom
instanceKlass scala/collection/immutable/Map
instanceKlass scala/collection/immutable/MapLike
instanceKlass scala/collection/generic/GenMapFactory
instanceKlass scala/util/Right$
instanceKlass scala/util/Left$
instanceKlass scala/util/Either$
instanceKlass scala/math/Ordering$Int$
instanceKlass scala/math/Ordering$IntOrdering
instanceKlass scala/math/Ordering$Reverse
instanceKlass scala/math/Ordering$
instanceKlass scala/math/LowPriorityOrderingImplicits
instanceKlass scala/math/Ordered$
instanceKlass scala/math/Numeric$
instanceKlass scala/math/Integral$
instanceKlass scala/math/Fractional$
instanceKlass scala/math/Equiv$
instanceKlass scala/math/LowPriorityEquiv
instanceKlass scala/math/ScalaNumericConversions
instanceKlass scala/math/ScalaNumericAnyConversions
instanceKlass scala/math/BigInt$
instanceKlass java/math/MathContext
instanceKlass scala/math/BigDecimal$
instanceKlass scala/collection/immutable/Range$
instanceKlass scala/collection/mutable/StringBuilder$
instanceKlass scala/math/package$
instanceKlass scala/collection/Parallel
instanceKlass scala/collection/immutable/VectorPointer
instanceKlass scala/collection/immutable/IndexedSeq
instanceKlass scala/collection/immutable/Stream$$hash$colon$colon$
instanceKlass scala/collection/$colon$plus$
instanceKlass scala/collection/$plus$colon$
instanceKlass scala/collection/immutable/$colon$colon$
instanceKlass scala/collection/immutable/List$$anon$1
instanceKlass scala/collection/BufferedIterator
instanceKlass scala/collection/AbstractIterator
instanceKlass scala/collection/TraversableOnce$BufferedCanBuildFrom
instanceKlass scala/collection/Iterator$
instanceKlass  @bci scala/sys/SystemProperties contains (Ljava/lang/String;)Z 11 <appendix> argL0 ; # scala/sys/SystemProperties$$Lambda+0x00000000090b7108
instanceKlass scala/runtime/BoxesRunTime
instanceKlass scala/Option$
instanceKlass  @bci scala/sys/SystemProperties get (Ljava/lang/String;)Lscala/Option; 2 <appendix> member <vmtarget> ; # scala/sys/SystemProperties$$Lambda+0x00000000090b6a00
instanceKlass scala/util/Either
instanceKlass sun/invoke/empty/Empty
instanceKlass sun/invoke/util/VerifyType
instanceKlass  @bci scala/sys/SystemProperties contains (Ljava/lang/String;)Z 3 <appendix> member <vmtarget> ; # scala/sys/SystemProperties$$Lambda+0x00000000090b5d68
instanceKlass jdk/internal/classfile/impl/BytecodeHelpers$1
instanceKlass java/lang/invoke/TypeConvertingMethodAdapter$1
instanceKlass java/lang/classfile/constantpool/FieldRefEntry
instanceKlass jdk/internal/classfile/impl/TerminalFieldBuilder
instanceKlass java/lang/classfile/FieldBuilder
instanceKlass scala/runtime/java8/JFunction0$mcZ$sp
instanceKlass scala/collection/mutable/Buffer
instanceKlass scala/collection/mutable/BufferLike
instanceKlass scala/collection/script/Scriptable
instanceKlass scala/collection/Set
instanceKlass scala/collection/SetLike
instanceKlass scala/sys/package$
instanceKlass java/lang/invoke/DirectMethodHandle$2
instanceKlass java/lang/invoke/ClassSpecializer$Factory
instanceKlass java/lang/invoke/ClassSpecializer$SpeciesData
instanceKlass java/lang/invoke/ClassSpecializer$1
instanceKlass jdk/internal/vm/annotation/Stable
instanceKlass java/lang/invoke/ClassSpecializer
instanceKlass  @bci scala/sys/BooleanProp$ valueIsTrue (Ljava/lang/String;)Lscala/sys/BooleanProp; 5 <appendix> argL0 ; # scala/sys/BooleanProp$$$Lambda+0x00000000090b14f0
instanceKlass jdk/internal/util/ModifiedUtf
instanceKlass jdk/internal/classfile/impl/ClassReaderImpl
instanceKlass java/lang/classfile/ClassReader
instanceKlass jdk/internal/classfile/impl/ClassHierarchyImpl$CachedClassHierarchyResolver$1
instanceKlass java/lang/classfile/ClassHierarchyResolver$ClassHierarchyInfo
instanceKlass jdk/internal/classfile/impl/ClassHierarchyImpl$CachedClassHierarchyResolver
instanceKlass jdk/internal/classfile/impl/ClassHierarchyImpl$ClassLoadingClassHierarchyResolver$1
instanceKlass jdk/internal/classfile/impl/ClassHierarchyImpl$ClassLoadingClassHierarchyResolver
instanceKlass java/lang/classfile/ClassHierarchyResolver
instanceKlass jdk/internal/classfile/impl/ClassHierarchyImpl
instanceKlass jdk/internal/classfile/impl/RawBytecodeHelper$1
instanceKlass jdk/internal/classfile/impl/RawBytecodeHelper
instanceKlass jdk/internal/classfile/impl/StackMapGenerator$Frame
instanceKlass jdk/internal/classfile/impl/StackMapGenerator
instanceKlass java/lang/classfile/CustomAttribute
instanceKlass java/lang/classfile/constantpool/IntegerEntry
instanceKlass sun/invoke/util/BytecodeDescriptor
instanceKlass java/lang/classfile/constantpool/StringEntry
instanceKlass java/lang/classfile/constantpool/ConstantValueEntry
instanceKlass java/lang/invoke/InnerClassLambdaMetafactory$4
instanceKlass java/lang/invoke/InnerClassLambdaMetafactory$SerializationSupport
instanceKlass jdk/internal/classfile/impl/BytecodeHelpers
instanceKlass java/lang/invoke/TypeConvertingMethodAdapter
instanceKlass jdk/internal/classfile/impl/DirectCodeBuilder$8
instanceKlass java/lang/invoke/InnerClassLambdaMetafactory$6
instanceKlass java/lang/classfile/constantpool/MethodRefEntry
instanceKlass java/lang/classfile/constantpool/MemberRefEntry
instanceKlass java/lang/classfile/constantpool/NameAndTypeEntry
instanceKlass java/lang/classfile/instruction/LabelTarget
instanceKlass java/lang/classfile/Label
instanceKlass jdk/internal/classfile/impl/BufWriterImpl
instanceKlass java/lang/classfile/BufWriter
instanceKlass java/lang/classfile/instruction/LocalVariableType
instanceKlass java/lang/classfile/instruction/LocalVariable
instanceKlass java/lang/classfile/instruction/CharacterRange
instanceKlass java/lang/classfile/PseudoInstruction
instanceKlass java/lang/classfile/CodeElement
instanceKlass jdk/internal/classfile/impl/TerminalCodeBuilder
instanceKlass jdk/internal/classfile/impl/LabelContext
instanceKlass java/lang/classfile/CodeBuilder
instanceKlass jdk/internal/classfile/impl/TerminalMethodBuilder
instanceKlass jdk/internal/classfile/impl/MethodInfo
instanceKlass java/lang/classfile/MethodBuilder
instanceKlass java/lang/invoke/InnerClassLambdaMetafactory$3
instanceKlass java/lang/classfile/Interfaces
instanceKlass java/util/ImmutableCollections$Access$1
instanceKlass jdk/internal/access/JavaUtilCollectionAccess
instanceKlass java/util/ImmutableCollections$Access
instanceKlass jdk/internal/classfile/impl/AttributeHolder
instanceKlass java/lang/classfile/ClassBuilder
instanceKlass java/lang/classfile/ClassFileBuilder
instanceKlass jdk/internal/classfile/impl/AbstractDirectBuilder
instanceKlass java/lang/invoke/InnerClassLambdaMetafactory$1
instanceKlass java/util/function/Consumer
instanceKlass jdk/internal/classfile/impl/ClassFileImpl
instanceKlass java/lang/classfile/ClassFile
instanceKlass java/util/SequencedSet
instanceKlass java/lang/invoke/LambdaProxyClassArchive
instanceKlass java/lang/classfile/constantpool/ClassEntry
instanceKlass java/lang/classfile/constantpool/LoadableConstantEntry
instanceKlass jdk/internal/classfile/impl/Util
instanceKlass jdk/internal/classfile/impl/EntryMap
instanceKlass jdk/internal/classfile/impl/BootstrapMethodEntryImpl
instanceKlass java/lang/classfile/BootstrapMethodEntry
instanceKlass jdk/internal/classfile/impl/SplitConstantPool
instanceKlass java/lang/invoke/InfoFromMemberName
instanceKlass java/lang/invoke/MethodHandleInfo
instanceKlass java/lang/invoke/AbstractValidatingLambdaMetafactory
instanceKlass java/lang/invoke/BootstrapMethodInvoker
instanceKlass java/lang/invoke/Invokers$Holder
instanceKlass java/lang/invoke/DelegatingMethodHandle$Holder
instanceKlass java/lang/invoke/MethodHandleImpl$1
instanceKlass jdk/internal/access/JavaLangInvokeAccess
instanceKlass java/lang/invoke/InvokerBytecodeGenerator$8
instanceKlass jdk/internal/classfile/impl/AbstractAttributeMapper
instanceKlass java/lang/classfile/AttributeMapper
instanceKlass java/lang/classfile/Attributes
instanceKlass jdk/internal/classfile/impl/Util$Writable
instanceKlass jdk/internal/classfile/impl/AbstractElement
instanceKlass java/lang/classfile/attribute/RuntimeVisibleAnnotationsAttribute
instanceKlass java/lang/classfile/FieldElement
instanceKlass java/lang/classfile/MethodElement
instanceKlass java/lang/classfile/ClassElement
instanceKlass java/lang/classfile/Attribute
instanceKlass java/lang/classfile/ClassFileElement
instanceKlass java/lang/classfile/constantpool/Utf8Entry
instanceKlass java/lang/classfile/constantpool/AnnotationConstantValueEntry
instanceKlass java/lang/classfile/constantpool/PoolEntry
instanceKlass jdk/internal/classfile/impl/AbstractPoolEntry
instanceKlass jdk/internal/classfile/impl/TemporaryConstantPool
instanceKlass java/lang/classfile/constantpool/ConstantPoolBuilder
instanceKlass java/lang/classfile/constantpool/ConstantPool
instanceKlass java/lang/classfile/Annotation
instanceKlass java/lang/classfile/AnnotationElement
instanceKlass java/lang/invoke/InvokerBytecodeGenerator
instanceKlass java/lang/invoke/LambdaForm$Holder
instanceKlass java/lang/invoke/LambdaForm$Name
instanceKlass java/lang/reflect/Array
instanceKlass java/lang/invoke/Invokers
instanceKlass sun/invoke/util/ValueConversions
instanceKlass java/lang/invoke/DirectMethodHandle$Holder
instanceKlass java/lang/invoke/LambdaForm$NamedFunction
instanceKlass java/lang/constant/DynamicConstantDesc
instanceKlass jdk/internal/constant/DirectMethodHandleDescImpl$1
instanceKlass jdk/internal/constant/DirectMethodHandleDescImpl
instanceKlass java/lang/constant/DirectMethodHandleDesc
instanceKlass java/lang/constant/MethodHandleDesc$1
instanceKlass java/lang/constant/MethodHandleDesc
instanceKlass jdk/internal/constant/MethodTypeDescImpl
instanceKlass java/lang/constant/MethodTypeDesc
instanceKlass jdk/internal/constant/ConstantUtils
instanceKlass jdk/internal/constant/ArrayClassDescImpl
instanceKlass jdk/internal/constant/ClassOrInterfaceDescImpl
instanceKlass java/lang/constant/ClassDesc
instanceKlass java/lang/constant/ConstantDescs
instanceKlass sun/invoke/util/Wrapper$Format
instanceKlass java/lang/invoke/MethodTypeForm
instanceKlass jdk/internal/util/StrongReferenceKey
instanceKlass jdk/internal/util/ReferenceKey
instanceKlass jdk/internal/util/ReferencedKeyMap
instanceKlass java/lang/invoke/MethodType$1
instanceKlass java/lang/invoke/LambdaMetafactory
instanceKlass scala/sys/PropImpl
instanceKlass scala/sys/BooleanProp
instanceKlass scala/sys/Prop
instanceKlass scala/sys/BooleanProp$
instanceKlass scala/sys/SystemProperties$
instanceKlass scala/util/control/NoStackTrace$
instanceKlass scala/util/control/Breaks$TryBlock
instanceKlass scala/util/control/Breaks
instanceKlass scala/math/Numeric
instanceKlass scala/collection/generic/GenTraversableFactory$GenericCanBuildFrom
instanceKlass scala/package$$anon$1
instanceKlass scala/Specializable
instanceKlass scala/package$
instanceKlass scala/collection/mutable/ArrayOps
instanceKlass scala/Predef$$eq$colon$eq
instanceKlass scala/Predef$$less$colon$less
instanceKlass scala/collection/generic/CanBuildFrom
instanceKlass scala/collection/mutable/IndexedSeq
instanceKlass scala/collection/mutable/Seq
instanceKlass scala/collection/mutable/SeqLike
instanceKlass scala/collection/IndexedSeq
instanceKlass scala/collection/mutable/ArrayLike
instanceKlass scala/collection/mutable/IndexedSeqOptimized
instanceKlass scala/collection/mutable/IndexedSeqLike
instanceKlass scala/LowPriorityImplicits
instanceKlass scala/DeprecatedPredef
instanceKlass scala/Predef$ArrowAssoc$
instanceKlass scala/math/Ordering
instanceKlass scala/math/PartialOrdering
instanceKlass scala/math/Equiv
instanceKlass scala/collection/mutable/Map
instanceKlass scala/collection/mutable/MapLike
instanceKlass scala/collection/mutable/Cloneable
instanceKlass scala/Cloneable
instanceKlass scala/collection/mutable/Builder
instanceKlass scala/collection/generic/Growable
instanceKlass scala/collection/generic/Clearable
instanceKlass scala/collection/generic/Shrinkable
instanceKlass scala/collection/mutable/Iterable
instanceKlass scala/collection/mutable/Traversable
instanceKlass scala/Mutable
instanceKlass scala/collection/Map
instanceKlass scala/collection/MapLike
instanceKlass scala/collection/generic/Subtractable
instanceKlass scala/collection/mutable/HashTable
instanceKlass scala/collection/mutable/HashTable$HashUtils
instanceKlass scala/collection/CustomParallelizable
instanceKlass scala/collection/SeqView
instanceKlass scala/collection/SeqViewLike
instanceKlass scala/collection/IterableView
instanceKlass scala/collection/IterableViewLike
instanceKlass scala/collection/GenSet
instanceKlass scala/collection/generic/GenericSetTemplate
instanceKlass scala/collection/GenSetLike
instanceKlass scala/collection/GenMap
instanceKlass scala/collection/GenMapLike
instanceKlass scala/collection/TraversableView
instanceKlass scala/collection/TraversableViewLike
instanceKlass scala/collection/ViewMkString
instanceKlass scala/collection/Iterator
instanceKlass scala/util/control/ControlThrowable
instanceKlass scala/util/control/NoStackTrace
instanceKlass scala/collection/generic/TraversableFactory
instanceKlass scala/collection/generic/GenericSeqCompanion
instanceKlass scala/collection/generic/GenericCompanion
instanceKlass scala/collection/IndexedSeqOptimized
instanceKlass scala/collection/IndexedSeqLike
instanceKlass scala/collection/AbstractTraversable
instanceKlass scala/collection/immutable/LinearSeq
instanceKlass scala/collection/immutable/Seq
instanceKlass scala/collection/immutable/Iterable
instanceKlass scala/collection/immutable/Traversable
instanceKlass scala/Immutable
instanceKlass scala/collection/LinearSeq
instanceKlass scala/collection/LinearSeqOptimized
instanceKlass scala/collection/LinearSeqLike
instanceKlass scala/concurrent/duration/Duration$
instanceKlass scala/concurrent/duration/package$DurationInt$
instanceKlass scala/concurrent/duration/package$
instanceKlass scala/concurrent/duration/package$DurationInt
instanceKlass scala/concurrent/duration/DurationConversions
instanceKlass com/firebase/core/namespace/annealing/HandoffClient
instanceKlass scala/concurrent/ExecutionContext
instanceKlass com/firebase/core/security/CredentialVerifier
instanceKlass com/firebase/core/namespace/rules/tracker/RuleTrackerFactory
instanceKlass io/netty/channel/pool/ChannelPoolHandler
instanceKlass com/firebase/server/client/HttpBesieger
instanceKlass io/netty/channel/EventLoopGroup
instanceKlass io/netty/util/concurrent/EventExecutorGroup
instanceKlass java/util/concurrent/ScheduledExecutorService
instanceKlass com/firebase/util/backoffStrategy/BackoffStrategy
instanceKlass scala/concurrent/duration/Duration
instanceKlass scala/math/Ordered
instanceKlass com/firebase/core/triggers/Publisher
instanceKlass com/firebase/util/process/BackgroundProcess
instanceKlass io/netty/channel/ChannelHandlerAdapter
instanceKlass io/netty/channel/ChannelInboundHandler
instanceKlass io/netty/channel/ChannelHandler
instanceKlass com/firebase/server/router/NettyLogging
instanceKlass com/firebase/server/router/NamespaceRequestHandler
instanceKlass com/firebase/server/router/PipelinedChannelHandler
instanceKlass com/firebase/core/security/CALEnablementClient
instanceKlass com/firebase/core/persistence/PersistenceConfig
instanceKlass com/firebase/core/security/TokenServiceClient
instanceKlass com/firebase/core/namespace/annealing/AnnealingSystem
instanceKlass com/firebase/core/util/DomainInfo
instanceKlass scala/Option
instanceKlass scala/collection/Seq
instanceKlass scala/collection/SeqLike
instanceKlass scala/collection/Iterable
instanceKlass scala/collection/Traversable
instanceKlass scala/collection/IterableLike
instanceKlass scala/collection/TraversableLike
instanceKlass scala/collection/generic/FilterMonadic
instanceKlass scala/collection/TraversableOnce
instanceKlass scala/collection/GenSeq
instanceKlass scala/collection/GenSeqLike
instanceKlass scala/collection/GenIterable
instanceKlass scala/collection/GenTraversable
instanceKlass scala/collection/generic/GenericTraversableTemplate
instanceKlass scala/collection/generic/HasNewBuilder
instanceKlass scala/collection/GenIterableLike
instanceKlass scala/collection/GenTraversableLike
instanceKlass scala/collection/Parallelizable
instanceKlass scala/collection/GenTraversableOnce
instanceKlass scala/PartialFunction
instanceKlass scala/Function1
instanceKlass com/firebase/server/forge/App$
instanceKlass java/lang/PublicMethods$Key
instanceKlass java/lang/PublicMethods$MethodList
instanceKlass scala/Function0
instanceKlass com/firebase/server/router/ServerChannelHandlers
instanceKlass com/firebase/core/security/TokenServiceClients
instanceKlass scala/Serializable
instanceKlass scala/Product
instanceKlass scala/Equals
instanceKlass com/firebase/server/rest/ProxyProvider
instanceKlass com/firebase/server/realtime/RealtimeClientManager
instanceKlass com/firebase/util/logging/Logging
instanceKlass akka/actor/ActorSystem
instanceKlass akka/actor/ClassicActorSystemProvider
instanceKlass akka/actor/ActorRefFactory
instanceKlass com/firebase/core/security/CrmClient
instanceKlass java/util/concurrent/AbstractExecutorService
instanceKlass java/util/concurrent/ExecutorService
instanceKlass java/util/concurrent/Executor
instanceKlass com/firebase/core/namespace/NamespaceSystem
instanceKlass jdk/internal/misc/MethodFinder
instanceKlass com/firebase/server/forge/App
instanceKlass java/security/PermissionCollection
instanceKlass java/security/SecureClassLoader$1
instanceKlass java/util/zip/Checksum$1
instanceKlass java/util/zip/CRC32
instanceKlass java/util/zip/Checksum
instanceKlass sun/nio/ByteBuffered
instanceKlass java/lang/Package$VersionInfo
instanceKlass java/lang/NamedPackage
instanceKlass jdk/internal/loader/Resource
instanceKlass java/nio/charset/CoderResult
instanceKlass java/lang/Readable
instanceKlass jdk/internal/loader/FileURLMapper
instanceKlass jdk/internal/loader/URLClassPath$Loader
instanceKlass sun/net/util/URLUtil
instanceKlass java/util/SequencedMap
instanceKlass java/util/jar/Attributes
instanceKlass java/util/jar/JarVerifier
instanceKlass sun/security/util/Debug
instanceKlass sun/security/util/SignatureFileVerifier
instanceKlass java/util/zip/ZipFile$InflaterCleanupAction
instanceKlass java/util/zip/Inflater$InflaterZStreamRef
instanceKlass java/util/zip/Inflater
instanceKlass java/util/zip/ZipEntry
instanceKlass java/nio/Bits$1
instanceKlass jdk/internal/misc/VM$BufferPool
instanceKlass java/nio/Bits
instanceKlass sun/nio/ch/DirectBuffer
instanceKlass jdk/internal/perf/PerfCounter$CoreCounters
instanceKlass jdk/internal/perf/Perf
instanceKlass jdk/internal/perf/PerfCounter
instanceKlass java/nio/file/attribute/FileTime
instanceKlass java/util/zip/ZipUtils
instanceKlass java/util/zip/ZipFile$Source$End
instanceKlass java/io/RandomAccessFile$2
instanceKlass jdk/internal/access/JavaIORandomAccessFileAccess
instanceKlass java/io/RandomAccessFile
instanceKlass java/io/DataInput
instanceKlass java/io/DataOutput
instanceKlass sun/nio/fs/WindowsNativeDispatcher$CompletionStatus
instanceKlass sun/nio/fs/WindowsNativeDispatcher$AclInformation
instanceKlass sun/nio/fs/WindowsNativeDispatcher$Account
instanceKlass sun/nio/fs/WindowsNativeDispatcher$DiskFreeSpace
instanceKlass sun/nio/fs/WindowsNativeDispatcher$VolumeInformation
instanceKlass sun/nio/fs/WindowsNativeDispatcher$FirstStream
instanceKlass sun/nio/fs/WindowsNativeDispatcher$FirstFile
instanceKlass java/util/Enumeration
instanceKlass java/util/concurrent/ConcurrentHashMap$Traverser
instanceKlass jdk/internal/loader/NativeLibraries$2
instanceKlass jdk/internal/loader/NativeLibrary
instanceKlass java/util/ArrayDeque$DeqIterator
instanceKlass jdk/internal/loader/NativeLibraries$NativeLibraryContext$1
instanceKlass jdk/internal/loader/NativeLibraries$NativeLibraryContext
instanceKlass jdk/internal/loader/NativeLibraries$1
instanceKlass jdk/internal/loader/NativeLibraries$LibraryPaths
instanceKlass sun/nio/fs/WindowsNativeDispatcher
instanceKlass sun/nio/fs/NativeBuffer$Deallocator
instanceKlass sun/nio/fs/NativeBuffer
instanceKlass java/lang/ThreadLocal$ThreadLocalMap
instanceKlass java/lang/ThreadLocal
instanceKlass sun/nio/fs/NativeBuffers
instanceKlass sun/nio/fs/WindowsFileAttributes
instanceKlass java/nio/file/attribute/DosFileAttributes
instanceKlass sun/nio/fs/AbstractBasicFileAttributeView
instanceKlass sun/nio/fs/DynamicFileAttributeView
instanceKlass sun/nio/fs/WindowsFileAttributeViews
instanceKlass sun/nio/fs/Util
instanceKlass java/nio/file/attribute/BasicFileAttributeView
instanceKlass java/nio/file/attribute/FileAttributeView
instanceKlass java/nio/file/attribute/AttributeView
instanceKlass java/nio/file/Files
instanceKlass java/nio/file/CopyOption
instanceKlass java/nio/file/attribute/BasicFileAttributes
instanceKlass sun/nio/fs/WindowsPath
instanceKlass java/nio/file/Path
instanceKlass java/nio/file/Watchable
instanceKlass java/util/zip/ZipFile$Source$Key
instanceKlass sun/nio/fs/WindowsPathParser
instanceKlass java/nio/file/FileSystem
instanceKlass java/nio/file/OpenOption
instanceKlass java/nio/file/spi/FileSystemProvider
instanceKlass sun/nio/fs/DefaultFileSystemProvider
instanceKlass java/util/zip/ZipFile$Source
instanceKlass java/lang/ref/Cleaner$Cleanable
instanceKlass jdk/internal/ref/CleanerImpl$CleanableList$Node
instanceKlass jdk/internal/ref/CleanerImpl$CleanableList
instanceKlass jdk/internal/ref/CleanerImpl
instanceKlass java/lang/ref/Cleaner$1
instanceKlass java/lang/ref/Cleaner
instanceKlass jdk/internal/ref/CleanerFactory$1
instanceKlass java/util/concurrent/ThreadFactory
instanceKlass jdk/internal/ref/CleanerFactory
instanceKlass java/util/zip/ZipFile$CleanableResource
instanceKlass java/util/zip/ZipCoder
instanceKlass java/lang/Runtime$Version
instanceKlass java/util/jar/JavaUtilJarAccessImpl
instanceKlass jdk/internal/access/JavaUtilJarAccess
instanceKlass java/util/zip/ZipFile$1
instanceKlass jdk/internal/access/JavaUtilZipFileAccess
instanceKlass java/util/BitSet
instanceKlass java/util/zip/ZipFile
instanceKlass java/util/zip/ZipConstants
instanceKlass java/lang/StringCoding
instanceKlass sun/nio/cs/MS1252$Holder
instanceKlass sun/nio/cs/ArrayDecoder
instanceKlass java/nio/charset/CharsetDecoder
instanceKlass sun/launcher/LauncherHelper
instanceKlass java/util/Optional
instanceKlass sun/util/locale/LocaleUtils
instanceKlass java/util/Locale
instanceKlass sun/usagetracker/UsageTrackerClient
instanceKlass jdk/internal/util/EnvUtils
instanceKlass jdk/internal/vm/PostVMInitHook
instanceKlass jdk/internal/vm/ContinuationSupport
instanceKlass java/util/Deque
instanceKlass java/util/Queue
instanceKlass sun/net/util/IPAddressUtil$MASKS
instanceKlass sun/net/util/IPAddressUtil
instanceKlass java/net/URLStreamHandler
instanceKlass sun/net/www/ParseUtil
instanceKlass java/net/URL$1
instanceKlass jdk/internal/access/JavaNetURLAccess
instanceKlass java/net/URL$DefaultFactory
instanceKlass java/net/URLStreamHandlerFactory
instanceKlass jdk/internal/loader/URLClassPath
instanceKlass java/lang/Module$EnableNativeAccess
instanceKlass jdk/internal/loader/BootLoader
instanceKlass java/util/concurrent/ConcurrentHashMap$CollectionView
instanceKlass jdk/internal/loader/ClassLoaderHelper
instanceKlass java/lang/ClassLoader$ParallelLoaders
instanceKlass java/security/cert/Certificate
instanceKlass java/net/URI$1
instanceKlass jdk/internal/access/JavaNetUriAccess
instanceKlass jdk/internal/loader/AbstractClassLoaderValue
instanceKlass jdk/internal/module/ModuleBootstrap$Counters
instanceKlass jdk/internal/module/ModuleLoaderMap$Modules
instanceKlass jdk/internal/module/ModuleLoaderMap
instanceKlass jdk/internal/module/ModulePatcher
instanceKlass jdk/internal/util/DecimalDigits
instanceKlass java/io/FileSystem
instanceKlass java/io/DefaultFileSystem
instanceKlass java/io/File
instanceKlass java/lang/module/ModuleDescriptor$1
instanceKlass jdk/internal/access/JavaLangModuleAccess
instanceKlass sun/invoke/util/VerifyAccess
instanceKlass java/util/KeyValueHolder
instanceKlass java/util/ImmutableCollections$MapN$MapNIterator
instanceKlass java/lang/invoke/MethodHandles$Lookup
instanceKlass java/lang/invoke/MemberName$Factory
instanceKlass java/lang/invoke/MethodHandles
instanceKlass jdk/internal/module/ModuleBootstrap
instanceKlass java/util/HexFormat
instanceKlass jdk/internal/util/ClassFileDumper
instanceKlass java/lang/CharacterData
instanceKlass java/lang/invoke/MethodHandleStatics
instanceKlass java/util/Collections
instanceKlass java/lang/Thread$ThreadIdentifiers
instanceKlass sun/io/Win32ErrorMode
instanceKlass jdk/internal/misc/OSEnvironment
instanceKlass jdk/internal/misc/Signal$NativeHandler
instanceKlass java/util/Hashtable$Entry
instanceKlass jdk/internal/misc/Signal
instanceKlass java/lang/Terminator$1
instanceKlass jdk/internal/misc/Signal$Handler
instanceKlass java/lang/Terminator
instanceKlass java/nio/ByteOrder
instanceKlass java/nio/Buffer$2
instanceKlass jdk/internal/access/JavaNioAccess
instanceKlass java/nio/Buffer$1
instanceKlass jdk/internal/misc/ScopedMemoryAccess
instanceKlass java/nio/charset/CodingErrorAction
instanceKlass sun/nio/cs/SingleByte
instanceKlass java/lang/StringUTF16
instanceKlass sun/nio/cs/IBM437$Holder
instanceKlass sun/nio/cs/ArrayEncoder
instanceKlass java/nio/charset/CharsetEncoder
instanceKlass java/io/Writer
instanceKlass java/io/OutputStream
instanceKlass java/io/Flushable
instanceKlass java/io/FileDescriptor$1
instanceKlass jdk/internal/access/JavaIOFileDescriptorAccess
instanceKlass java/io/FileDescriptor
instanceKlass jdk/internal/util/StaticProperty
instanceKlass jdk/internal/reflect/MethodHandleAccessorFactory
instanceKlass jdk/internal/reflect/Reflection
instanceKlass java/lang/reflect/Modifier
instanceKlass java/lang/Class$Atomic
instanceKlass java/lang/Class$ReflectionData
instanceKlass java/nio/charset/StandardCharsets
instanceKlass sun/nio/cs/HistoricallyNamedCharset
instanceKlass java/util/Arrays
instanceKlass jdk/internal/util/Preconditions$3
instanceKlass jdk/internal/util/Preconditions$2
instanceKlass jdk/internal/util/Preconditions$4
instanceKlass java/util/function/BiFunction
instanceKlass jdk/internal/util/Preconditions$1
instanceKlass jdk/internal/util/Preconditions
instanceKlass java/nio/charset/spi/CharsetProvider
instanceKlass java/nio/charset/Charset
instanceKlass java/util/HashMap$HashIterator
instanceKlass java/util/Objects
instanceKlass java/util/concurrent/locks/LockSupport
instanceKlass java/util/concurrent/ConcurrentHashMap$CounterCell
instanceKlass java/util/concurrent/locks/ReentrantLock
instanceKlass java/util/concurrent/locks/Lock
instanceKlass java/lang/Runtime
instanceKlass java/lang/VersionProps
instanceKlass java/lang/StringConcatHelper
instanceKlass jdk/internal/util/ArraysSupport
instanceKlass java/lang/StringLatin1
instanceKlass java/lang/StrictMath
instanceKlass jdk/internal/util/SystemProps$Raw
instanceKlass jdk/internal/util/SystemProps
instanceKlass java/lang/System$1
instanceKlass jdk/internal/access/JavaLangAccess
instanceKlass java/lang/ref/ReferenceQueue$Lock
instanceKlass java/lang/ref/ReferenceQueue
instanceKlass java/lang/ref/Reference$1
instanceKlass jdk/internal/access/JavaLangRefAccess
instanceKlass java/lang/Math
instanceKlass java/io/ObjectStreamClass
instanceKlass jdk/internal/reflect/ReflectionFactory
instanceKlass jdk/internal/access/SharedSecrets
instanceKlass java/lang/reflect/ReflectAccess
instanceKlass jdk/internal/access/JavaLangReflectAccess
instanceKlass jdk/internal/misc/CDS
instanceKlass jdk/internal/misc/VM
instanceKlass java/lang/String$CaseInsensitiveComparator
instanceKlass java/util/Comparator
instanceKlass java/io/ObjectStreamField
instanceKlass java/lang/Module$ArchivedData
instanceKlass jdk/internal/module/ArchivedBootLayer
instanceKlass jdk/internal/loader/BuiltinClassLoader$LoadedModule
instanceKlass jdk/internal/module/ServicesCatalog$ServiceProvider
instanceKlass java/util/concurrent/CopyOnWriteArrayList
instanceKlass jdk/internal/module/ServicesCatalog
instanceKlass java/util/concurrent/ConcurrentHashMap$Node
instanceKlass jdk/internal/loader/NativeLibraries
instanceKlass java/security/Principal
instanceKlass jdk/internal/loader/ArchivedClassLoaders
instanceKlass jdk/internal/math/FDBigInteger
instanceKlass java/lang/ModuleLayer
instanceKlass java/util/ImmutableCollections
instanceKlass jdk/internal/module/ModuleLoaderMap$Mapper
instanceKlass java/util/function/Function
instanceKlass java/lang/module/ResolvedModule
instanceKlass java/lang/module/Configuration
instanceKlass java/util/HashMap$Node
instanceKlass java/util/Map$Entry
instanceKlass java/util/Collections$UnmodifiableMap
instanceKlass jdk/internal/module/ModuleHashes
instanceKlass jdk/internal/module/ModuleTarget
instanceKlass java/lang/module/ModuleDescriptor$Opens
instanceKlass jdk/internal/module/SystemModuleFinders$2
instanceKlass jdk/internal/module/ModuleHashes$HashSupplier
instanceKlass jdk/internal/module/SystemModuleFinders$1
instanceKlass java/util/function/Supplier
instanceKlass java/net/URI
instanceKlass java/lang/module/ModuleDescriptor$Provides
instanceKlass java/lang/module/ModuleDescriptor$Exports
instanceKlass java/lang/module/ModuleDescriptor$Requires
instanceKlass java/lang/module/ModuleDescriptor$Version
instanceKlass java/lang/module/ModuleDescriptor
instanceKlass java/lang/module/ModuleReference
instanceKlass java/util/Set
instanceKlass jdk/internal/module/SystemModuleFinders$SystemModuleFinder
instanceKlass java/lang/module/ModuleFinder
instanceKlass jdk/internal/module/ArchivedModuleGraph
instanceKlass sun/util/locale/BaseLocale
instanceKlass java/util/jar/Attributes$Name
instanceKlass java/lang/Character$CharacterCache
instanceKlass java/lang/Short$ShortCache
instanceKlass java/lang/Byte$ByteCache
instanceKlass java/lang/Long$LongCache
instanceKlass java/lang/Integer$IntegerCache
instanceKlass jdk/internal/vm/FillerObject
instanceKlass jdk/internal/vm/vector/VectorSupport$VectorPayload
instanceKlass jdk/internal/vm/vector/VectorSupport
instanceKlass java/lang/reflect/RecordComponent
instanceKlass java/util/Iterator
instanceKlass java/lang/Void
instanceKlass java/lang/Number
instanceKlass java/lang/Character
instanceKlass java/lang/Boolean
instanceKlass java/util/concurrent/locks/AbstractOwnableSynchronizer
instanceKlass java/lang/LiveStackFrame
instanceKlass java/lang/ClassFrameInfo
instanceKlass java/lang/StackWalker$StackFrame
instanceKlass java/lang/StackStreamFactory$AbstractStackWalker
instanceKlass java/lang/StackWalker
instanceKlass java/nio/Buffer
instanceKlass java/lang/StackTraceElement
instanceKlass java/util/RandomAccess
instanceKlass java/util/List
instanceKlass java/util/SequencedCollection
instanceKlass java/util/AbstractCollection
instanceKlass java/util/Collection
instanceKlass java/lang/Iterable
instanceKlass java/util/concurrent/ConcurrentMap
instanceKlass java/util/AbstractMap
instanceKlass java/security/CodeSource
instanceKlass jdk/internal/loader/ClassLoaders
instanceKlass java/util/jar/Manifest
instanceKlass java/lang/Enum
instanceKlass java/net/URL
instanceKlass java/io/InputStream
instanceKlass java/io/Closeable
instanceKlass java/lang/AutoCloseable
instanceKlass jdk/internal/module/Modules
instanceKlass jdk/internal/misc/Unsafe
instanceKlass jdk/internal/misc/UnsafeConstants
instanceKlass java/lang/AbstractStringBuilder
instanceKlass java/lang/Appendable
instanceKlass java/lang/AssertionStatusDirectives
instanceKlass jdk/internal/foreign/abi/ABIDescriptor
instanceKlass jdk/internal/foreign/abi/NativeEntryPoint
instanceKlass java/lang/invoke/CallSite
instanceKlass java/lang/invoke/MethodType
instanceKlass java/lang/invoke/TypeDescriptor$OfMethod
instanceKlass java/lang/invoke/LambdaForm
instanceKlass java/lang/invoke/MethodHandleNatives
instanceKlass java/lang/invoke/MethodHandleImpl
instanceKlass java/lang/invoke/ResolvedMethodName
instanceKlass java/lang/invoke/MemberName
instanceKlass java/lang/invoke/VarHandle
instanceKlass java/lang/invoke/MethodHandle
instanceKlass jdk/internal/reflect/ConstructorAccessorImpl
instanceKlass jdk/internal/reflect/ConstructorAccessor
instanceKlass jdk/internal/reflect/CallerSensitive
instanceKlass java/lang/annotation/Annotation
instanceKlass jdk/internal/reflect/ConstantPool
instanceKlass jdk/internal/reflect/MethodAccessorImpl
instanceKlass jdk/internal/reflect/MethodAccessor
instanceKlass jdk/internal/vm/StackChunk
instanceKlass jdk/internal/vm/Continuation
instanceKlass jdk/internal/vm/ContinuationScope
instanceKlass java/lang/reflect/Parameter
instanceKlass java/lang/reflect/Member
instanceKlass java/lang/reflect/AccessibleObject
instanceKlass java/lang/Module
instanceKlass java/util/Map
instanceKlass java/util/Dictionary
instanceKlass java/lang/ThreadGroup
instanceKlass java/lang/Thread$UncaughtExceptionHandler
instanceKlass java/lang/Thread$Constants
instanceKlass java/lang/Thread$FieldHolder
instanceKlass java/lang/Thread
instanceKlass java/lang/Runnable
instanceKlass java/lang/ref/Reference
instanceKlass java/lang/Record
instanceKlass java/security/ProtectionDomain
instanceKlass java/lang/Throwable
instanceKlass java/lang/System
instanceKlass java/lang/ClassLoader
instanceKlass java/lang/Cloneable
instanceKlass java/lang/Class
instanceKlass java/lang/invoke/TypeDescriptor$OfField
instanceKlass java/lang/invoke/TypeDescriptor
instanceKlass java/lang/reflect/Type
instanceKlass java/lang/reflect/GenericDeclaration
instanceKlass java/lang/reflect/AnnotatedElement
instanceKlass java/lang/String
instanceKlass java/lang/constant/ConstantDesc
instanceKlass java/lang/constant/Constable
instanceKlass java/lang/CharSequence
instanceKlass java/lang/Comparable
instanceKlass java/io/Serializable
ciInstanceKlass java/lang/Object 1 1 115 7 1 10 12 1 1 10 7 12 1 1 1 10 7 12 1 1 1 10 12 1 1 8 1 10 12 1 1 10 7 12 1 1 1 10 12 1 10 12 1 1 100 1 8 1 10 12 1 10 7 12 1 1 1 7 1 10 12 1 7 1 10 12 1 1 8 1 3 8 1 100 1 5 0 1 1 1 1 1 1 1 1 1 1 1 1 1 1 1 1 100 1 1 1 1 1 1 1 1 1 1 1 1 1 100 1 1 1 1 1 1 3 1 1
ciInstanceKlass java/io/Serializable 1 0 7 100 1 100 1 1 1
ciInstanceKlass java/lang/System 1 1 591 10 100 12 1 1 1 10 7 12 1 1 1 10 12 1 1 10 12 1 9 12 1 1 10 7 12 1 1 1 11 100 12 1 1 1 10 100 12 1 1 1 10 12 1 1 100 1 8 1 10 12 1 9 12 1 1 9 12 1 1 10 7 12 1 1 1 10 7 12 1 1 1 10 12 1 1 10 12 1 10 7 12 1 1 1 10 12 1 10 12 1 1 7 1 10 12 1 1 100 1 8 1 10 10 12 1 1 100 1 8 1 10 10 7 12 1 1 10 12 10 100 12 1 1 10 7 12 1 1 1 100 1 8 1 10 10 100 12 1 1 1 10 100 12 1 1 1 100 1 10 100 12 1 1 1 10 12 1 1 10 7 12 1 1 1 10 12 1 1 10 12 1 10 12 1 8 1 10 12 1 1 10 12 1 1 8 1 10 12 1 7 1 7 1 10 12 1 9 7 12 1 1 1 10 7 12 1 1 1 10 12 1 10 12 1 10 7 12 1 1 1 100 1 8 1 10 9 12 1 1 9 12 1 10 12 1 10 100 12 1 1 10 12 1 10 12 1 1 100 1 10 8 1 10 12 1 1 10 12 1 10 12 1 1 10 12 1 1 8 1 11 7 12 1 1 10 12 11 12 1 1 11 7 12 1 1 1 11 7 12 1 1 11 12 1 1 7 1 11 12 1 10 12 1 8 1 10 12 1 1 8 1 8 1 8 1 8 1 11 12 1 10 12 1 1 10 12 1 10 12 1 8 1 10 12 1 1 8 1 9 12 1 8 1 10 7 12 1 1 8 1 7 1 9 7 12 1 1 1 10 12 1 7 1 9 12 10 9 12 7 1 10 12 9 12 1 1 8 1 10 12 1 1 8 1 9 12 1 10 7 12 1 1 10 12 1 10 12 1 1 11 7 12 1 1 10 12 10 7 12 1 1 1 9 12 1 1 100 1 100 1 8 1 10 12 1 1 10 12 1 8 1 8 1 10 8 1 8 1 8 1 8 1 8 1 10 8 1 10 7 12 1 1 1 10 7 12 1 1 1 10 12 1 1 7 1 10 10 12 1 10 12 1 9 12 1 1 1 1 1 1 1 1 1 1 1 1 100 1 1 100 1 1 1 1 1 1 1 1 1 1 3 1 1 1 1 1 1 1 1 1 1 1 1 1 1 1 1 1 1 1 1 1 1 1 1 1 1 1 1 1 1 1 1 1 1 1 1 1 1 1 1 1 1 1 1 1 1 1 1 1 1 1 100 1 1 1 1 1 1 1 1 1 1 1 1 1 1 1 1 1 1 1 1 1 1 1 1 1 100 1 100 1 1 1 1 1 1 1 1
staticfield java/lang/System in Ljava/io/InputStream; java/io/BufferedInputStream
staticfield java/lang/System out Ljava/io/PrintStream; java/io/PrintStream
staticfield java/lang/System err Ljava/io/PrintStream; java/io/PrintStream
instanceKlass java/security/Security$1
instanceKlass java/security/Provider
ciInstanceKlass java/util/Properties 1 1 690 10 7 12 1 1 1 100 1 10 7 12 1 1 7 1 10 12 1 9 12 1 1 9 12 1 1 9 12 1 1 10 7 12 1 1 1 10 12 1 1 8 1 10 7 12 1 1 1 7 1 10 12 1 10 12 1 1 8 1 10 12 1 7 1 10 12 10 12 1 1 9 12 1 1 10 12 1 1 7 1 10 12 1 10 12 1 10 12 1 1 100 1 8 1 10 12 1 10 12 1 10 12 1 1 10 12 1 100 1 3 10 10 100 12 1 1 1 10 12 1 10 12 1 1 8 1 10 12 1 10 12 1 1 8 1 10 100 12 1 1 10 12 1 1 10 12 1 10 12 1 1 100 1 10 12 1 10 12 1 1 100 1 9 100 12 1 1 1 10 12 1 10 12 1 1 10 12 1 1 10 12 1 1 100 1 9 12 1 1 7 1 100 1 10 12 1 100 1 11 7 12 1 1 1 11 12 1 1 11 100 12 1 1 1 11 7 12 1 1 1 11 12 1 1 11 12 1 11 12 1 10 12 1 1 8 1 10 12 1 10 100 12 1 1 10 12 1 100 1 10 10 12 1 10 12 1 100 1 10 10 12 1 1 10 100 12 1 1 9 100 12 1 1 10 12 1 1 10 100 12 1 1 1 100 1 100 1 100 1 10 8 1 8 1 10 12 1 10 12 1 10 12 1 1 10 10 12 1 1 10 12 1 1 7 1 10 10 12 1 11 7 12 1 1 10 7 12 1 1 1 8 1 10 100 12 1 1 11 11 7 1 8 1 10 100 1 11 10 12 1 10 10 12 1 10 12 1 1 10 12 1 1 10 12 1 1 10 12 1 10 12 1 10 10 12 1 10 12 1 10 12 1 10 10 12 1 1 10 12 1 1 10 10 12 1 10 12 1 10 12 1 10 12 1 10 12 1 1 10 12 1 1 10 12 1 10 12 1 10 12 1 1 10 12 10 12 1 1 10 12 1 1 10 12 1 10 12 1 1 10 12 1 1 10 12 10 11 12 1 4 11 10 12 1 1 10 100 12 1 1 11 12 1 10 12 1 1 10 100 12 1 1 10 12 1 100 1 8 1 10 12 1 10 10 100 12 1 1 1 100 1 6 0 10 12 1 1 11 100 12 1 1 1 10 12 1 10 12 1 1 1 1 1 5 0 1 1 1 1 1 1 1 1 1 1 1 1 1 1 1 1 1 1 1 1 1 1 1 1 1 1 1 1 1 1 1 1 1 1 1 1 1 1 1 100 1 1 1 1 1 1 1 1 1 1 1 1 1 1 1 1 1 1 1 1 100 1 1 1 1 1 1 1 1 1 1 1 1 100 1 100 1 1 1 1 1 100 1 1 1 1 1 1 1 1 1 1 1 1 1 1 1 1 1 1 1 1 1 1 1 1 1 1 1 1 1 1 1 1 1 1 1 1 1 1 1 1 1 1 1 1 1 1 1 1 1 1 1 1 1 1 1 1 1 1 1 1 1 1 1 1 1 1 1 1 1 1 1 1 1 1 1 1 1 100 1 1 1 1 1 1 1 1 1 1 1 100 1 1
staticfield java/util/Properties UNSAFE Ljdk/internal/misc/Unsafe; jdk/internal/misc/Unsafe
instanceKlass scala/collection/convert/Wrappers$DictionaryWrapper
instanceKlass java/util/Hashtable
ciInstanceKlass java/util/Dictionary 1 1 36 10 7 12 1 1 1 100 1 1 1 1 1 1 1 1 1 1 1 1 1 1 1 1 1 1 1 1 1 1 1 1 1 1 1 1
instanceKlass java/util/Properties
ciInstanceKlass java/util/Hashtable 1 1 516 100 1 10 7 12 1 1 1 9 7 12 1 1 1 100 1 100 1 10 8 1 10 12 1 1 10 12 1 10 12 1 1 10 12 1 10 7 12 1 1 1 8 1 10 12 1 9 12 1 1 7 1 9 12 1 1 4 10 7 12 1 1 1 9 12 1 4 10 12 1 11 100 12 1 1 1 10 12 1 1 10 12 1 1 9 12 1 10 12 1 1 100 1 10 9 12 1 1 10 7 12 1 1 1 9 12 1 1 10 12 1 10 12 1 3 9 12 1 9 12 1 3 10 12 1 10 12 1 10 12 1 1 11 12 1 1 11 100 12 1 1 1 11 100 12 1 1 1 11 12 1 100 1 11 12 1 11 12 1 10 12 1 1 10 12 1 1 10 12 1 9 12 1 1 9 12 9 12 1 1 10 100 1 100 1 10 12 1 10 8 1 10 10 12 1 8 1 10 8 1 10 100 12 1 1 1 7 1 10 12 1 10 12 1 100 1 10 12 1 10 12 1 1 100 1 10 100 1 10 10 12 1 1 11 12 1 1 11 12 1 100 1 10 10 10 100 12 1 1 11 100 12 1 1 1 100 1 10 11 100 12 1 1 11 100 12 1 10 12 1 10 12 1 1 10 100 12 1 1 10 12 1 1 10 12 1 1 10 12 1 1 10 100 12 1 1 1 8 10 100 12 1 1 100 1 8 1 10 4 4 10 12 1 1 10 12 1 8 1 4 10 12 10 100 12 1 1 1 100 1 11 100 12 1 1 1 10 100 12 1 1 1 10 12 1 10 12 1 1 10 100 1 100 1 1 1 1 1 1 5 0 1 1 1 1 1 3 1 3 1 3 1 1 1 1 1 1 1 1 1 1 1 1 1 1 1 1 1 1 1 1 1 1 1 1 1 100 1 1 1 1 1 1 1 1 1 1 1 1 1 1 1 1 1 1 1 1 1 1 1 1 1 1 1 1 1 100 1 1 1 1 1 1 1 1 1 1 1 1 1 1 100 1 1 1 1 1 1 1 1 1 1 1 1 1 1 1 1 1 1 1 1 1 1 1 1 1 1 1 1 1 1 1 1 1 1 1 1 1 1 1 1 1 1 1 1 100 1 1 1 100 1 1 1 1 1 100 1 1 1 1 1 1 1 1 1 1 1 1 1 1 1 1 1 1
ciInstanceKlass java/util/Map 1 1 263 11 7 12 1 1 1 11 12 1 1 10 7 12 1 1 11 12 1 1 11 100 12 1 1 1 11 100 12 1 1 1 11 12 1 1 7 1 11 12 1 11 12 1 100 1 100 1 10 12 1 1 11 100 12 1 1 1 11 100 12 1 1 1 11 12 1 11 12 1 10 12 1 1 11 12 1 11 7 12 1 9 7 12 1 1 1 100 1 10 12 7 1 7 1 10 12 1 7 1 10 100 1 11 12 1 11 12 1 1 11 12 1 1 100 1 11 12 1 1 1 1 1 1 1 1 1 1 1 1 1 1 1 1 1 1 1 1 1 1 1 1 1 1 1 1 1 1 1 1 1 1 1 1 1 1 1 1 1 1 1 1 1 1 1 1 1 1 1 1 1 1 1 1 1 1 1 1 1 1 1 1 1 1 1 1 1 1 1 1 1 1 1 1 1 1 1 1 1 1 1 1 1 1 1 1 1 1 1 1 1 1 1 1 1 1 1 1 1 1 1 1 1 1 1 1 1 1 1 1 1 1 1 1 1 1 1 1 1 1 1 1 1 1 100 1 1 1 1 1 1 1 1 1 1 1 1 1 1 1 1 1 1
ciInstanceKlass java/lang/String 1 1 1471 10 7 12 1 1 1 8 1 9 7 12 1 1 1 9 12 1 1 9 12 1 1 9 12 1 1 10 12 1 10 12 1 1 10 12 1 1 9 12 1 10 7 12 1 1 1 10 12 1 1 10 12 1 10 7 12 1 1 1 10 12 1 1 10 12 1 1 10 12 1 10 12 1 1 10 12 1 10 7 12 1 1 1 7 1 9 7 12 1 1 1 10 7 12 1 1 1 10 12 1 1 10 12 1 1 10 7 12 1 1 1 10 12 1 1 9 7 12 1 1 10 12 9 7 12 1 1 10 12 1 1 3 10 12 1 1 7 1 11 12 1 1 11 12 1 11 12 1 1 10 100 12 1 1 1 10 12 1 1 9 100 12 1 1 1 10 12 1 1 10 12 1 11 12 1 1 10 12 1 10 12 10 12 1 1 100 1 100 1 10 12 1 10 12 1 10 7 12 1 1 1 10 12 1 1 100 1 10 12 1 1 100 1 10 12 1 1 10 12 1 1 10 12 1 10 10 12 1 100 1 100 1 100 1 10 12 1 10 12 1 1 10 12 1 1 10 12 1 10 12 1 1 10 12 1 1 10 100 12 1 1 100 1 11 10 7 12 1 1 11 12 1 11 12 1 10 12 1 10 12 1 10 12 10 12 1 1 10 10 100 12 1 1 1 10 100 12 1 1 10 12 1 1 10 100 12 1 1 10 12 1 10 12 1 1 10 12 1 1 10 12 1 10 12 1 10 12 1 1 100 1 10 12 1 1 10 12 10 12 1 10 12 1 1 10 12 1 1 10 100 12 1 1 1 10 12 1 10 12 1 1 10 12 1 10 12 1 3 3 10 12 1 1 10 12 1 10 12 1 1 10 12 1 1 10 12 1 1 10 12 1 10 12 1 1 10 12 1 1 10 12 1 10 12 1 10 12 1 10 12 1 1 10 12 1 10 12 1 10 12 1 10 12 1 10 12 1 10 12 1 10 100 1 10 8 1 10 12 1 1 10 12 1 8 1 10 12 1 1 10 12 10 12 1 8 1 10 10 12 1 1 10 12 1 1 7 1 5 0 100 1 8 1 10 10 12 1 1 5 0 5 0 5 0 10 12 1 1 10 100 1 10 10 12 1 10 12 1 10 12 1 10 10 12 1 10 12 1 10 12 1 10 12 1 10 12 1 10 12 1 10 12 1 1 10 12 1 1 10 12 1 1 10 10 12 1 1 10 10 12 1 100 1 10 9 100 12 1 1 1 11 100 12 1 1 1 10 12 1 1 10 12 1 1 10 7 1 10 12 1 10 12 1 10 7 12 1 1 1 10 12 1 10 12 1 1 10 12 1 11 7 1 11 12 10 12 1 10 12 1 1 10 12 1 1 10 10 12 1 10 12 1 9 12 1 1 11 7 12 1 1 1 10 12 10 10 12 1 10 12 1 1 10 10 12 1 10 12 1 10 12 1 1 10 12 1 1 10 10 12 1 1 10 10 7 12 1 1 1 10 12 1 10 12 1 10 12 10 10 12 10 10 12 1 10 12 1 10 10 12 10 12 1 1 10 12 10 10 12 10 12 1 10 12 10 12 10 10 12 1 10 12 1 1 10 12 1 1 10 10 12 1 10 7 12 1 1 1 10 12 1 1 10 10 7 12 1 1 1 11 10 12 1 10 12 1 1 10 12 1 1 10 100 12 1 1 1 10 12 1 10 12 1 10 12 1 10 12 1 10 12 1 10 12 1 100 1 10 10 12 1 10 12 1 1 8 1 10 12 1 3 3 10 12 1 10 12 1 1 10 12 7 1 10 10 12 1 1 10 12 10 12 1 10 12 1 10 12 1 1 10 12 1 1 11 7 12 1 1 1 7 1 10 12 1 10 12 1 1 8 1 10 12 1 1 10 12 1 11 100 12 1 1 1 11 100 12 1 1 11 12 1 10 12 1 10 12 1 1 10 10 7 12 1 1 1 10 12 1 10 12 1 10 10 12 10 12 1 1 10 10 12 1 10 10 12 1 10 10 12 1 10 10 12 1 10 12 1 1 10 10 12 1 8 1 10 12 1 1 18 12 1 1 11 100 12 1 1 1 3 18 12 1 18 12 1 8 1 10 100 12 1 1 1 11 12 1 1 10 12 10 10 12 1 10 11 12 1 1 10 12 1 1 11 12 1 18 3 11 10 11 11 10 12 1 10 12 1 1 8 1 10 12 1 10 12 1 10 12 1 1 10 10 12 1 11 100 12 1 100 1 100 1 10 12 100 1 10 10 100 12 1 1 1 100 1 10 7 1 10 10 12 1 10 10 12 1 8 1 10 10 12 1 8 1 8 1 10 12 1 10 12 1 10 10 12 10 100 12 1 1 10 100 12 1 1 10 100 12 1 1 8 1 10 12 1 10 12 1 10 9 12 1 10 12 9 7 12 1 1 1 10 12 1 10 12 1 10 12 1 10 12 10 12 1 10 12 1 8 1 10 100 12 1 1 1 10 12 10 12 1 1 10 12 10 12 10 12 7 1 9 12 1 1 7 1 10 100 1 100 1 100 1 100 1 1 1 1 1 1 5 0 1 1 1 1 1 3 1 3 1 1 1 1 1 1 1 1 1 1 1 1 1 1 1 100 1 1 1 1 1 1 1 1 1 1 1 1 1 1 1 1 1 1 1 1 1 1 1 1 1 1 1 1 1 1 1 100 1 1 1 1 1 1 1 1 1 1 1 1 100 1 1 1 1 1 1 1 1 1 1 1 1 1 1 1 1 1 1 1 1 1 1 1 1 1 1 1 1 1 1 1 1 1 1 1 1 1 1 1 1 1 1 1 1 1 1 1 1 1 1 1 1 1 1 1 1 1 1 1 1 1 1 1 1 1 1 1 1 1 1 1 1 1 1 1 1 1 1 1 1 1 1 1 1 1 1 1 1 1 1 1 1 1 1 1 1 1 1 1 1 1 1 1 1 1 1 1 1 1 1 1 1 1 1 1 1 1 1 1 1 1 1 1 1 1 1 1 1 1 1 1 1 1 1 1 1 1 1 1 1 1 1 1 1 1 1 1 1 1 1 1 1 1 1 1 1 1 1 1 1 1 1 1 1 1 1 1 1 1 1 1 1 1 1 1 1 1 1 1 100 1 1 1 1 1 1 1 1 1 1 1 1 1 1 1 1 1 1 1 1 1 1 1 100 1 1 1 1 1 1 1 1 1 1 1 1 1 1 1 100 1 1 1 1 1 1 1 1 1 1 1 1 1 1 1 16 15 10 12 16 15 10 12 15 10 12 15 10 12 15 10 100 12 1 1 1 1 100 1 1 1 1 1 100 1 100 1 1 1
staticfield java/lang/String COMPACT_STRINGS Z 1
staticfield java/lang/String serialPersistentFields [Ljava/io/ObjectStreamField; 0 [Ljava/io/ObjectStreamField;
staticfield java/lang/String CASE_INSENSITIVE_ORDER Ljava/util/Comparator; java/lang/String$CaseInsensitiveComparator
ciInstanceKlass java/lang/Comparable 1 0 12 100 1 100 1 1 1 1 1 1 1 1
ciInstanceKlass java/lang/CharSequence 1 1 145 11 7 12 1 1 1 18 12 1 1 100 1 10 100 12 1 1 1 18 10 100 12 1 1 1 11 12 1 1 11 100 1 11 12 1 1 10 100 12 1 1 1 11 12 1 1 10 12 1 1 10 12 1 100 1 10 12 1 1 10 100 12 1 1 1 100 1 10 10 12 1 1 100 1 1 1 1 1 1 1 1 1 1 1 1 1 1 1 1 1 1 1 1 1 1 1 1 1 1 1 1 1 1 1 1 1 1 1 1 1 1 1 1 16 1 15 11 12 16 15 11 12 15 10 100 12 1 1 1 1 1 100 1 100 1 1 100 1 1 100 1 100 1 1
ciInstanceKlass java/lang/constant/Constable 1 0 11 100 1 100 1 1 1 1 1 1 1
ciInstanceKlass java/lang/constant/ConstantDesc 1 0 37 100 1 100 1 1 1 1 100 1 1 1 1 100 1 100 1 100 1 100 1 100 1 100 1 100 1 100 1 100 1 1 100 1 100 1 1
ciInstanceKlass java/lang/AutoCloseable 1 0 12 100 1 100 1 1 1 1 100 1 1 1
ciInstanceKlass java/io/Closeable 1 0 14 100 1 100 1 100 1 1 1 1 100 1 1 1
ciInstanceKlass java/lang/Appendable 1 0 14 100 1 100 1 1 1 1 100 1 1 1 1 1
ciInstanceKlass java/util/Iterator 1 1 53 100 1 8 1 10 12 1 1 10 7 12 1 1 1 11 7 12 1 1 1 11 12 1 1 11 7 12 1 1 1 100 1 1 1 1 1 1 1 1 1 1 1 1 1 1 1 1 1 1 1 1 1
instanceKlass sun/nio/ch/ChannelInputStream
instanceKlass java/util/zip/ZipFile$ZipFileInputStream
instanceKlass java/io/FilterInputStream
instanceKlass java/io/FileInputStream
instanceKlass java/io/ByteArrayInputStream
ciInstanceKlass java/io/InputStream 1 1 197 100 1 10 7 12 1 1 1 100 1 10 10 7 12 1 1 1 10 7 12 1 1 1 10 12 1 100 1 100 1 3 10 12 1 1 100 1 8 1 10 12 1 10 100 12 1 1 1 3 100 1 8 1 10 10 100 12 1 1 1 100 1 10 11 100 12 1 1 1 10 12 1 1 11 12 1 1 11 100 12 1 1 1 11 12 1 1 100 1 10 100 12 1 1 1 5 0 10 12 1 10 12 1 1 100 1 10 8 1 10 8 1 8 1 10 12 1 1 10 100 12 1 1 1 100 1 5 0 10 12 1 100 1 100 1 1 1 1 3 1 3 1 1 1 1 1 1 1 1 1 1 1 1 1 1 1 1 1 1 1 1 1 1 1 1 1 1 1 1 1 1 1 1 1 1 1 1 1 1 1 1 1 1 1 1 1 1 1 1 1 1 1 1 1 1 1
instanceKlass java/security/SecureClassLoader
ciInstanceKlass java/lang/ClassLoader 1 1 1076 9 7 12 1 1 1 10 7 12 1 1 1 9 12 1 1 10 7 12 1 1 1 7 1 10 12 1 1 10 12 1 1 9 12 1 1 10 12 1 1 100 1 10 12 1 10 12 1 1 10 7 12 1 1 1 100 1 8 1 10 12 1 10 7 1 10 7 1 7 1 7 1 10 12 1 10 12 1 9 12 1 1 10 10 7 12 1 1 1 9 12 1 1 9 12 1 9 12 1 1 9 12 1 9 12 1 1 9 12 1 1 7 1 10 12 1 9 12 1 1 10 12 1 1 10 7 12 1 1 1 9 12 1 9 12 1 1 9 12 1 10 12 1 1 9 12 10 12 1 1 7 1 10 8 1 10 12 1 1 10 12 1 10 7 1 7 1 10 7 12 1 1 1 10 7 12 1 1 1 8 1 10 12 1 10 12 1 10 12 1 1 10 12 1 1 10 12 1 1 10 12 1 1 10 12 1 1 10 12 1 100 1 10 12 1 10 100 12 1 1 1 10 12 1 1 10 12 1 10 12 1 10 12 1 10 12 1 10 12 1 1 10 10 12 1 10 12 1 10 10 12 1 1 10 12 1 1 100 1 8 1 10 8 1 10 12 1 10 12 1 100 1 8 1 10 12 1 1 10 12 1 1 10 10 12 1 1 10 12 1 1 10 12 1 1 10 7 1 10 12 1 10 12 1 1 10 12 1 1 10 12 1 1 10 12 1 1 10 12 1 1 10 12 1 1 10 12 1 1 10 7 12 1 1 1 10 12 1 10 12 1 10 12 1 1 10 12 1 10 12 1 10 12 1 10 12 1 1 10 12 1 10 12 1 1 8 1 9 12 1 10 12 1 1 8 1 8 1 10 7 12 1 1 100 1 10 10 12 10 12 1 10 12 1 10 12 1 10 12 1 1 10 7 12 1 1 10 12 1 10 7 1 7 1 10 12 1 1 10 12 1 10 7 1 10 12 1 100 1 18 12 1 10 100 12 1 1 1 10 100 12 1 1 1 10 7 12 1 1 10 12 1 10 12 1 100 1 10 12 1 8 1 10 10 12 1 1 10 12 1 10 12 1 1 100 1 10 12 1 1 10 100 12 1 1 10 12 1 10 7 12 1 1 10 12 1 8 1 100 1 10 10 12 1 9 12 1 10 7 12 1 1 10 12 1 100 1 8 1 10 12 1 10 8 1 8 1 10 12 1 1 10 12 1 1 10 12 1 1 10 100 12 1 1 100 1 100 1 10 12 1 1 100 1 100 1 10 100 12 1 1 10 12 1 10 12 1 10 12 1 10 12 1 10 12 1 1 10 12 1 8 1 7 1 18 12 1 1 10 12 1 1 10 12 1 10 12 1 10 12 1 8 1 10 12 1 10 12 1 18 12 1 11 100 12 1 1 1 100 1 10 12 1 1 10 12 1 10 11 12 1 1 10 18 10 12 1 1 11 100 12 1 18 12 1 11 12 1 1 10 12 1 10 12 1 1 10 12 1 1 100 1 8 1 10 10 12 1 8 1 8 1 10 100 12 1 1 10 12 1 100 1 10 10 12 1 8 1 8 1 8 1 10 12 1 10 12 1 10 12 1 1 10 12 1 1 10 12 1 10 100 12 1 1 1 11 100 12 1 1 100 1 10 11 10 12 1 10 12 1 10 12 1 1 9 100 12 1 1 9 12 1 1 9 12 9 12 1 9 12 1 9 12 1 8 10 12 1 1 10 7 12 1 1 1 10 12 1 1 10 12 1 1 10 12 1 1 8 1 10 12 1 1 8 10 12 1 1 8 8 10 12 1 10 12 1 10 12 1 11 12 1 1 10 100 12 1 1 1 100 1 10 12 1 10 12 1 10 12 1 1 1 1 1 1 1 1 1 1 1 1 1 1 1 1 1 1 1 1 1 1 1 1 1 1 100 1 1 1 1 1 1 1 1 1 1 1 1 1 1 1 1 1 1 1 1 1 1 1 1 1 100 1 1 1 1 1 1 1 1 1 1 1 1 1 1 1 1 1 1 1 1 1 1 1 1 1 1 1 1 1 1 1 1 1 1 1 1 1 1 1 1 1 1 1 100 1 1 1 1 1 1 1 1 1 1 1 1 1 1 1 1 1 1 1 1 1 100 1 1 1 1 1 1 1 1 1 1 1 1 1 1 1 1 1 1 1 1 1 1 1 1 1 1 1 1 1 1 1 1 1 1 1 1 1 1 1 1 1 1 1 1 100 1 1 1 1 1 1 1 1 1 1 1 1 1 1 1 1 1 1 1 1 1 1 1 1 1 1 1 1 1 1 1 1 1 1 1 1 1 1 1 1 1 1 1 1 1 1 1 1 1 1 1 16 1 15 10 12 16 1 16 15 10 12 16 1 16 1 15 10 12 16 15 10 12 16 15 10 12 16 15 10 7 12 1 1 1 1 1 100 1 100 1 1
staticfield java/lang/ClassLoader nocerts [Ljava/security/cert/Certificate; 0 [Ljava/security/cert/Certificate;
staticfield java/lang/ClassLoader $assertionsDisabled Z 1
instanceKlass java/util/concurrent/DelayScheduler
instanceKlass java/util/concurrent/ForkJoinWorkerThread
instanceKlass java/util/logging/LogManager$Cleaner
instanceKlass io/netty/util/concurrent/FastThreadLocalThread
instanceKlass scala/sys/ShutdownHookThread
instanceKlass com/firebase/server/forge/App$$anon$7
instanceKlass com/firebase/server/forge/App$$anon$4
instanceKlass com/firebase/server/forge/App$$anon$3
instanceKlass jdk/internal/misc/InnocuousThread
instanceKlass java/lang/ref/Finalizer$FinalizerThread
instanceKlass java/lang/ref/Reference$ReferenceHandler
instanceKlass java/lang/BaseVirtualThread
ciInstanceKlass java/lang/Thread 1 1 761 9 7 12 1 1 1 9 7 12 1 1 1 9 12 1 9 12 1 10 12 1 1 9 12 1 1 10 7 12 1 1 10 12 1 10 100 12 1 1 100 1 8 1 10 12 1 1 9 12 1 1 9 12 1 9 12 1 1 7 1 10 12 1 1 10 12 1 7 1 10 12 10 12 1 1 9 12 1 1 10 12 1 100 1 10 12 1 10 12 1 1 10 12 1 1 10 12 1 10 12 1 1 100 1 8 1 10 9 7 12 1 1 1 10 12 1 1 10 3 8 1 100 1 5 0 10 7 12 1 1 1 9 12 1 10 12 1 1 10 7 1 100 1 8 1 10 10 12 1 10 12 1 1 10 12 1 1 10 7 12 1 1 10 12 1 10 12 1 10 7 12 1 1 5 0 9 12 1 10 7 12 1 1 1 10 12 1 1 9 12 1 1 10 7 12 1 1 10 7 12 1 1 1 10 12 1 10 12 1 1 9 12 1 1 10 7 12 1 1 9 12 1 8 1 9 100 12 1 1 1 5 0 100 1 10 100 1 10 100 1 10 7 1 10 8 1 10 12 1 1 10 7 12 1 10 12 1 10 12 1 100 1 8 1 10 10 12 1 10 12 1 1 10 100 12 1 1 1 10 100 12 1 1 1 10 12 1 7 1 9 12 1 1 100 1 10 10 12 1 9 12 1 1 10 12 1 1 10 12 1 1 10 12 1 10 12 1 9 12 1 1 10 10 12 1 1 10 12 1 1 11 7 12 1 1 10 100 12 1 1 9 12 1 1 9 12 1 1 10 100 12 1 1 10 12 1 1 10 12 1 10 100 12 1 1 10 12 1 100 1 10 9 12 1 1 10 12 1 11 100 12 1 1 11 12 1 10 12 1 10 12 1 10 12 1 9 12 1 10 10 12 1 10 12 1 1 9 12 1 9 12 10 12 1 8 1 10 12 1 10 12 1 10 12 1 10 12 1 10 12 1 1 10 12 1 10 12 1 1 10 100 12 1 1 10 12 1 10 12 1 10 12 1 10 12 1 1 9 7 12 1 1 1 8 1 10 9 12 1 10 12 1 100 1 8 1 10 10 12 1 8 1 10 12 1 1 9 12 8 1 10 10 12 1 10 12 1 8 1 10 12 1 10 8 1 9 12 1 1 10 12 1 1 10 10 12 1 10 12 1 100 10 7 12 1 1 1 10 12 1 1 10 12 1 1 10 100 12 1 1 1 11 100 12 1 1 1 10 12 1 1 9 12 1 10 12 1 10 12 1 1 11 100 12 1 1 1 10 12 1 1 1 1 3 1 3 1 3 1 3 1 1 1 1 1 1 1 1 1 1 1 1 1 1 1 1 1 1 1 1 1 1 1 1 1 1 1 100 1 1 1 1 1 1 1 1 1 1 1 1 1 1 1 1 1 1 100 1 1 1 1 1 1 1 1 1 1 1 1 1 1 1 100 1 1 1 1 1 1 1 1 1 1 1 1 1 1 1 1 1 1 1 1 1 1 1 1 1 1 1 1 1 1 1 1 1 1 1 1 1 1 1 1 1 1 1 1 1 1 1 1 1 1 1 1 1 1 1 1 1 1 1 1 1 1 1 1 1 1 1 1 1 1 100 100 1 1 1 1 1 1 1 1 1 1 1 1 1 1 1 1 1 1 1 1 1 1 1 100 1 100 1 100 1 1 1 1 100 1 1 1 1 1 1 1 1 1 1 1 1
staticfield java/lang/Thread NEW_THREAD_BINDINGS Ljava/lang/Object; java/lang/Class
staticfield java/lang/Thread EMPTY_STACK_TRACE [Ljava/lang/StackTraceElement; 0 [Ljava/lang/StackTraceElement;
ciInstanceKlass java/lang/Runnable 1 0 11 100 1 100 1 1 1 1 1 1 1
ciInstanceKlass java/lang/Class 1 1 1652 10 7 12 1 1 1 10 7 12 1 1 9 12 1 1 9 12 1 1 9 12 1 1 9 12 1 1 9 12 1 1 10 12 1 1 8 1 10 12 1 8 1 8 1 10 12 1 1 10 7 12 1 1 1 10 12 1 7 1 10 10 12 1 10 12 1 1 10 12 1 1 10 12 1 1 10 7 12 1 1 10 12 1 10 12 1 10 12 1 1 10 12 1 8 1 10 12 1 8 1 10 12 1 8 1 8 1 10 12 1 1 10 100 12 1 1 1 18 12 1 1 11 100 12 1 1 1 8 1 8 1 8 1 10 100 12 1 1 1 11 12 1 1 8 1 10 12 1 10 10 12 1 1 10 12 1 8 1 10 12 1 1 8 1 10 12 1 10 12 1 1 11 100 12 1 1 1 11 100 12 1 1 1 11 8 1 18 8 1 10 12 1 10 7 12 1 1 10 12 1 1 10 7 12 1 1 1 10 12 1 1 10 12 1 1 10 7 12 1 1 1 10 7 12 1 10 12 1 1 10 7 1 10 12 1 8 1 10 8 1 8 1 8 1 8 1 8 1 8 1 8 1 8 1 9 100 12 1 1 9 100 1 9 100 1 9 100 1 9 100 1 9 100 1 9 100 1 9 100 1 9 100 1 9 12 1 1 100 1 8 1 10 12 1 10 12 1 1 100 1 10 12 1 1 10 7 12 1 1 1 10 7 12 1 1 1 100 1 100 1 10 10 12 1 1 10 12 1 1 100 1 10 100 12 1 1 1 10 12 1 1 10 12 1 1 10 12 9 12 1 1 10 12 1 9 12 1 1 9 12 1 1 10 12 1 1 10 7 1 10 12 1 10 12 1 1 10 9 12 1 10 12 1 8 1 10 12 1 1 10 12 1 1 10 12 1 10 12 1 10 12 1 1 9 7 12 1 1 1 10 12 1 10 7 12 1 1 10 12 1 10 12 1 10 12 1 10 12 1 9 100 12 1 1 1 9 12 1 10 12 1 10 12 1 1 9 12 1 1 10 7 10 12 1 1 10 7 12 1 1 10 12 1 10 12 1 1 10 7 12 1 1 1 10 12 1 10 12 1 1 10 12 1 10 12 1 10 12 1 1 10 7 1 10 10 12 1 1 10 12 1 1 10 12 10 10 12 1 1 100 1 8 1 10 10 12 1 1 10 12 1 7 1 11 12 1 10 12 1 10 12 1 10 100 12 1 1 10 10 12 1 1 8 1 10 12 1 8 1 9 12 1 10 12 1 10 12 1 10 12 1 10 12 100 1 9 12 1 10 12 1 9 12 1 10 12 1 10 12 1 10 12 1 10 10 12 1 10 12 1 10 12 1 10 12 1 10 12 1 10 12 1 7 1 10 10 12 1 10 12 1 11 100 12 1 1 11 12 1 1 10 12 1 1 10 12 1 1 10 12 1 1 10 12 1 1 10 12 1 1 10 12 1 1 100 1 10 10 12 1 1 10 12 1 1 10 12 1 1 10 10 12 1 10 12 1 1 10 12 1 1 10 12 1 1 10 12 1 1 10 12 10 12 1 1 10 7 12 1 1 1 10 12 1 10 12 1 1 10 12 1 10 7 12 1 1 1 10 12 1 1 10 10 12 1 1 100 1 10 10 12 1 1 10 100 12 1 1 1 100 1 100 1 10 12 1 1 10 12 1 10 10 12 1 1 10 12 1 10 12 1 10 12 1 10 100 12 1 1 1 11 7 12 1 1 10 12 1 10 12 1 9 100 12 1 1 8 1 10 12 1 10 12 1 10 12 1 10 12 1 1 9 12 1 9 12 1 1 10 7 12 1 1 9 12 1 10 12 1 1 10 10 12 1 10 7 12 1 1 1 10 7 12 1 1 10 7 12 1 1 9 12 1 1 10 12 1 9 12 1 10 12 1 10 12 1 1 9 12 1 1 9 12 1 10 12 1 10 12 1 1 9 12 1 100 1 10 10 12 1 1 7 1 10 100 11 100 1 9 12 1 1 9 12 1 10 12 1 9 12 1 1 9 12 1 10 12 1 10 12 1 1 9 12 1 7 1 10 10 12 1 1 10 10 12 1 10 12 10 10 12 1 9 12 1 10 12 1 1 10 12 1 8 10 7 8 1 18 8 1 8 1 10 12 1 9 12 1 9 12 1 1 10 12 1 7 1 7 1 10 12 1 9 12 1 1 10 10 12 1 9 12 1 8 1 10 12 1 10 10 12 1 1 100 1 100 1 9 12 1 100 1 8 1 10 10 7 12 1 1 1 10 12 11 7 12 1 1 1 10 12 1 10 12 1 1 10 8 1 10 12 1 8 1 10 12 1 1 9 7 12 1 1 11 12 7 1 11 7 12 1 1 9 12 1 10 100 12 1 1 1 10 7 12 1 1 10 12 1 1 9 12 1 9 10 12 1 1 10 12 1 1 10 12 1 1 10 12 1 1 10 12 1 1 11 12 1 11 12 1 1 11 7 12 1 1 11 12 1 7 1 11 12 1 10 7 12 1 1 1 10 12 1 11 12 1 10 7 12 1 1 1 10 12 1 10 7 12 1 1 1 11 12 1 11 12 1 1 10 12 1 10 12 1 1 9 12 1 1 10 12 1 10 100 12 1 1 1 10 12 1 1 10 12 1 10 12 1 10 12 1 10 7 12 1 1 1 10 12 1 8 1 10 12 1 10 12 1 10 12 1 8 1 8 1 10 7 12 1 1 10 100 12 1 1 100 1 10 12 10 100 12 1 1 1 10 100 12 1 1 1 10 12 1 1 10 12 1 18 12 1 1 11 12 1 1 18 11 12 1 18 12 1 11 12 1 10 12 1 10 12 1 10 12 1 10 12 10 12 1 8 1 10 12 1 7 1 9 12 1 1 100 1 100 1 100 1 100 1 1 1 3 1 3 1 3 1 1 1 1 1 1 1 1 1 5 0 1 1 1 1 1 1 1 1 1 1 1 1 1 1 1 1 1 1 1 1 1 1 1 1 1 1 1 100 1 1 1 1 1 1 1 1 1 1 1 100 1 1 1 1 1 100 1 1 1 1 1 1 1 1 1 1 1 1 1 1 1 1 1 1 1 1 1 1 1 1 1 1 1 1 1 1 1 1 1 1 100 1 1 1 1 1 1 1 1 1 1 1 1 1 1 1 1 1 1 1 1 1 1 1 1 1 1 1 1 1 1 1 100 1 1 1 1 1 1 1 1 1 1 1 1 1 1 1 1 1 1 1 1 1 1 1 1 1 1 1 1 1 1 1 1 1 1 1 1 1 1 1 1 1 1 1 1 1 1 1 1 1 1 1 1 1 1 1 1 1 1 1 1 1 100 1 100 1 1 1 1 1 1 1 1 1 1 1 1 1 1 1 1 1 1 1 1 1 1 1 1 1 1 1 1 1 1 1 1 1 1 1 1 1 1 1 1 1 1 1 1 1 1 1 1 1 1 1 1 1 1 1 1 1 1 1 1 1 1 1 1 1 1 1 1 1 1 1 1 1 1 1 1 1 1 1 1 1 1 1 1 1 1 1 1 1 1 1 1 1 1 1 1 1 1 1 1 1 1 1 1 1 1 1 1 1 1 1 1 1 1 1 1 1 1 1 1 16 15 10 12 16 15 11 12 16 1 15 10 12 16 16 15 10 12 16 15 16 1 15 10 12 16 15 10 100 12 1 1 1 1 1 100 1 1 1 1 1 1 1 1 100 1 1 100 1 100 1 1 100 1 100 1 1
staticfield java/lang/Class EMPTY_CLASS_ARRAY [Ljava/lang/Class; 0 [Ljava/lang/Class;
staticfield java/lang/Class serialPersistentFields [Ljava/io/ObjectStreamField; 0 [Ljava/io/ObjectStreamField;
ciInstanceKlass java/lang/reflect/AnnotatedElement 1 1 165 11 7 12 1 1 1 11 12 1 1 100 1 10 100 12 1 1 1 10 12 1 1 10 12 1 1 10 12 1 10 100 12 1 1 1 11 12 1 1 11 100 12 1 1 10 100 12 1 1 1 10 12 1 10 100 12 1 1 1 18 12 1 1 11 100 12 1 1 18 12 1 18 12 1 1 10 100 12 1 1 1 11 100 12 1 1 1 100 1 10 100 12 1 1 1 1 1 1 1 1 1 1 1 1 1 1 1 1 1 1 1 1 1 1 1 1 1 1 100 1 1 1 1 1 1 1 1 1 1 1 16 15 16 1 16 1 15 11 12 16 16 1 15 10 100 12 1 1 1 16 1 15 10 100 12 1 1 1 1 100 1 100 1 1
ciInstanceKlass java/lang/reflect/Type 1 1 17 11 100 12 1 1 1 100 1 1 1 1 1 1 1 1 1
ciInstanceKlass java/lang/invoke/TypeDescriptor 1 0 17 100 1 100 1 1 1 1 1 1 100 1 100 1 1 1 1
ciInstanceKlass java/lang/invoke/TypeDescriptor$OfField 1 0 21 100 1 100 1 100 1 1 1 1 1 1 1 1 1 1 1 1 1 1 1
ciInstanceKlass java/lang/reflect/GenericDeclaration 1 0 30 100 1 100 1 100 1 1 1 1 1 1 1 1 100 1 8 1 1 12 10 1 1 1 8 1 1 1 8 1
ciMethod java/lang/Class cast (Ljava/lang/Object;)Ljava/lang/Object; 334 0 32455 0 -1
ciMethod java/lang/Class getComponentType ()Ljava/lang/Class; 258 0 129 0 0
ciInstanceKlass java/lang/Module 1 1 1076 10 7 12 1 1 1 9 7 12 1 1 1 10 7 12 1 1 1 9 12 1 9 12 1 1 9 12 1 1 10 12 1 1 10 12 1 10 12 1 1 10 7 12 1 1 1 100 1 10 7 12 1 1 1 10 12 1 1 11 7 12 1 1 1 10 12 1 1 10 12 1 8 1 10 7 12 1 1 1 10 100 12 1 1 1 10 7 12 1 1 1 10 12 1 1 10 12 1 9 12 1 1 10 7 12 1 1 1 9 7 12 1 1 1 7 1 10 8 1 10 12 1 1 10 12 1 10 12 8 1 10 7 12 1 1 1 10 100 12 1 1 1 10 100 12 1 1 1 8 1 10 12 1 8 1 9 12 1 100 1 8 1 10 12 1 10 8 1 8 1 8 1 10 7 12 1 1 1 8 1 10 100 12 1 1 1 8 1 10 12 1 9 12 1 1 11 12 1 9 7 12 1 1 10 7 12 1 1 1 10 100 12 1 1 1 10 12 1 1 8 1 10 12 1 1 10 12 1 10 12 1 1 9 7 12 1 1 1 10 12 1 1 10 12 1 1 9 12 1 10 12 1 10 12 1 9 12 1 1 11 7 12 1 1 10 12 1 1 9 12 1 9 12 1 10 12 1 10 12 1 100 1 8 1 10 10 12 1 1 10 12 1 8 1 10 12 1 1 8 1 8 1 10 12 1 1 10 12 1 10 12 1 1 10 12 1 18 12 1 1 10 12 1 1 11 12 1 9 12 1 11 12 100 1 10 12 1 18 12 1 11 12 1 1 11 12 1 1 11 12 1 10 12 1 1 10 12 1 1 9 12 1 10 12 10 100 12 1 1 10 7 1 18 12 1 1 11 100 12 1 1 1 18 12 1 11 12 1 1 10 100 12 1 1 1 11 12 1 1 10 100 12 1 1 11 12 1 1 10 12 1 1 100 1 11 12 1 100 1 100 1 10 12 1 10 7 12 1 1 1 10 100 12 1 1 1 10 11 100 12 1 8 1 10 12 1 10 12 1 1 10 100 12 1 1 10 12 1 10 12 1 100 1 10 12 1 10 11 12 1 10 12 11 12 1 1 11 7 12 1 1 11 12 1 1 10 12 1 1 9 12 1 1 100 1 10 10 12 1 1 11 100 1 10 12 1 1 11 12 1 10 11 10 12 1 11 10 12 1 1 10 12 1 1 10 12 1 1 10 100 12 1 1 10 12 1 10 12 1 1 10 10 12 1 1 10 12 1 18 12 1 11 12 1 18 12 1 10 12 1 10 12 1 10 12 100 1 10 12 1 10 12 1 10 12 1 9 12 1 100 1 10 10 10 10 12 1 10 12 1 10 12 1 10 12 1 1 10 12 1 1 10 12 1 9 12 1 10 12 1 100 1 8 1 10 12 1 1 10 12 1 10 100 12 1 1 100 1 10 12 1 1 100 1 8 1 100 1 9 100 12 1 1 1 11 100 12 1 1 10 12 1 1 11 12 1 1 18 12 1 1 11 12 1 1 100 1 10 12 1 10 12 1 1 100 1 100 1 10 12 8 1 10 12 1 1 10 12 1 1 10 100 12 1 1 10 12 1 1 10 12 1 10 12 10 12 1 1 100 1 10 10 12 1 1 10 100 12 1 1 1 100 1 10 7 12 1 1 1 10 7 12 1 1 8 1 18 12 1 1 100 1 100 1 9 12 1 1 9 12 1 9 12 1 11 100 12 1 1 1 100 1 11 12 1 1 100 1 10 12 1 8 1 10 12 1 10 12 10 12 1 8 1 10 10 100 12 1 1 10 12 1 1 7 1 10 10 12 1 10 7 12 1 1 9 12 1 9 12 1 9 12 1 9 12 1 9 12 1 10 12 10 12 1 100 1 1 1 1 1 1 1 1 1 1 1 1 1 1 1 1 1 1 1 1 1 1 1 1 1 1 1 1 1 1 1 1 1 1 1 1 1 1 1 1 1 1 1 1 1 1 1 1 1 1 1 1 1 1 1 1 1 1 1 1 1 1 1 1 1 1 1 1 1 1 1 1 1 1 1 1 1 1 1 1 1 1 1 1 1 1 1 1 1 1 1 1 1 1 1 1 1 1 1 1 1 1 1 1 1 1 1 1 100 100 1 1 1 1 1 1 1 1 1 1 1 1 1 1 1 1 1 1 1 1 1 1 1 1 1 1 100 1 100 1 1 1 1 1 1 1 1 1 1 1 1 1 1 1 1 1 1 100 1 1 1 1 1 1 1 1 1 1 1 1 1 1 1 1 1 1 1 1 1 1 1 1 1 1 1 16 15 10 12 16 15 10 12 16 1 16 15 10 12 16 16 15 10 16 1 15 10 12 16 1 15 10 12 16 1 16 1 15 10 12 16 15 10 7 12 1 1 1 15 10 100 12 1 1 1 1 1 1 1 1 1 1 1 1 1 100 1 100 1 1
staticfield java/lang/Module ALL_UNNAMED_MODULE Ljava/lang/Module; java/lang/Module
staticfield java/lang/Module ALL_UNNAMED_MODULE_SET Ljava/util/Set; java/util/ImmutableCollections$Set12
staticfield java/lang/Module EVERYONE_MODULE Ljava/lang/Module; java/lang/Module
staticfield java/lang/Module EVERYONE_SET Ljava/util/Set; java/util/ImmutableCollections$Set12
staticfield java/lang/Module $assertionsDisabled Z 1
ciInstanceKlass jdk/internal/misc/Unsafe 1 1 1248 10 7 12 1 1 1 10 7 12 1 1 9 12 1 1 9 12 1 1 10 12 1 1 10 7 12 1 1 1 10 12 1 1 10 12 1 1 10 12 1 1 10 12 1 1 10 12 1 1 10 12 1 1 10 12 1 1 10 12 1 1 10 12 1 1 10 12 1 1 10 12 1 1 10 12 1 1 10 12 1 1 10 12 1 10 12 1 100 1 10 10 12 1 1 10 12 1 1 5 0 10 12 1 1 10 12 1 1 10 7 12 1 1 1 10 12 1 1 10 12 1 10 12 1 10 12 1 1 10 12 1 1 10 12 1 10 12 1 100 1 100 1 10 8 1 10 12 1 1 10 12 1 8 1 10 12 1 1 10 12 1 10 12 1 10 12 1 1 10 12 1 10 12 1 1 10 12 1 1 10 12 1 10 12 1 10 12 1 10 12 1 1 10 12 1 10 12 1 10 12 1 1 10 12 1 5 0 5 0 5 0 10 12 1 10 12 1 10 12 1 10 12 1 10 12 1 10 12 1 10 12 1 10 12 1 10 12 1 1 10 12 1 10 12 1 100 1 8 1 10 100 1 10 10 12 1 1 10 12 1 1 10 12 1 10 12 1 1 10 12 1 1 10 12 1 10 12 1 1 10 12 1 9 7 12 1 1 9 12 1 100 1 10 10 12 1 1 8 1 10 8 1 8 1 10 12 1 1 9 7 12 1 1 1 9 100 1 9 7 1 9 7 1 9 9 100 1 9 7 1 9 100 1 10 12 1 1 10 12 1 1 10 12 1 1 10 12 1 1 5 0 5 0 9 12 1 1 10 12 1 10 12 1 10 12 1 1 10 12 1 1 10 12 1 8 1 3 10 12 1 1 10 12 1 1 10 12 1 10 12 1 1 10 12 1 1 10 12 1 10 12 1 10 12 1 10 12 1 10 12 1 10 12 1 1 10 12 1 1 10 12 1 10 12 1 10 12 1 10 12 1 10 12 1 10 12 1 1 10 12 1 1 10 12 1 10 12 1 10 12 1 10 12 1 10 12 1 10 12 1 1 10 12 1 1 10 12 1 1 10 12 1 1 10 12 1 10 12 1 10 12 1 10 12 1 10 12 1 10 12 1 10 12 1 1 10 12 1 1 10 12 1 10 12 1 10 12 1 10 12 1 10 12 1 10 12 1 10 12 1 1 10 12 1 1 10 12 1 10 12 1 10 12 1 10 12 1 10 12 1 10 12 1 10 12 1 10 12 1 1 10 12 1 10 12 1 10 12 1 10 12 1 10 12 1 1 10 12 1 10 12 1 10 12 1 10 12 1 10 12 1 10 12 1 10 12 1 10 12 1 1 10 12 1 10 12 1 10 12 1 10 12 1 10 12 1 10 12 1 1 10 12 1 10 12 1 10 12 1 1 10 12 1 10 12 1 10 12 1 10 12 1 10 12 1 10 12 1 10 12 1 10 12 1 10 12 1 10 12 1 10 12 1 10 12 1 10 12 1 10 12 1 10 12 1 10 12 1 10 12 1 10 12 1 10 12 1 10 12 1 10 12 1 10 12 1 10 12 1 100 1 10 100 1 10 9 12 1 5 0 10 12 1 1 5 0 10 12 1 5 0 10 12 1 10 12 1 10 12 1 1 10 12 1 1 10 12 1 10 12 1 10 12 1 10 12 1 1 10 12 1 10 12 1 10 12 1 10 12 1 10 12 1 1 10 12 1 10 12 1 10 12 1 10 12 1 1 10 12 1 10 12 1 10 12 1 1 10 12 1 10 12 1 10 12 1 10 12 1 1 10 12 1 10 10 12 1 1 10 12 1 10 12 1 1 10 12 1 10 12 5 0 5 0 5 0 10 12 1 1 10 12 1 10 12 1 10 12 10 100 12 1 1 8 1 100 1 11 12 1 1 8 1 11 12 1 1 10 100 12 1 1 10 12 1 10 7 1 10 12 1 1 9 12 1 1 7 1 9 12 1 7 1 9 12 1 7 1 9 12 1 7 1 9 12 1 7 1 9 12 1 7 1 9 12 1 7 1 9 12 1 7 1 9 12 1 10 12 1 9 12 1 9 12 1 9 12 1 9 12 1 9 12 1 9 12 1 9 12 1 9 12 1 9 12 1 9 12 1 1 1 5 0 1 1 1 1 1 1 1 1 1 1 1 1 1 1 1 1 1 1 1 1 1 1 1 1 1 1 1 1 1 1 1 1 1 1 1 1 1 1 1 1 1 1 1 1 1 1 1 1 1 1 1 1 1 1 1 1 1 1 1 1 1 1 1 1 1 1 1 1 1 1 1 1 1 1 1 1 1 1 1 1 1 1 1 1 1 1 1 1 1 1 100 1 1 1 1 1 1 1 1 1 1 1 1 1 1 1 1 1 1 1 1 1 1 1 1 1 1 1 1 1 1 1 1 1 1 1 1 1 1 1 1 1 1 1 1 1 1 1 1 1 1 1 1 1 1 1 1 1 1 1 1 1 1 1 1 1 1 1 1 1 1 1 1 1 1 1 1 1 1 1 1 1 1 1 1 1 1 1 1 1 1 1 1 1 1 1 1 1 1 1 1 1 1 1 1 1 1 1 1 1 1 1 1 1 1 1 1 1 1 1 1 1 1 1 1 1 1 1 1 1 1 1 1 1 1 1 1 1 1 1 1 1 1 1 1 1 1 1 1 1 1 1 1 1 1 1 1 1 1 1 1 1 1 1 1 1 1 1 1 1 1 1 1 1 1 1 1 1 1 1 1 1 1 1 1 1 1 1 1 1 1 1 1 1 1 1 1 1 1 1 1 1 1 1 1 1 1 1 1 1 1 1 1 1
staticfield jdk/internal/misc/Unsafe theUnsafe Ljdk/internal/misc/Unsafe; jdk/internal/misc/Unsafe
staticfield jdk/internal/misc/Unsafe ARRAY_BOOLEAN_BASE_OFFSET J 16
staticfield jdk/internal/misc/Unsafe ARRAY_BYTE_BASE_OFFSET J 16
staticfield jdk/internal/misc/Unsafe ARRAY_SHORT_BASE_OFFSET J 16
staticfield jdk/internal/misc/Unsafe ARRAY_CHAR_BASE_OFFSET J 16
staticfield jdk/internal/misc/Unsafe ARRAY_INT_BASE_OFFSET J 16
staticfield jdk/internal/misc/Unsafe ARRAY_LONG_BASE_OFFSET J 16
staticfield jdk/internal/misc/Unsafe ARRAY_FLOAT_BASE_OFFSET J 16
staticfield jdk/internal/misc/Unsafe ARRAY_DOUBLE_BASE_OFFSET J 16
staticfield jdk/internal/misc/Unsafe ARRAY_OBJECT_BASE_OFFSET J 16
staticfield jdk/internal/misc/Unsafe ARRAY_BOOLEAN_INDEX_SCALE I 1
staticfield jdk/internal/misc/Unsafe ARRAY_BYTE_INDEX_SCALE I 1
staticfield jdk/internal/misc/Unsafe ARRAY_SHORT_INDEX_SCALE I 2
staticfield jdk/internal/misc/Unsafe ARRAY_CHAR_INDEX_SCALE I 2
staticfield jdk/internal/misc/Unsafe ARRAY_INT_INDEX_SCALE I 4
staticfield jdk/internal/misc/Unsafe ARRAY_LONG_INDEX_SCALE I 8
staticfield jdk/internal/misc/Unsafe ARRAY_FLOAT_INDEX_SCALE I 4
staticfield jdk/internal/misc/Unsafe ARRAY_DOUBLE_INDEX_SCALE I 8
staticfield jdk/internal/misc/Unsafe ARRAY_OBJECT_INDEX_SCALE I 4
staticfield jdk/internal/misc/Unsafe ADDRESS_SIZE I 8
ciInstanceKlass java/lang/Thread$FieldHolder 1 1 55 10 7 12 1 1 1 9 7 12 1 1 1 9 12 1 1 9 12 1 1 9 12 1 1 9 12 1 1 1 1 1 1 1 1 1 1 1 1 100 1 100 1 1 1 1 100 1 1 1 100 1 100 1 1
ciInstanceKlass java/lang/Thread$Constants 0 0 47 100 1 10 100 12 1 1 1 10 12 1 1 10 12 1 1 10 100 12 1 1 8 1 10 12 1 9 100 12 1 1 1 1 1 1 1 1 1 1 1 1 1 1 1 1 1
ciInstanceKlass java/lang/ThreadGroup 1 1 380 10 7 12 1 1 1 9 7 12 1 1 1 8 1 9 12 1 1 100 1 9 12 1 1 9 12 1 1 10 7 12 1 1 1 10 12 1 1 10 12 1 10 12 1 1 10 12 1 1 10 12 1 10 12 1 10 12 1 10 100 12 1 1 1 10 12 1 1 18 12 1 1 11 100 12 1 1 1 10 12 1 1 10 12 1 1 10 12 1 1 10 100 12 1 1 1 10 12 1 11 12 1 1 11 100 12 1 1 11 12 1 1 10 12 1 1 10 12 1 10 12 1 11 12 1 11 12 1 1 10 12 1 100 1 10 18 12 1 1 11 100 12 1 1 1 11 12 1 1 9 100 12 1 1 1 10 12 1 1 8 1 10 100 12 1 1 1 10 100 12 1 1 1 10 12 1 1 11 12 10 12 1 1 10 12 1 1 11 100 1 9 12 1 100 1 10 8 1 10 12 1 1 10 12 1 1 8 1 10 12 1 10 100 12 1 1 1 10 12 1 1 10 7 1 8 1 10 8 1 10 12 1 10 12 1 8 1 9 12 1 1 9 12 1 10 100 12 1 1 1 100 9 12 1 1 7 1 9 12 1 10 12 10 12 1 1 100 10 12 9 12 1 10 12 1 100 1 10 100 1 10 10 12 1 10 12 1 1 1 1 1 1 1 1 1 1 1 1 1 1 1 1 3 1 1 1 1 1 1 1 1 1 1 1 100 1 1 1 1 1 1 1 1 1 1 1 1 1 1 1 1 1 1 1 1 1 1 1 1 1 1 1 1 1 1 1 1 1 1 1 1 1 1 1 1 16 15 10 12 16 16 15 10 12 16 15 10 100 12 1 1 1 1 1 100 1 100 1 1
staticfield java/lang/ThreadGroup $assertionsDisabled Z 1
ciInstanceKlass java/lang/Thread$UncaughtExceptionHandler 1 0 16 100 1 100 1 1 1 1 1 1 1 1 100 1 1 1
instanceKlass java/lang/ThreadBuilders$BoundVirtualThread
instanceKlass java/lang/VirtualThread
ciInstanceKlass java/lang/BaseVirtualThread 0 0 36 10 100 12 1 1 1 100 1 1 1 1 1 1 1 1 1 1 1 1 1 1 1 1 1 1 1 1 100 1 100 1 1 100 1 1
ciInstanceKlass java/lang/VirtualThread 0 0 928 9 100 12 1 1 1 9 12 1 1 10 100 12 1 1 1 10 100 12 1 1 1 10 100 12 1 1 1 9 12 1 1 100 1 10 12 1 9 12 1 1 18 12 1 1 9 12 1 1 10 12 1 1 100 1 10 12 1 10 12 1 1 10 12 1 1 10 12 1 10 12 1 1 9 12 1 1 10 12 1 10 100 12 1 10 12 1 10 12 1 10 12 1 10 12 1 9 12 1 1 11 100 12 1 1 1 10 10 12 1 11 100 12 1 1 1 10 12 1 100 1 10 12 1 1 100 1 9 12 1 1 5 0 10 100 12 1 1 1 9 12 1 100 1 100 1 10 10 100 12 1 1 1 10 100 12 1 1 1 10 12 1 1 10 12 1 10 12 1 1 10 12 1 10 12 10 12 1 100 1 10 10 12 1 10 12 1 1 9 12 1 1 10 12 1 1 9 12 1 1 10 12 1 9 12 1 10 100 12 1 1 10 9 10 10 12 1 1 10 12 1 1 10 100 12 1 1 10 100 1 10 9 10 100 1 10 12 1 1 10 12 1 10 10 12 1 1 9 12 1 10 12 1 10 12 1 9 12 1 1 10 12 1 10 12 1 10 12 1 1 9 12 1 1 10 12 1 10 12 1 1 10 12 1 10 12 1 1 9 12 1 18 9 100 12 1 1 1 10 12 1 1 9 12 1 10 12 1 10 12 1 1 10 12 1 9 12 1 1 18 12 1 9 12 1 9 12 1 10 12 9 12 1 1 10 100 12 1 1 10 12 1 10 12 1 1 10 100 12 1 1 10 12 1 100 1 8 1 10 12 1 10 12 1 1 10 12 1 10 12 1 10 12 1 10 100 12 1 1 10 12 1 10 12 1 10 12 1 10 12 1 10 100 12 1 1 8 1 10 12 1 10 12 1 10 12 1 10 12 1 1 10 12 1 10 12 10 12 1 100 1 10 10 12 1 10 12 1 1 10 12 1 1 10 12 1 10 12 1 10 12 1 1 10 12 1 1 11 100 12 1 1 11 12 1 10 12 9 100 12 1 1 1 9 12 1 10 12 1 1 9 12 1 9 12 1 9 12 1 9 12 1 100 1 10 10 12 1 1 10 12 1 100 1 100 1 10 8 1 10 12 1 1 10 12 1 10 12 1 10 10 12 1 8 1 10 10 12 1 10 12 1 10 100 12 1 1 8 1 8 1 10 12 1 1 10 10 9 100 12 1 1 1 10 12 1 1 10 12 1 10 10 12 9 12 1 10 12 1 1 10 12 1 9 12 1 10 12 1 1 9 12 1 10 12 1 1 9 12 1 10 12 1 1 18 12 1 1 8 1 10 12 1 1 8 1 8 1 10 100 12 1 1 1 10 100 12 1 1 1 10 12 1 10 12 1 1 10 12 1 18 12 1 1 18 12 1 1 5 0 9 12 1 10 12 1 10 12 1 10 100 1 10 12 1 1 9 12 1 9 12 1 1 10 12 1 1 10 12 1 10 12 10 12 1 1 10 100 12 1 1 10 12 1 1 100 1 8 1 10 10 12 1 8 10 12 1 1 8 8 9 12 1 8 8 10 12 1 10 12 1 1 8 1 18 12 1 10 100 12 1 1 10 12 1 10 12 1 3 1 3 1 3 1 3 1 3 1 3 1 3 1 3 1 3 1 3 1 3 1 3 1 3 3 1 3 3 1 3 3 1 3 3 1 3 1 1 1 1 1 1 1 1 1 1 1 1 1 1 1 1 1 100 1 1 1 1 1 1 1 1 1 1 1 1 1 1 1 1 1 1 1 1 100 1 1 1 1 1 1 1 1 1 1 1 1 1 1 1 1 1 1 1 1 1 1 1 1 1 1 1 1 1 1 1 1 1 100 1 1 1 1 1 1 1 1 1 1 1 1 1 1 1 1 1 1 1 1 1 1 1 1 1 1 1 100 1 1 1 1 1 1 1 1 1 1 1 1 1 1 1 1 1 1 1 1 1 1 100 1 1 16 15 10 12 15 10 12 15 10 12 16 15 10 12 16 15 10 12 16 15 10 12 16 15 10 12 15 10 100 12 1 1 1 1 1 1 1 100 1 1 1 100 1 100 1 1
ciInstanceKlass java/lang/ThreadBuilders$BoundVirtualThread 0 0 132 10 100 12 1 1 1 9 100 12 1 1 1 10 100 12 1 1 1 9 12 1 1 10 12 1 1 10 12 1 1 9 12 1 1 10 100 12 1 1 1 10 12 1 1 100 1 8 1 10 12 1 10 12 1 1 10 12 1 1 10 12 1 1 10 100 12 1 1 1 8 1 10 12 1 8 1 10 12 1 1 10 100 12 1 1 9 100 12 1 1 1 10 12 1 1 10 10 12 1 1 1 1 1 1 1 1 1 1 1 1 1 1 1 1 1 1 1 1 1 1 1 1 1 1 1 1 100 1 1 1 1
instanceKlass com/firebase/core/namespace/SuspendedEnvelopeBatchException
instanceKlass scala/util/control/BreakControl
instanceKlass scala/runtime/NonLocalReturnControl
instanceKlass scala/runtime/Nothing$
instanceKlass java/lang/Exception
instanceKlass java/lang/Error
ciInstanceKlass java/lang/Throwable 1 1 403 10 7 12 1 1 1 9 7 12 1 1 1 9 12 1 1 9 12 1 9 12 1 1 9 12 1 10 12 1 1 9 12 1 1 10 12 1 1 10 100 12 1 1 1 9 12 1 1 10 12 1 1 10 12 1 100 1 100 1 10 8 1 10 12 1 1 8 1 10 100 12 1 1 10 10 12 1 100 1 8 1 10 10 7 12 1 1 10 12 1 8 1 9 100 12 1 1 1 10 12 1 1 100 1 10 12 10 12 1 100 1 10 10 7 12 1 1 1 11 100 12 1 1 1 10 100 12 1 1 1 10 12 1 1 10 12 1 1 8 1 10 12 1 10 12 1 1 8 1 8 1 10 12 1 1 10 12 1 8 1 8 1 9 12 1 10 100 12 1 1 100 1 10 11 12 1 8 1 8 1 10 7 12 1 1 8 1 10 12 1 8 1 100 1 10 12 1 9 12 1 1 10 12 1 10 7 12 1 9 12 1 1 10 12 1 1 100 1 8 1 10 12 1 10 100 12 1 1 10 12 1 1 100 1 10 100 12 1 1 1 10 12 1 11 100 12 1 1 1 11 100 12 1 1 1 11 12 1 8 1 10 12 1 1 8 1 10 10 9 100 12 1 1 1 8 1 10 12 1 1 11 10 100 1 8 1 10 11 12 1 1 8 1 9 12 1 10 100 12 1 1 11 9 12 1 1 11 12 1 1 100 10 12 1 10 12 1 1 100 1 1 1 1 5 0 1 1 1 1 1 1 1 1 1 1 1 1 100 1 1 1 1 1 1 1 1 1 1 1 1 1 1 1 1 1 1 1 1 1 1 1 1 1 1 1 1 1 1 1 1 1 1 1 1 1 1 1 1 1 1 1 100 1 100 1 1 1 1 1 1 1 1 1 1 1 1 1 1 1 1 1 1
staticfield java/lang/Throwable UNASSIGNED_STACK [Ljava/lang/StackTraceElement; 0 [Ljava/lang/StackTraceElement;
staticfield java/lang/Throwable SUPPRESSED_SENTINEL Ljava/util/List; java/util/Collections$EmptyList
staticfield java/lang/Throwable EMPTY_THROWABLE_ARRAY [Ljava/lang/Throwable; 0 [Ljava/lang/Throwable;
staticfield java/lang/Throwable $assertionsDisabled Z 1
ciInstanceKlass jdk/internal/vm/ContinuationScope 0 0 50 10 100 12 1 1 1 10 100 12 1 1 1 100 1 9 100 12 1 1 1 10 12 1 1 10 100 12 1 1 1 10 12 1 1 10 12 1 1 1 1 1 1 1 1 1 1 1 1 1
ciInstanceKlass jdk/internal/vm/StackChunk 1 1 32 10 100 12 1 1 1 9 100 12 1 1 1 9 12 1 1 9 12 1 1 1 1 1 1 1 1 1 1 1 1 1
ciInstanceKlass java/lang/Boolean 1 1 146 10 7 12 1 1 1 9 7 12 1 1 1 10 12 1 1 10 12 1 8 1 10 7 12 1 1 9 12 1 1 9 12 1 10 12 1 1 10 12 1 1 10 12 1 1 10 12 1 10 7 12 1 1 1 10 12 1 1 9 100 12 1 1 9 12 10 100 12 1 1 1 10 12 1 1 8 1 10 7 12 1 1 1 9 12 1 1 100 1 100 1 100 1 1 1 1 1 1 5 0 1 1 1 1 1 1 1 1 1 1 1 1 1 1 1 1 1 1 1 1 1 1 1 1 1 1 1 1 1 1 1 1 1 1 1 100 1 1 1 1 1 1 1 1 1
staticfield java/lang/Boolean TRUE Ljava/lang/Boolean; java/lang/Boolean
staticfield java/lang/Boolean FALSE Ljava/lang/Boolean; java/lang/Boolean
staticfield java/lang/Boolean TYPE Ljava/lang/Class; java/lang/Class
ciInstanceKlass java/lang/Character 1 1 603 7 1 100 1 100 1 9 12 1 1 8 1 9 12 1 1 100 1 9 12 1 1 10 100 12 1 1 1 10 100 12 1 1 1 10 100 12 1 1 1 10 7 12 1 1 1 9 7 12 1 1 1 10 12 1 10 12 1 1 10 12 1 1 10 7 12 1 1 10 12 1 1 3 3 3 3 3 10 12 1 1 10 12 1 3 11 7 12 1 1 1 11 12 1 1 10 12 1 1 10 12 1 1 100 1 10 10 12 1 3 10 12 1 1 10 12 1 10 12 1 1 100 1 8 1 10 12 1 1 10 12 1 10 12 1 10 12 1 10 100 12 1 1 1 10 12 1 10 12 1 10 12 1 1 10 12 1 10 7 12 1 1 10 10 12 1 10 10 12 1 10 12 1 1 10 12 1 10 10 12 1 10 12 1 10 12 1 10 12 1 10 12 1 10 12 1 10 12 1 10 12 10 10 12 10 10 12 1 10 10 12 1 10 10 12 1 10 10 12 1 10 12 1 10 12 1 10 12 1 10 12 1 10 12 1 10 12 1 10 10 12 1 10 10 12 1 10 10 12 1 1 10 10 12 1 10 5 0 10 12 1 10 12 1 10 10 12 1 10 10 12 1 1 10 10 12 1 10 10 12 1 9 12 1 1 100 1 10 10 12 1 10 12 1 1 3 10 100 12 1 1 1 10 12 1 10 100 12 1 1 100 1 10 10 12 1 1 10 12 1 1 10 12 1 1 8 1 10 12 1 9 100 12 1 1 1 10 12 1 10 10 12 1 10 12 1 1 10 12 1 10 10 12 1 1 10 10 12 1 1 100 1 8 1 10 12 1 1 10 7 12 1 1 1 8 1 10 12 1 1 9 12 1 1 100 1 100 1 100 1 1 1 1 3 1 3 1 3 1 3 1 1 1 1 1 3 1 1 3 1 3 1 3 1 3 1 3 1 3 1 3 1 3 1 3 1 3 1 3 1 3 1 3 1 3 1 3 1 3 1 3 1 3 1 3 1 3 1 3 1 3 1 3 1 3 1 3 1 3 1 3 1 3 1 1 1 1 1 1 1 1 1 1 1 1 1 1 1 1 1 1 1 3 1 1 1 1 1 1 1 3 1 1 3 1 1 1 1 1 3 1 1 5 0 1 1 1 1 1 1 1 1 1 1 1 1 1 1 1 1 1 1 1 1 1 1 1 1 1 1 1 1 1 1 1 1 1 1 1 1 1 1 1 1 1 1 1 1 1 1 1 1 1 1 1 1 1 1 1 1 1 1 1 1 1 1 1 1 1 1 1 1 1 1 1 1 1 1 1 1 1 1 1 1 1 1 1 1 1 1 1 1 1 100 1 100 1 1 1 1 1 1
staticfield java/lang/Character TYPE Ljava/lang/Class; java/lang/Class
staticfield java/lang/Character $assertionsDisabled Z 1
ciInstanceKlass java/lang/Float 1 1 277 7 1 100 1 10 100 12 1 1 1 10 100 12 1 1 1 4 100 1 10 12 1 1 10 12 1 1 8 1 8 1 10 100 12 1 1 1 10 12 1 1 10 12 1 1 10 100 1 4 10 7 12 1 1 9 12 1 1 10 12 1 1 10 12 1 10 10 12 1 1 10 12 1 10 12 1 3 3 100 1 4 4 4 3 10 12 1 1 9 12 1 1 100 1 10 3 3 4 4 10 12 1 3 3 3 10 12 1 1 10 12 1 1 10 12 1 10 100 12 1 1 1 10 12 1 1 10 12 1 1 10 7 12 1 1 1 8 1 10 12 1 1 9 12 1 1 100 1 100 1 100 1 1 1 1 4 1 4 1 1 1 4 1 1 3 1 3 1 3 1 3 1 3 1 1 1 1 5 0 1 1 1 1 1 1 1 1 1 1 100 1 1 1 1 1 1 1 1 1 1 1 1 1 1 1 1 1 1 1 1 1 1 1 1 1 1 1 1 1 1 1 1 1 1 1 1 1 1 1 1 1 1 1 1 1 1 1 1 1 1 1 1 1 1 1 1 1 1 1 1 1 1 1 1 1 1 1 1 1 1 1 1 1 100 1 1 1 1 1 1 1 100 1 100 1 1
staticfield java/lang/Float TYPE Ljava/lang/Class; java/lang/Class
staticfield java/lang/Float $assertionsDisabled Z 1
instanceKlass java/math/BigDecimal
instanceKlass java/util/concurrent/atomic/Striped64
instanceKlass java/math/BigInteger
instanceKlass scala/math/ScalaNumber
instanceKlass java/util/concurrent/atomic/AtomicLong
instanceKlass java/util/concurrent/atomic/AtomicInteger
instanceKlass java/lang/Long
instanceKlass java/lang/Integer
instanceKlass java/lang/Short
instanceKlass java/lang/Byte
instanceKlass java/lang/Double
instanceKlass java/lang/Float
ciInstanceKlass java/lang/Number 1 1 37 10 7 12 1 1 1 10 100 12 1 1 1 100 1 1 1 1 5 0 1 1 1 1 1 1 1 1 1 1 1 1 1 1 1 1 1
ciInstanceKlass java/lang/Double 1 1 288 7 1 100 1 10 100 12 1 1 1 10 12 1 1 10 100 1 10 12 1 1 10 100 12 1 1 1 6 0 8 1 10 12 1 1 8 1 10 12 1 1 8 1 6 0 10 12 1 1 100 1 5 0 5 0 8 1 8 1 10 100 12 1 1 1 10 100 12 1 1 1 8 1 10 12 1 1 8 1 8 1 8 1 10 12 1 1 10 12 1 10 12 1 1 10 12 1 10 12 1 10 12 1 1 10 12 1 10 7 1 6 0 10 7 12 1 1 9 12 1 1 10 12 1 10 12 1 10 12 1 10 12 1 10 12 1 5 0 10 12 1 1 10 12 1 10 12 1 10 100 12 1 1 1 10 12 1 1 10 12 1 1 8 1 10 7 12 1 1 1 9 12 1 1 100 1 100 1 100 1 1 1 6 0 1 6 0 1 6 0 1 1 1 6 0 1 1 3 1 3 1 3 1 3 1 3 1 1 1 1 5 0 1 1 1 1 1 1 1 1 1 1 1 1 1 1 1 1 100 1 1 1 1 1 1 1 1 1 1 1 1 1 1 1 1 1 1 1 1 1 1 1 1 1 1 1 1 1 1 1 1 1 1 1 1 1 1 1 1 1 1 1 1 1 100 1 1 1 1 1 1 1 100 1 100 1 1
staticfield java/lang/Double TYPE Ljava/lang/Class; java/lang/Class
ciInstanceKlass java/lang/Byte 1 1 212 7 1 100 1 10 100 12 1 1 1 9 12 1 1 8 1 9 12 1 1 100 1 10 12 1 1 10 12 1 1 10 100 12 1 1 1 10 100 12 1 1 1 9 100 12 1 1 1 10 12 1 1 100 1 100 1 10 12 1 1 8 1 10 12 1 1 8 1 10 12 1 10 12 1 10 12 1 10 12 1 1 10 12 1 10 12 1 10 12 1 1 10 8 1 8 1 10 7 1 9 12 1 1 10 12 1 1 10 12 1 1 10 12 1 1 10 12 1 5 0 10 12 1 1 8 1 10 7 12 1 1 1 9 12 1 1 100 1 100 1 1 1 3 1 3 1 1 1 1 3 1 3 1 1 5 0 1 1 1 1 1 1 1 1 1 1 1 1 1 1 1 1 1 1 1 1 1 1 1 1 1 1 1 1 1 1 1 1 1 1 1 1 1 1 1 1 1 1 1 1 1 1 1 1 1 1 1 1 1 1 1
staticfield java/lang/Byte TYPE Ljava/lang/Class; java/lang/Class
ciInstanceKlass java/lang/Short 1 1 220 7 1 100 1 100 1 10 100 12 1 1 1 10 12 1 1 100 1 100 1 10 12 1 1 8 1 10 12 1 1 8 1 10 12 1 10 12 1 10 12 1 10 12 1 1 10 12 1 1 10 12 1 9 12 1 1 8 1 9 12 1 1 100 1 10 12 1 1 10 12 1 10 100 12 1 1 1 10 100 12 1 1 1 9 100 12 1 1 1 10 12 1 10 12 1 1 10 8 1 8 1 10 7 1 9 12 1 1 10 12 1 1 10 12 1 1 10 12 1 1 10 12 1 3 3 5 0 10 12 1 1 8 1 10 7 12 1 1 1 9 12 1 1 100 1 100 1 1 1 3 1 3 1 1 1 1 3 1 3 1 1 5 0 1 1 1 1 1 1 1 1 1 1 1 1 1 1 1 1 1 1 1 1 1 1 1 1 1 1 1 1 1 1 1 1 1 1 1 1 1 1 1 1 1 1 1 1 1 1 1 1 1 1 1 1 1 1 1 1
staticfield java/lang/Short TYPE Ljava/lang/Class; java/lang/Class
ciInstanceKlass java/lang/Integer 1 1 436 7 1 100 1 7 1 7 1 10 12 1 1 9 12 1 1 9 12 1 1 10 100 12 1 1 1 10 12 1 1 10 100 12 1 1 1 10 10 12 1 1 10 100 12 1 1 1 10 12 1 10 12 1 1 10 7 12 1 1 1 10 12 1 1 10 12 1 1 10 12 1 10 7 12 1 1 10 12 1 1 10 12 1 10 12 1 100 1 8 1 10 12 1 8 1 100 1 10 12 1 1 10 12 1 1 8 1 10 12 1 1 8 1 10 12 1 1 10 12 1 1 10 12 1 1 3 3 10 7 12 1 1 1 11 7 1 10 12 1 1 11 10 12 1 1 10 12 1 1 8 1 10 12 1 10 12 1 8 1 100 1 10 12 1 8 1 10 12 1 1 10 12 1 8 1 10 12 1 10 12 1 7 1 9 12 1 1 9 12 1 1 10 12 1 10 7 1 9 12 1 10 12 1 10 12 1 10 12 1 1 10 12 1 1 10 7 12 1 1 1 10 12 1 1 8 1 8 1 10 12 1 1 8 1 8 1 8 1 8 1 8 1 8 1 10 12 1 10 12 1 10 12 1 5 0 3 3 3 3 10 12 1 10 12 1 3 10 12 1 10 100 12 1 1 1 10 12 1 1 10 12 1 1 8 1 10 7 12 1 1 1 9 12 1 1 100 1 100 1 100 1 1 1 1 3 1 1 1 1 1 3 1 3 1 1 5 0 1 1 1 1 1 1 1 1 1 100 1 1 1 1 1 1 1 1 1 1 1 1 1 1 1 1 1 1 1 1 1 1 1 1 1 1 1 1 1 1 1 1 1 1 1 1 1 1 1 1 1 1 1 1 1 1 1 1 1 1 1 1 1 1 1 1 1 1 1 1 1 1 1 1 1 1 1 1 1 1 1 1 1 1 1 1 1 1 1 1 1 1 1 1 1 1 1 1 1 1 1 1 1 100 1 1 1 1 1 1 1 1 1 100 1 100 1 1
staticfield java/lang/Integer TYPE Ljava/lang/Class; java/lang/Class
staticfield java/lang/Integer digits [B 36
ciInstanceKlass java/lang/Long 1 1 498 7 1 100 1 7 1 7 1 10 12 1 1 9 12 1 1 9 7 12 1 1 1 10 100 12 1 1 1 10 12 1 1 10 100 12 1 1 1 10 10 12 10 12 1 10 12 1 10 12 1 5 0 5 0 100 1 10 12 1 1 10 12 1 1 10 12 1 10 12 1 10 12 1 10 12 1 1 10 100 12 1 1 10 12 1 10 12 1 1 10 12 1 1 10 12 1 1 10 12 1 1 10 100 12 1 1 1 10 12 1 1 10 12 1 10 12 1 10 7 12 1 1 10 12 1 1 10 12 1 10 12 1 7 1 8 1 10 12 1 8 1 100 1 10 12 1 10 12 1 1 8 1 10 12 1 1 8 1 10 12 1 1 10 12 1 1 10 12 1 1 5 0 5 0 10 100 12 1 1 1 11 100 1 10 12 1 1 11 10 12 1 1 10 12 1 1 8 1 5 0 10 12 1 1 10 12 1 1 8 1 8 1 10 12 1 8 1 10 12 1 10 12 1 5 0 5 0 9 7 12 1 1 1 10 12 1 10 12 1 1 8 1 8 1 10 12 1 1 8 1 8 1 8 1 8 1 8 1 8 1 10 12 1 10 12 1 10 7 1 9 12 1 1 10 12 1 10 12 1 1 10 12 1 1 10 100 12 1 1 1 10 12 1 1 10 12 1 10 12 1 10 12 1 5 0 5 0 5 0 10 12 1 1 10 12 1 5 0 5 0 10 12 10 12 1 10 100 12 1 1 1 10 12 1 1 10 12 1 1 8 1 10 7 12 1 1 1 9 12 1 1 100 1 100 1 100 1 1 1 1 5 0 1 1 1 1 3 1 3 1 5 0 1 1 1 1 1 1 1 1 1 100 1 1 1 1 1 1 1 1 1 1 1 1 1 1 1 1 1 1 1 1 1 1 1 1 1 1 1 1 1 1 1 1 1 1 1 1 1 1 1 1 1 1 1 1 1 1 1 1 1 1 1 1 1 1 1 1 1 1 1 1 1 1 1 1 1 1 1 1 1 1 1 1 1 1 1 1 1 1 1 1 1 1 1 1 1 1 1 1 1 1 1 1 1 1 1 1 1 1 1 1 100 1 1 1 1 1 1 1 1 1 100 1 100 1 1
staticfield java/lang/Long TYPE Ljava/lang/Class; java/lang/Class
ciInstanceKlass java/lang/Void 1 1 31 10 100 12 1 1 1 8 1 10 7 12 1 1 1 9 7 12 1 1 1 1 1 1 1 1 1 1 1 1 1
staticfield java/lang/Void TYPE Ljava/lang/Class; java/lang/Class
ciInstanceKlass jdk/internal/vm/vector/VectorSupport 0 0 597 100 1 10 100 12 1 1 1 9 12 1 1 10 100 12 1 1 1 100 1 10 12 1 11 100 12 1 1 1 11 100 12 1 1 1 11 100 12 1 1 1 11 100 12 1 1 11 100 12 1 1 11 100 12 1 1 11 100 12 1 1 11 100 12 1 1 11 100 12 1 1 11 100 12 1 1 11 100 12 1 1 1 11 100 12 1 1 11 100 12 1 1 1 11 100 12 1 1 1 11 100 12 1 1 11 100 12 1 1 1 11 100 12 1 1 100 1 10 12 1 1 11 100 12 1 1 11 100 12 1 1 11 100 12 1 1 11 100 1 11 100 12 1 1 11 100 12 1 1 11 100 12 1 1 9 12 1 1 10 100 12 1 1 11 100 12 1 1 10 100 12 1 1 1 10 100 12 1 1 10 12 1 1 10 12 1 1 1 1 1 3 1 3 1 3 1 3 1 3 1 3 1 3 1 3 1 3 1 3 1 3 1 3 1 3 1 3 1 3 1 3 1 3 1 3 1 3 1 3 1 3 1 3 1 3 1 3 1 3 1 3 1 3 1 3 1 3 1 3 1 3 1 3 1 3 1 3 1 3 1 3 1 3 1 3 1 3 1 3 1 3 1 3 1 3 1 3 1 3 1 3 1 3 1 3 1 3 1 3 1 3 1 3 1 3 1 1 1 3 1 3 1 3 1 3 1 3 1 3 1 1 1 1 1 1 1 1 1 1 1 1 1 1 1 1 1 1 1 1 1 1 1 1 1 1 1 1 1 1 1 1 1 1 1 1 1 1 1 1 1 1 1 1 1 1 1 1 1 1 1 1 1 1 1 1 1 1 1 1 1 1 1 1 1 1 1 1 1 1 1 1 1 1 1 1 1 1 1 1 1 1 1 1 1 1 1 1 1 1 1 1 1 1 1 1 1 1 1 1 1 1 1 1 1 1 1 1 1 1 1 1 1 1 1 1 1 1 1 1 1 1 1 1 1 1 1 1 1 1 1 1 1 1 1 1 1 1 1 1 1 1 1 1 1 1 1 1 1 1 1 1 1 1 1 1 1 1 1 1 1 1 1 1 1 1 1 1 1 1 1 1 1 1 1 1 1 1 1 1 1 1 1 1 1 1 1 1 1 1 1 1 1 1 1 1 1 1 1 1 1 1 1 1 1 1 1 1 1 1 1 1 1 1 1 1 1 1 1 1 1 1 1 1 1 1 1 1 1 1 1 1 1 1 1 1 1 1 1 1 1 1 1 1 1 1 1 100 1 100 1 100 1 100 1 100 1 1 1 1 1 1 1 1 1 1 1 1 1 1 1 1 1 1 1 1 1 1 1 1 1 1 1 1 1 1 1
instanceKlass jdk/internal/vm/vector/VectorSupport$VectorShuffle
instanceKlass jdk/internal/vm/vector/VectorSupport$VectorMask
instanceKlass jdk/internal/vm/vector/VectorSupport$Vector
ciInstanceKlass jdk/internal/vm/vector/VectorSupport$VectorPayload 0 0 32 10 100 12 1 1 1 9 100 12 1 1 1 10 100 12 1 1 1 1 1 1 1 1 1 1 1 1 1 1 1 1
ciInstanceKlass jdk/internal/vm/vector/VectorSupport$Vector 0 0 28 10 100 12 1 1 1 100 1 1 1 1 1 1 1 1 1 1 1 1 1 1 1 100 1 1 1 1
ciInstanceKlass jdk/internal/vm/vector/VectorSupport$VectorMask 0 0 28 10 100 12 1 1 1 100 1 1 1 1 1 1 1 1 1 1 1 1 1 1 1 100 1 1 1 1
ciInstanceKlass jdk/internal/vm/vector/VectorSupport$VectorShuffle 0 0 28 10 100 12 1 1 1 100 1 1 1 1 1 1 1 1 1 1 1 1 1 1 1 100 1 1 1 1
ciInstanceKlass jdk/internal/vm/FillerObject 0 0 16 10 100 12 1 1 1 100 1 1 1 1 1 1 1 1
instanceKlass java/lang/ref/PhantomReference
instanceKlass java/lang/ref/FinalReference
instanceKlass java/lang/ref/WeakReference
instanceKlass java/lang/ref/SoftReference
ciInstanceKlass java/lang/ref/Reference 1 1 198 9 7 12 1 1 1 9 7 12 1 1 10 12 1 1 10 12 1 1 9 12 1 1 10 12 1 1 9 12 1 1 9 12 1 1 7 1 10 12 1 10 7 12 1 1 10 12 1 10 12 1 1 10 12 1 7 1 8 1 10 12 1 1 7 1 10 12 1 1 10 12 1 1 10 12 1 7 1 10 12 10 7 12 1 1 1 9 12 1 10 12 1 1 10 12 1 10 12 1 10 12 1 9 12 1 100 1 100 1 10 9 12 1 9 12 1 100 1 10 10 12 1 10 10 7 12 1 1 10 12 1 1 1 1 1 1 1 1 1 1 1 1 1 1 1 1 1 100 1 1 1 100 1 1 1 1 1 1 1 1 1 1 1 1 1 1 1 1 1 1 1 1 1 1 1 1 1 1 1 1 1 1 1 1 1 1 1 1 1 100 1 100 1 100 1 1 1
staticfield java/lang/ref/Reference processPendingLock Ljava/lang/Object; java/lang/Object
staticfield java/lang/ref/Reference $assertionsDisabled Z 1
instanceKlass com/google/common/cache/LocalCache$SoftValueReference
instanceKlass sun/util/locale/provider/LocaleResources$ResourceReference
instanceKlass sun/util/resources/Bundles$BundleReference
instanceKlass jdk/internal/util/SoftReferenceKey
instanceKlass java/lang/invoke/LambdaFormEditor$Transform
ciInstanceKlass java/lang/ref/SoftReference 1 1 50 10 7 12 1 1 1 9 7 12 1 1 1 9 12 1 10 12 1 10 12 1 1 1 1 1 1 1 1 1 1 1 1 1 1 1 1 1 1 1 1 1 1 100 1 1 1 1 1 1
instanceKlass java/lang/WeakPairMap$WeakRefPeer
instanceKlass com/google/common/cache/LocalCache$WeakValueReference
instanceKlass java/util/logging/LogManager$LoggerWeakRef
instanceKlass java/util/logging/Level$KnownLevel
instanceKlass jdk/internal/util/WeakReferenceKey
instanceKlass java/lang/ThreadLocal$ThreadLocalMap$Entry
instanceKlass java/util/WeakHashMap$Entry
ciInstanceKlass java/lang/ref/WeakReference 1 1 34 10 7 12 1 1 1 10 12 1 100 1 1 1 1 1 1 1 1 1 1 1 1 1 1 1 1 1 1 1 1 1 1 1
instanceKlass java/lang/ref/Finalizer
ciInstanceKlass java/lang/ref/FinalReference 1 1 50 10 100 12 1 1 1 10 100 12 1 1 1 10 12 1 1 100 1 8 1 10 12 1 1 1 1 1 1 1 1 1 1 1 1 1 1 1 1 1 1 1 1 1 1 1 1 1 100 1
instanceKlass jdk/internal/ref/PhantomCleanable
instanceKlass jdk/internal/ref/Cleaner
ciInstanceKlass java/lang/ref/PhantomReference 1 1 47 10 7 12 1 1 1 10 12 1 1 10 7 12 1 1 1 1 1 1 1 1 1 1 1 1 1 1 1 1 1 1 1 1 1 1 1 1 1 1 1 1 1 1 1 1 1
ciInstanceKlass java/lang/ref/Finalizer 1 1 177 9 7 12 1 1 1 10 100 12 1 1 1 9 12 1 1 9 12 1 1 9 12 1 9 12 1 9 12 1 1 10 12 1 100 1 8 1 10 12 1 10 12 1 1 9 12 1 100 1 10 12 1 100 1 11 100 12 1 1 10 12 1 100 1 10 12 1 10 7 12 1 1 1 10 12 1 1 10 100 12 1 1 8 1 10 12 1 10 12 1 10 12 1 100 1 10 12 1 10 100 12 1 1 1 100 1 10 10 12 1 1 7 1 10 12 1 10 12 1 1 10 12 1 1 10 7 12 1 1 1 7 1 10 7 1 10 10 12 1 1 1 1 1 1 1 1 1 1 1 1 1 1 1 1 1 1 1 1 1 1 1 1 1 1 100 1 1 1 1 1 1 1 1 1 1 1
staticfield java/lang/ref/Finalizer lock Ljava/lang/Object; java/lang/Object
staticfield java/lang/ref/Finalizer ENABLED Z 1
staticfield java/lang/ref/Finalizer $assertionsDisabled Z 1
instanceKlass java/lang/reflect/Executable
instanceKlass java/lang/reflect/Field
ciInstanceKlass java/lang/reflect/AccessibleObject 1 1 374 10 7 12 1 1 1 10 100 12 1 1 1 10 7 12 1 1 1 10 12 1 1 9 12 1 1 7 1 10 7 12 1 1 1 11 12 1 100 1 10 12 1 7 1 100 1 10 12 1 1 10 12 1 1 10 12 1 1 10 12 1 1 10 12 1 1 7 1 10 7 12 1 1 1 10 12 1 1 11 10 7 12 1 1 1 10 12 1 1 10 12 1 10 12 1 10 12 1 1 10 12 1 8 1 7 1 7 1 10 10 12 1 1 8 1 10 12 1 10 12 1 8 1 8 1 8 1 8 1 8 1 8 1 8 1 8 1 8 1 7 1 10 12 1 10 12 1 9 7 12 1 1 1 10 12 1 1 10 12 1 10 100 1 100 1 8 1 10 8 1 10 12 1 8 1 10 12 1 10 12 1 1 10 100 1 8 1 10 11 7 12 1 1 1 10 12 1 1 10 12 1 1 10 12 1 1 9 12 1 1 100 1 10 12 1 7 1 10 12 1 10 12 1 1 10 100 1 10 12 1 10 12 10 12 1 10 12 1 10 12 1 1 10 12 1 9 12 1 10 7 12 1 1 8 1 10 12 1 1 8 1 10 100 12 1 1 1 9 12 1 100 1 10 7 1 10 10 7 12 1 1 1 10 7 12 1 1 1 9 12 1 1 1 1 1 1 1 1 1 1 1 1 1 1 1 1 1 1 1 1 1 1 1 1 1 1 1 1 1 1 1 1 1 1 1 1 1 1 1 1 1 1 1 1 1 1 1 1 1 1 1 1 1 1 1 1 1 1 1 1 1 1 1 1 1 1 1 1 1 1 1 1 1 1 1 1 1 1 1 1 1 1 1
staticfield java/lang/reflect/AccessibleObject reflectionFactory Ljdk/internal/reflect/ReflectionFactory; jdk/internal/reflect/ReflectionFactory
ciInstanceKlass java/lang/reflect/Method 1 1 468 9 7 12 1 1 1 10 7 12 1 1 1 10 7 12 1 1 9 12 1 1 9 12 1 1 10 12 1 1 10 12 1 1 10 12 1 1 10 7 12 1 1 10 7 12 1 1 1 9 12 1 1 9 12 1 9 12 1 1 9 12 1 9 12 1 9 12 1 1 9 12 1 9 12 1 1 9 12 1 9 12 1 100 1 8 1 10 12 1 10 12 1 9 12 1 1 10 7 12 1 1 1 10 12 1 1 10 12 1 1 10 12 1 10 12 1 1 9 100 12 1 1 1 10 12 1 1 10 12 10 7 12 1 1 10 12 1 1 10 12 1 10 12 1 10 12 1 10 7 12 1 1 1 10 12 1 1 9 12 1 10 7 1 10 100 12 1 1 1 10 7 12 1 1 10 12 1 1 10 12 1 1 10 12 1 10 7 12 1 1 1 10 12 1 10 8 1 10 12 1 10 12 1 7 1 8 1 8 1 8 1 10 12 1 10 12 1 1 10 12 1 1 10 10 12 1 1 10 12 1 11 100 1 10 12 1 9 12 1 1 10 12 1 1 10 12 1 10 12 1 1 10 12 1 1 11 7 12 1 1 1 11 12 1 9 12 1 1 10 12 1 10 12 1 10 12 1 10 12 1 10 12 1 10 12 1 9 12 1 1 10 7 12 1 1 1 10 7 12 1 1 10 12 1 1 10 100 12 1 1 1 10 100 12 1 1 1 10 100 12 1 1 1 11 100 12 1 1 1 10 100 12 1 1 1 100 1 100 1 100 1 10 12 1 10 12 1 1 10 12 1 100 1 8 1 10 12 1 10 10 12 1 1 10 12 1 1 10 12 1 1 10 12 1 1 8 1 10 12 1 1 1 1 1 1 1 1 1 1 1 1 1 1 1 1 1 1 1 1 1 1 1 1 1 1 1 1 1 1 1 1 1 1 1 1 1 1 1 1 1 1 1 1 1 1 1 1 1 1 1 1 1 100 1 100 1 100 1 1 1 1 1 1 1 1 1 1 1 1 1 1 1 1 1 1 1 1 1 1 1 1 1 1 1 1 1 1
ciInstanceKlass java/lang/reflect/Member 1 1 37 100 1 10 12 1 1 100 1 100 1 1 1 1 3 1 3 1 1 1 1 1 1 1 1 1 1 1 1 1 1 1 1 1 1 1 1
instanceKlass java/lang/reflect/Constructor
instanceKlass java/lang/reflect/Method
ciInstanceKlass java/lang/reflect/Executable 1 1 587 10 7 12 1 1 1 10 7 12 1 1 1 10 7 12 1 1 1 11 7 12 1 1 1 10 7 12 1 1 1 10 12 1 1 10 7 12 1 1 1 10 100 12 1 1 1 10 12 1 8 1 10 10 12 1 1 10 12 1 1 10 100 12 1 1 1 18 12 1 1 11 100 12 1 1 1 8 1 8 1 8 1 10 100 12 1 1 1 11 12 1 1 100 1 8 1 8 1 10 12 1 100 1 8 1 10 12 1 8 1 11 100 12 1 1 1 100 1 11 100 12 1 1 1 11 12 1 8 1 18 8 1 10 12 1 10 12 1 1 18 8 1 10 12 1 100 1 10 12 1 10 12 1 11 12 1 10 12 1 1 8 1 8 1 10 12 1 1 10 12 1 1 10 10 12 1 9 12 1 1 9 100 12 1 1 1 10 100 12 1 1 1 10 12 1 10 12 1 1 10 100 12 1 1 10 12 1 10 12 1 10 12 1 10 7 12 1 1 100 1 10 100 12 1 1 1 10 12 1 1 10 100 12 1 1 10 12 1 10 12 1 1 9 100 12 1 1 1 10 100 10 12 1 8 1 10 12 1 10 12 1 3 100 1 8 1 10 12 1 10 12 1 10 10 12 1 10 12 1 1 8 1 8 1 8 1 9 12 1 1 9 12 1 10 12 1 100 1 8 1 10 12 1 10 12 1 10 12 1 1 10 12 1 1 10 12 1 10 12 10 12 1 100 1 10 12 1 10 12 1 1 100 1 10 100 12 1 1 1 100 1 10 7 12 1 1 1 10 12 1 1 11 7 12 1 1 10 12 1 10 100 12 1 1 1 10 12 1 1 9 12 1 10 12 1 1 10 12 1 10 12 1 1 9 100 12 1 1 1 10 100 12 1 1 1 10 12 1 10 12 1 1 9 12 1 10 10 10 10 100 12 1 1 1 10 12 1 9 12 1 10 12 1 1 9 12 1 100 1 100 1 1 1 1 1 1 1 1 1 1 1 1 1 1 1 1 1 1 1 1 1 1 1 1 1 1 1 1 1 1 1 1 1 1 1 1 100 1 1 1 1 1 1 1 1 1 1 1 1 1 1 1 1 1 1 1 100 1 1 1 1 1 1 1 1 1 1 1 1 1 1 1 1 1 1 1 1 1 1 1 1 1 1 1 1 1 1 1 1 1 1 1 1 1 1 1 1 1 1 1 100 1 1 1 1 1 1 1 1 1 1 1 1 1 1 1 1 1 1 1 1 1 1 100 1 1 16 15 16 1 16 1 15 10 12 16 15 10 100 12 1 1 1 1 100 1 1 1 100 1 1 100 1 100 1 1
ciInstanceKlass java/lang/reflect/Constructor 1 1 437 10 100 12 1 1 1 10 100 12 1 1 9 7 12 1 1 1 9 12 1 1 10 12 1 1 10 12 1 1 10 12 1 1 10 100 12 1 1 10 7 12 1 1 1 9 12 1 1 9 12 1 1 9 12 1 9 12 1 1 9 12 1 9 12 1 1 9 12 1 1 9 12 1 100 1 8 1 10 12 1 10 12 1 9 12 1 1 10 7 12 1 1 1 10 12 1 1 10 12 1 1 10 12 1 7 1 100 1 8 1 10 10 12 1 10 12 1 10 12 1 1 9 100 12 1 1 1 10 7 12 1 1 10 12 1 1 10 12 1 10 12 1 1 10 100 12 1 1 1 10 100 12 1 1 10 12 1 1 10 12 1 10 100 12 1 1 1 8 1 10 10 12 1 100 1 8 1 10 12 1 10 12 1 1 10 12 1 1 10 12 1 10 12 1 10 12 1 1 10 12 1 1 9 12 1 1 10 12 1 1 10 12 1 1 10 12 1 1 11 7 12 1 1 1 10 12 1 1 10 12 1 10 12 1 10 12 1 8 1 9 12 1 1 10 7 12 1 1 1 10 7 12 1 1 10 12 1 1 10 12 1 1 10 12 1 1 10 12 1 1 10 12 1 9 100 12 1 1 10 12 1 10 12 1 10 12 1 100 1 8 1 10 10 12 1 1 10 12 1 10 10 12 1 1 10 12 1 1 10 100 12 1 1 1 11 100 12 1 1 1 10 12 1 1 9 100 12 1 1 1 10 100 12 1 1 1 10 12 1 1 1 1 1 1 1 1 1 1 1 1 1 1 1 1 1 1 1 1 1 1 1 1 1 1 1 1 1 1 1 1 1 1 1 1 1 1 1 1 1 1 1 1 1 1 1 1 1 1 1 1 1 1 1 1 100 1 100 1 100 1 100 1 1 1 1 1 1 1 1 1 1 1 1 1 1 1 1 1 1 1 1 1 1 1 1 1 1 1 1 1 1 1 1 100 1 1
ciInstanceKlass java/lang/reflect/Field 1 1 454 9 7 12 1 1 1 10 12 1 1 10 100 12 1 1 1 10 100 12 1 1 9 12 1 1 9 12 1 1 10 12 1 1 10 12 1 1 10 12 1 1 10 100 12 1 1 10 7 12 1 1 1 9 12 1 1 9 12 1 9 12 1 9 12 1 1 9 12 1 1 9 12 1 9 12 1 1 100 1 8 1 10 12 1 10 12 1 9 12 1 1 9 12 1 10 7 12 1 1 10 12 1 1 10 12 1 1 10 12 1 9 12 1 1 10 12 1 1 9 100 12 1 1 1 10 7 12 1 1 1 7 1 10 12 1 1 10 12 1 1 10 12 1 10 12 1 10 7 1 10 100 12 1 1 7 1 10 8 1 10 12 1 1 10 12 1 1 8 1 10 12 10 12 1 8 1 8 1 10 11 100 1 9 12 1 10 12 1 1 10 12 1 1 11 7 12 1 1 1 10 12 1 11 12 1 1 11 12 1 1 11 12 1 1 11 12 1 1 11 12 1 1 11 12 1 1 11 12 1 1 11 12 1 1 11 12 1 1 11 12 1 1 11 12 1 1 11 12 1 1 11 12 1 1 11 12 1 1 11 12 1 1 11 12 1 1 11 12 1 1 10 12 1 10 100 12 1 1 10 12 1 10 12 1 10 12 1 10 12 1 1 10 12 1 1 10 12 1 10 100 12 1 1 10 12 1 1 11 100 1 10 12 1 100 1 10 100 12 1 1 1 10 100 12 1 1 1 9 12 1 10 100 12 1 1 1 11 100 12 1 1 1 10 12 1 1 10 12 1 1 9 100 12 1 1 10 100 12 1 1 1 10 12 1 1 100 1 1 1 1 1 1 1 1 1 1 1 1 1 1 1 1 1 1 1 1 1 1 1 1 1 1 1 1 1 1 1 1 1 1 1 1 1 1 1 100 1 1 1 1 1 1 1 1 1 1 1 1 1 1 1 1 1 1 1 1 1 1 1 1 1 1 1 1 1 1 1 1 100 1 1 1 1 1 1 1 1 100 1 1 100 1 1
ciInstanceKlass java/lang/reflect/Parameter 0 0 256 10 100 12 1 1 1 9 100 12 1 1 1 9 12 1 1 9 12 1 1 9 12 1 10 12 1 1 10 12 1 1 10 100 12 1 1 1 100 1 10 10 12 1 1 11 100 12 1 1 1 10 12 1 10 100 12 1 1 1 10 12 1 1 10 12 1 10 12 1 8 1 8 1 10 100 12 1 1 1 10 12 1 10 12 9 100 12 1 1 1 9 100 12 1 1 1 10 12 1 1 10 12 1 1 10 100 12 1 1 1 10 12 1 8 1 10 12 1 9 12 1 1 10 12 1 1 9 12 1 1 10 12 1 1 10 12 1 1 10 12 1 1 10 12 1 10 10 12 1 10 100 12 1 1 1 10 12 1 1 11 100 12 1 1 10 100 12 1 1 100 1 10 100 12 1 1 1 10 12 1 1 10 12 1 1 10 12 1 1 10 12 1 1 9 12 1 100 1 10 11 12 1 11 12 1 1 100 1 1 1 1 1 1 1 1 1 1 1 1 1 1 1 1 1 1 1 1 1 1 1 1 1 1 1 1 1 1 1 1 1 1 1 1 1 1 1 100 1 1 1 1 1 100 1 1
ciInstanceKlass java/lang/reflect/RecordComponent 0 0 196 10 100 12 1 1 1 9 100 12 1 1 1 9 12 1 1 9 12 1 10 12 1 1 10 12 1 1 10 100 12 1 1 1 10 12 1 1 9 12 1 1 10 12 1 1 10 12 1 1 10 12 1 10 100 12 1 1 10 100 12 1 1 9 12 1 1 10 100 12 1 1 1 11 100 12 1 1 1 10 9 100 12 1 1 1 10 100 12 1 1 1 9 12 1 1 10 100 12 1 1 1 10 12 1 1 11 100 12 1 1 10 100 12 1 1 100 1 9 12 1 9 12 1 1 9 12 1 10 100 12 1 1 1 10 12 1 1 10 12 1 1 100 1 10 10 12 1 10 12 1 1 8 1 10 12 1 10 12 1 9 12 1 100 1 1 1 1 1 1 1 1 1 1 1 1 1 1 1 1 1 1 1 1 1 1 100 1 1 1 1 1 1 100 1 1
ciInstanceKlass java/lang/StringBuffer 0 0 487 10 100 12 1 1 1 10 12 1 10 12 1 10 12 1 1 9 100 12 1 1 1 10 12 1 1 10 12 1 10 12 1 1 9 12 1 1 10 12 1 10 12 1 1 10 12 1 1 10 12 1 10 12 1 1 10 12 1 10 12 1 1 10 12 1 1 10 100 12 1 1 1 10 12 1 1 10 12 1 10 12 1 10 12 1 10 12 1 10 12 1 10 12 1 10 12 1 10 12 1 10 12 1 10 12 1 10 12 1 10 12 1 10 12 1 10 12 1 1 10 12 1 10 12 1 1 10 12 1 1 10 10 12 1 1 10 12 1 10 12 1 10 12 1 10 12 1 10 12 1 10 12 1 10 12 10 12 1 10 12 1 10 12 1 10 12 1 1 10 12 1 10 12 1 10 10 12 1 1 10 12 1 10 12 1 10 12 1 8 1 10 12 1 10 10 100 12 1 1 1 10 10 12 1 1 9 12 1 1 10 100 12 1 1 10 100 1 8 10 100 12 1 1 1 8 10 12 1 8 1 10 12 1 10 12 1 10 100 12 1 1 1 10 100 12 1 1 1 100 1 10 12 100 1 8 1 10 10 12 1 1 10 12 1 1 10 12 1 10 12 1 10 12 1 1 10 12 1 10 12 1 10 12 1 10 12 1 10 12 1 10 12 10 12 1 10 12 1 10 12 1 10 12 1 10 12 1 10 12 1 10 12 1 10 12 1 10 12 1 10 12 1 10 12 10 12 10 12 1 10 12 1 10 12 1 10 12 10 12 1 10 12 1 10 12 1 10 12 1 10 12 1 10 12 1 10 12 1 10 12 1 10 12 1 10 12 1 10 12 1 100 1 10 12 1 9 100 12 1 1 1 9 100 1 9 12 1 1 100 1 100 1 100 1 100 1 1 1 1 5 0 1 1 1 1 1 1 1 1 1 1 1 1 1 1 1 1 1 1 1 1 1 1 1 1 1 1 1 1 1 1 1 1 1 1 1 1 1 1 1 1 1 1 1 1 1 1 1 1 1 1 1 1 1 1 1 1 1 1 1 1 100 1 1 1 1 1 100 1 1 1 1 1 1 1 1 1 1 1 1 1 1 1 1 1 1
instanceKlass java/lang/StringBuilder
instanceKlass java/lang/StringBuffer
ciInstanceKlass java/lang/AbstractStringBuilder 1 1 662 7 1 10 7 12 1 1 1 9 7 12 1 1 1 9 12 1 9 12 1 1 9 12 1 1 10 7 12 1 1 1 10 12 1 1 100 1 3 3 10 12 1 10 12 1 1 10 12 1 1 11 7 1 100 1 100 1 10 8 1 10 12 1 10 12 1 10 12 1 1 10 12 1 10 12 1 9 12 1 10 12 1 9 12 1 1 10 7 12 1 1 1 10 10 12 1 10 12 1 10 12 1 1 9 12 1 100 1 8 1 10 12 1 10 12 1 1 8 1 10 7 12 1 1 1 10 12 1 1 8 1 10 7 12 1 1 1 100 1 8 1 10 100 1 10 12 1 10 12 1 1 10 7 12 1 1 1 10 12 1 1 10 12 1 1 10 12 1 1 10 12 1 1 10 7 12 1 1 1 10 12 1 100 1 10 10 7 12 1 1 1 9 12 1 1 9 12 1 10 12 1 1 10 10 12 1 1 10 12 1 1 10 12 1 1 10 12 1 1 10 12 1 1 10 12 1 1 10 12 1 1 10 12 1 10 10 10 12 1 10 12 1 1 10 8 1 10 12 1 1 10 12 1 10 12 1 10 12 1 10 10 7 12 1 1 1 10 12 1 1 10 12 1 10 12 1 10 12 1 10 12 100 1 9 12 1 1 9 12 1 10 12 1 1 100 1 9 12 1 9 12 10 12 1 10 12 1 1 10 12 1 1 10 12 1 10 12 1 1 10 12 1 10 12 1 1 10 12 1 1 10 10 7 12 1 1 1 10 12 1 10 12 1 10 12 1 1 10 12 1 10 12 1 1 10 12 1 10 12 1 10 12 1 10 12 1 10 12 1 10 12 1 10 12 1 10 12 1 1 10 12 1 10 12 1 10 12 10 12 1 1 18 12 1 1 100 1 10 100 12 1 1 1 18 10 12 1 1 10 12 1 1 10 12 1 10 12 1 10 12 1 1 10 12 1 10 12 1 1 11 12 1 1 10 12 1 10 12 1 1 10 12 1 10 12 1 10 12 1 10 5 0 10 100 1 8 1 10 10 12 1 1 10 100 12 1 1 1 10 12 1 10 12 1 1 100 1 10 12 100 1 10 100 1 10 10 7 12 1 1 100 1 1 1 1 1 1 1 1 1 1 1 100 1 1 1 1 1 1 1 1 1 1 1 1 1 1 1 1 1 1 1 1 1 1 1 1 1 1 1 1 1 1 1 1 1 1 1 1 1 1 1 1 1 1 1 1 1 1 1 1 1 1 1 1 100 1 1 1 1 1 1 1 1 1 1 1 1 1 1 1 1 1 1 1 1 1 1 1 1 1 1 1 1 1 1 1 1 1 1 1 1 1 1 1 1 1 1 1 1 1 1 1 1 1 1 1 1 1 1 1 1 1 1 1 1 1 1 1 100 1 1 1 1 1 1 100 1 1 1 1 1 1 100 1 1 16 1 15 10 12 16 15 10 12 15 10 100 12 1 1 1 1 1 1 1 100 1 100 1 1
staticfield java/lang/AbstractStringBuilder EMPTYVALUE [B 0
staticfield java/lang/AbstractStringBuilder $assertionsDisabled Z 1
ciInstanceKlass java/lang/StringBuilder 1 1 425 10 7 12 1 1 1 10 12 1 10 12 1 10 12 1 1 10 7 12 1 1 1 10 7 12 1 1 1 10 12 1 10 12 1 10 12 1 10 12 1 10 12 1 10 12 1 10 12 1 10 12 1 10 12 1 10 12 1 10 12 1 10 12 1 10 12 1 10 12 1 1 10 12 1 10 12 1 1 10 12 1 1 10 12 1 10 12 1 10 12 1 10 12 1 10 12 1 10 12 1 10 12 1 10 12 10 12 1 10 12 1 10 12 1 10 12 1 1 10 12 1 10 12 1 10 12 10 12 1 1 10 12 1 10 12 1 10 12 1 1 8 1 10 12 1 10 100 12 1 1 1 9 12 1 1 10 12 1 10 12 1 10 12 1 1 9 12 1 1 10 100 12 1 1 1 10 100 1 10 12 1 1 10 100 12 1 1 10 12 1 10 12 1 1 100 1 100 1 8 1 10 10 12 1 1 10 12 1 10 12 1 10 12 1 1 10 12 1 10 12 1 10 12 1 10 12 1 10 12 1 10 12 10 12 1 10 12 1 10 12 1 10 12 1 10 12 1 10 12 1 10 12 1 10 12 1 10 12 1 1 10 12 1 1 10 12 1 10 12 1 10 12 1 10 12 10 12 10 12 1 10 12 1 10 12 1 10 12 10 12 1 10 12 1 10 12 1 10 12 1 10 12 1 10 12 1 10 12 1 10 12 1 10 12 1 1 10 12 1 10 12 1 1 10 12 1 10 12 1 1 10 12 1 10 12 1 1 10 12 1 10 12 1 10 12 1 10 10 10 12 1 100 1 100 1 100 1 100 1 1 1 1 5 0 1 1 1 1 1 1 1 1 1 1 1 1 1 1 1 1 1 1 1 1 1 1 1 1 1 1 1 1 1 1 1 1 1 1 1 1 1 1 1 1 1 1 1 1 100 1 1 1 100 1 1 1 1 1 1 1 1 1 1 1
ciInstanceKlass java/security/CodeSource 1 1 396 10 7 12 1 1 1 9 7 12 1 1 1 9 12 1 1 9 12 1 1 9 12 1 1 10 7 12 1 1 1 9 12 1 1 10 100 12 1 1 10 100 10 100 12 1 1 1 10 12 1 1 10 12 1 1 100 1 10 10 100 12 1 1 1 10 100 12 1 1 1 10 12 1 1 100 1 10 12 1 1 10 12 1 1 10 12 1 1 10 12 1 10 10 100 1 10 12 1 1 10 100 12 1 1 1 10 12 1 1 10 12 1 10 12 1 8 1 10 12 1 10 12 1 10 12 1 1 10 12 1 8 1 10 12 1 1 10 100 1 10 10 12 1 1 8 1 10 12 1 10 12 1 10 12 1 8 1 8 1 9 12 1 1 100 1 8 1 10 12 1 10 12 1 1 8 1 10 12 1 8 1 8 1 8 1 10 100 12 1 1 10 12 1 1 10 12 1 10 12 1 1 10 12 1 1 10 12 1 1 100 1 100 1 10 12 1 10 12 10 12 1 1 10 100 12 1 1 10 12 1 100 1 10 12 10 100 12 1 1 1 10 8 1 10 12 1 10 12 1 1 100 1 10 12 1 1 100 1 100 1 8 1 8 1 10 10 12 1 1 10 100 12 1 1 1 100 1 10 12 10 12 1 1 11 100 12 1 1 10 10 12 1 11 10 12 1 8 1 100 1 10 12 1 10 12 1 1 10 12 1 11 12 1 1 100 1 1 1 1 5 0 1 1 1 1 1 1 1 1 1 1 1 1 1 1 1 1 1 1 1 1 1 1 1 1 1 1 1 1 1 1 1 1 1 1 1 1 1 1 1 1 1 1 1 1 1 1 1 1 1 1 1 1 1 1 1 1 1 1 1 1 1 1 1 1 1 1 100 1 1 1 1 1 1 1
ciInstanceKlass java/security/ProtectionDomain 1 1 141 10 7 12 1 1 1 9 7 12 1 1 1 9 12 1 1 9 12 1 1 10 7 12 1 1 7 1 9 12 1 9 12 1 1 7 1 9 12 1 1 9 12 1 10 100 12 1 1 10 100 12 1 1 1 10 12 1 1 10 12 1 8 1 100 1 8 1 10 12 1 10 11 12 1 1 10 100 12 1 1 1 10 12 1 1 8 1 11 8 1 10 12 1 8 1 8 1 8 1 10 12 1 8 1 8 1 1 1 1 1 1 1 1 100 1 1 100 1 1 1 1 1 1 1 1 1 1 1 1 1 1 1 1 1 1 1 100 1 1 1
instanceKlass jdk/internal/loader/BuiltinClassLoader
ciInstanceKlass java/security/SecureClassLoader 1 1 99 10 7 12 1 1 1 7 1 10 12 1 9 7 12 1 1 1 10 12 1 10 12 1 10 12 1 1 10 12 1 1 10 12 1 7 1 10 7 1 10 12 1 7 1 10 12 1 11 7 12 1 1 1 7 1 11 12 1 10 12 1 1 1 1 1 1 1 1 1 1 1 1 1 1 1 1 1 1 1 1 1 1 1 1 1 1 1 1 1 1 1 1 1 1 1 1 1 1
ciInstanceKlass java/net/URL 1 1 736 10 7 12 1 1 1 10 12 1 10 7 12 1 1 9 12 1 1 9 12 1 10 12 1 1 9 12 1 1 10 7 12 1 1 1 8 1 10 12 1 1 7 1 10 10 12 1 1 8 1 10 12 1 1 9 12 1 7 1 8 1 10 12 1 10 12 1 8 1 9 12 1 10 12 1 1 9 12 1 10 12 1 10 12 1 9 12 1 9 12 1 8 1 9 12 1 10 12 1 1 8 1 9 12 1 1 10 12 1 1 10 7 12 1 1 1 8 1 10 12 1 7 1 10 12 1 10 12 1 10 12 1 10 12 1 1 10 12 1 1 8 1 10 12 1 1 10 12 1 8 1 9 12 1 8 1 10 12 1 10 7 12 1 1 1 100 1 10 12 1 10 12 1 1 10 7 12 1 1 1 100 1 8 1 10 10 12 1 8 1 10 12 1 1 10 12 1 10 12 1 10 12 1 10 12 1 10 12 1 10 12 1 8 1 10 12 1 8 1 10 10 100 1 10 10 12 1 8 1 10 7 12 1 1 1 10 12 1 9 12 1 1 10 12 1 10 100 12 1 1 1 100 1 10 12 1 10 12 1 10 12 1 10 12 1 10 12 1 10 12 10 10 12 1 8 1 100 1 10 100 12 1 1 1 10 12 1 1 10 12 1 10 12 1 1 8 1 9 100 12 1 1 1 10 100 12 1 1 1 10 12 1 10 12 1 10 7 12 1 1 1 10 12 1 1 10 12 1 9 12 1 1 9 12 1 1 100 1 8 1 10 9 12 1 1 10 7 12 1 1 8 1 10 100 12 1 1 8 1 10 12 1 1 10 12 1 8 1 8 1 10 7 12 1 1 1 100 1 10 100 12 1 1 1 10 12 1 10 12 1 9 100 12 1 1 1 10 100 12 1 1 10 12 1 1 10 12 1 8 1 100 1 10 100 12 1 1 1 10 12 1 1 11 100 12 1 1 11 12 1 10 12 1 10 12 1 8 9 100 12 1 1 1 10 12 1 1 10 12 1 10 12 1 1 10 100 12 1 1 11 7 1 10 12 1 10 12 1 9 12 1 10 12 1 1 10 100 12 1 1 10 100 12 1 1 1 8 10 100 12 1 1 100 1 10 8 8 10 12 1 8 8 8 100 1 10 12 1 9 12 1 1 10 12 1 10 12 1 1 10 12 1 10 12 10 12 1 1 10 12 1 1 10 10 10 12 1 10 12 1 10 12 1 10 12 1 10 12 1 10 10 12 1 100 1 8 1 10 10 10 12 1 1 10 12 1 10 12 1 1 8 1 7 1 10 10 7 1 10 12 1 9 7 12 1 1 1 9 12 1 1 7 1 10 10 7 12 1 1 1 100 1 1 1 1 1 5 0 1 1 1 1 1 1 1 1 1 1 1 1 1 1 1 1 1 1 1 1 1 1 1 1 1 1 1 1 1 1 1 1 1 1 1 1 1 1 1 1 1 1 1 1 1 1 100 1 1 1 1 1 1 1 1 1 1 1 1 1 1 1 1 1 1 1 1 1 1 1 1 1 1 1 1 1 1 1 1 1 1 1 1 100 1 1 1 1 1 1 1 1 1 1 1 1 1 1 1 1 1 1 1 1 1 1 1 100 1 1 1 1 1 1 1 1 1 1 1 1 1 1 1 1 1 1 1
staticfield java/net/URL defaultFactory Ljava/net/URLStreamHandlerFactory; java/net/URL$DefaultFactory
staticfield java/net/URL handlers Ljava/util/Hashtable; java/util/Hashtable
staticfield java/net/URL streamHandlerLock Ljava/lang/Object; java/lang/Object
staticfield java/net/URL serialPersistentFields [Ljava/io/ObjectStreamField; 7 [Ljava/io/ObjectStreamField;
ciInstanceKlass java/util/jar/Manifest 1 1 320 10 7 12 1 1 1 7 1 10 9 7 12 1 1 1 7 1 10 9 12 1 1 9 12 1 1 10 12 1 10 12 1 1 10 12 1 1 10 12 1 1 10 12 1 1 11 7 1 11 12 1 1 10 12 1 1 10 100 12 1 1 1 100 1 100 1 10 8 1 10 12 1 1 10 12 1 1 10 12 1 10 12 1 11 100 1 10 12 1 10 12 1 1 11 12 1 1 10 12 1 11 12 1 1 11 100 12 1 1 1 11 100 12 1 1 11 12 1 1 100 1 10 12 1 8 1 11 12 1 100 1 10 12 1 1 11 12 1 10 12 1 10 12 1 10 9 100 12 1 1 1 10 12 1 1 10 100 12 1 10 12 1 10 12 1 9 100 12 1 1 1 8 1 10 12 1 8 1 8 1 7 1 10 12 1 10 12 1 10 12 1 1 100 1 8 1 10 12 1 1 8 1 10 10 12 1 1 8 1 10 12 1 1 10 100 12 1 1 1 10 12 1 10 11 12 1 1 10 12 1 1 10 100 12 1 1 1 10 12 1 1 10 12 1 10 12 1 1 11 10 12 1 11 10 12 1 100 1 1 1 1 1 1 1 1 1 1 1 1 1 1 1 1 1 1 1 1 1 1 1 1 1 1 1 1 1 1 1 1 1 1 1 100 1 1 1 1 1 1 1 1 1 1 1 1 1 1 100 1 1 1 1 1 1 1 1 1 1 1
ciInstanceKlass java/io/ByteArrayInputStream 1 1 135 10 7 12 1 1 1 9 7 12 1 1 1 9 12 1 1 9 12 1 9 12 1 10 100 12 1 1 1 10 7 12 1 1 1 10 7 12 1 1 1 10 100 12 1 1 1 10 12 1 1 10 100 12 1 1 1 100 1 100 1 100 1 3 10 100 1 10 100 12 1 1 1 9 12 1 1 100 1 10 10 7 12 1 1 1 1 1 1 1 1 1 1 1 1 1 1 1 1 1 1 1 1 1 1 1 1 1 1 1 1 1 1 1 1 1 1 1 100 1 100 1 1 1 1 1 1 1 1 1 1 1 1 1 1
staticfield java/io/ByteArrayInputStream $assertionsDisabled Z 1
instanceKlass java/nio/IntBuffer
instanceKlass java/nio/CharBuffer
instanceKlass java/nio/LongBuffer
instanceKlass java/nio/ByteBuffer
ciInstanceKlass java/nio/Buffer 1 1 259 100 1 10 7 12 1 1 1 9 7 12 1 1 1 9 12 1 9 12 1 1 9 12 1 9 12 1 1 10 12 1 1 10 12 1 1 10 12 100 1 100 1 10 8 1 10 12 1 1 10 12 1 8 1 8 1 10 12 1 1 10 12 1 8 1 9 12 1 1 100 1 8 1 10 12 1 8 1 8 1 9 12 10 12 1 8 1 8 1 8 1 10 12 1 8 1 8 1 8 1 100 1 10 100 1 10 100 1 10 9 12 1 1 10 7 12 1 1 1 100 1 10 12 1 1 10 12 1 10 100 12 1 1 10 7 12 1 1 1 10 7 12 1 1 1 9 12 1 1 10 7 12 1 1 1 9 12 1 1 7 1 10 10 12 1 1 7 1 10 10 7 12 1 1 1 1 1 3 1 1 1 1 1 1 1 1 1 1 1 1 1 1 100 1 1 1 1 1 1 1 100 1 1 1 1 1 1 1 1 1 1 1 1 1 1 1 1 1 1 1 1 1 1 1 1 1 1 1 1 1 1 1 1 1 1 1 1 1 1 1 1 1 1 100 1 100 1 100 1 100 1 100 1 100 1 100 1 1
staticfield java/nio/Buffer UNSAFE Ljdk/internal/misc/Unsafe; jdk/internal/misc/Unsafe
staticfield java/nio/Buffer SCOPED_MEMORY_ACCESS Ljdk/internal/misc/ScopedMemoryAccess; jdk/internal/misc/ScopedMemoryAccess
staticfield java/nio/Buffer IOOBE_FORMATTER Ljava/util/function/BiFunction; jdk/internal/util/Preconditions$4
staticfield java/nio/Buffer $assertionsDisabled Z 1
ciInstanceKlass jdk/internal/util/Preconditions 1 1 194 10 100 12 1 1 1 11 100 12 1 1 1 11 100 12 1 1 1 100 1 100 1 10 7 12 1 1 1 10 12 1 8 1 100 1 10 100 12 1 1 1 10 12 1 1 8 1 8 1 10 100 12 1 1 7 1 10 12 1 8 1 10 100 12 1 1 1 8 1 10 12 1 1 10 12 1 1 11 12 1 8 1 8 1 11 12 1 1 8 1 8 1 8 1 10 12 1 1 10 12 1 1 10 12 1 10 12 1 10 12 1 10 12 7 1 10 10 12 1 1 9 12 1 1 7 1 10 9 12 1 7 1 10 9 12 1 1 1 1 1 1 1 1 1 1 1 1 1 1 1 1 1 1 1 1 1 1 1 1 1 1 1 1 1 1 1 1 1 1 1 1 1 1 1 1 1 1 1 1 1 1 1 1 1 1 1 1 1 1 1 1 1 1
staticfield jdk/internal/util/Preconditions SIOOBE_FORMATTER Ljava/util/function/BiFunction; jdk/internal/util/Preconditions$4
staticfield jdk/internal/util/Preconditions AIOOBE_FORMATTER Ljava/util/function/BiFunction; jdk/internal/util/Preconditions$4
staticfield jdk/internal/util/Preconditions IOOBE_FORMATTER Ljava/util/function/BiFunction; jdk/internal/util/Preconditions$4
ciInstanceKlass jdk/internal/util/Preconditions$4 1 1 61 9 7 12 1 1 1 10 7 12 1 1 1 10 100 12 1 1 1 11 100 12 1 1 1 100 1 100 1 100 1 10 12 1 100 1 1 1 1 1 1 1 1 1 1 1 1 1 1 1 1 1 1 1 1 1 12 1 1 1 1
ciInstanceKlass java/util/function/BiFunction 1 1 65 10 100 12 1 1 1 18 12 1 1 11 100 12 1 1 11 100 12 1 100 1 1 1 1 1 1 1 1 1 1 1 1 1 1 1 1 1 1 1 1 1 1 1 1 1 1 1 16 15 11 12 15 10 100 12 1 1 1 1 100 1 100 1 1
ciMethod jdk/internal/util/Preconditions checkIndex (IILjava/util/function/BiFunction;)I 902 0 6685 0 -1
ciInstanceKlass java/lang/AssertionStatusDirectives 0 0 24 10 100 12 1 1 1 100 1 1 1 1 1 1 1 1 1 1 1 1 1 1 1 1
instanceKlass jdk/internal/classfile/impl/StackCounter$Target
instanceKlass jdk/internal/classfile/impl/StackMapDecoder$StackMapFrameImpl
instanceKlass jdk/internal/classfile/impl/StackMapDecoder$ObjectVerificationTypeInfoImpl
instanceKlass java/lang/reflect/Proxy$ProxyBuilder$ProxyClassContext
instanceKlass java/nio/DirectByteBuffer$Deallocator
instanceKlass java/lang/invoke/StringConcatFactory$InlineHiddenClassStrategy$MethodHandlePair
instanceKlass java/util/Formatter$FixedString
instanceKlass java/lang/ClassValue$Version
instanceKlass jdk/net/UnixDomainPrincipal
instanceKlass java/util/stream/Collectors$CollectorImpl
instanceKlass sun/util/locale/LanguageTag
instanceKlass java/lang/invoke/InvokerBytecodeGenerator$ClassData
instanceKlass java/lang/invoke/MethodHandles$Lookup$ClassDefiner
instanceKlass jdk/internal/classfile/impl/ClassHierarchyImpl$ClassHierarchyInfoImpl
instanceKlass java/lang/classfile/ClassHierarchyResolver$1Factory
instanceKlass jdk/internal/classfile/impl/RawBytecodeHelper$CodeRange
instanceKlass jdk/internal/classfile/impl/StackMapGenerator$Type
instanceKlass jdk/internal/classfile/impl/DirectCodeBuilder$DeferredLabel
instanceKlass jdk/internal/classfile/impl/Util$1WithCodeMethodHandler
instanceKlass jdk/internal/classfile/impl/AnnotationImpl
instanceKlass java/security/SecureClassLoader$CodeSourceKey
instanceKlass java/util/zip/ZipFile$EntryPos
instanceKlass sun/nio/fs/WindowsPathParser$Result
instanceKlass jdk/internal/reflect/ReflectionFactory$Config
instanceKlass jdk/internal/foreign/abi/UpcallLinker$CallRegs
instanceKlass jdk/internal/foreign/abi/VMStorage
ciInstanceKlass java/lang/Record 1 1 22 10 7 12 1 1 1 100 1 1 1 1 1 1 1 1 1 1 1 1 1 1
ciInstanceKlass java/util/concurrent/ConcurrentHashMap 1 1 1219 100 1 7 1 10 7 12 1 1 1 10 12 1 1 9 12 1 1 3 10 7 12 1 1 1 3 7 1 10 7 12 1 1 1 100 1 10 100 12 1 1 1 100 1 11 12 1 1 11 12 1 11 12 1 1 9 12 1 1 9 12 1 9 12 1 1 10 7 12 1 1 1 7 1 10 12 1 1 10 12 1 1 10 7 12 1 1 1 4 10 12 1 11 7 12 1 1 10 12 1 10 12 1 1 100 1 10 5 0 10 12 1 9 12 1 10 12 1 1 5 0 10 12 1 10 12 1 9 12 1 1 10 12 1 1 9 12 1 9 12 1 1 10 12 1 1 9 12 1 10 12 1 1 9 12 1 1 10 12 1 1 100 1 10 100 1 10 12 1 10 12 1 1 10 12 1 1 10 12 1 1 10 12 1 10 12 1 1 10 12 1 1 7 1 10 12 1 1 7 1 100 1 8 1 10 12 1 10 12 1 1 10 12 1 1 10 10 12 1 11 12 1 1 11 7 12 1 1 1 11 7 12 1 1 1 11 12 1 7 1 11 12 1 11 12 1 10 12 1 1 10 12 1 1 9 12 1 1 10 7 12 1 1 1 9 10 12 1 1 9 12 1 10 12 1 1 5 0 9 12 1 1 7 1 10 12 1 9 12 1 1 7 1 10 12 1 9 12 1 7 1 10 100 1 10 10 12 1 1 8 1 10 12 1 10 12 1 1 11 100 1 10 12 1 10 100 12 1 1 1 8 1 10 100 12 1 1 1 8 1 10 12 1 8 1 10 12 1 10 12 1 1 10 100 12 1 1 10 12 1 10 12 1 10 12 1 9 12 1 9 10 12 1 9 12 1 11 100 12 1 1 1 11 7 12 1 1 1 100 1 10 12 11 100 12 1 1 10 11 7 12 1 10 12 1 100 1 10 12 1 100 1 10 10 9 7 12 1 1 1 3 10 100 12 1 1 9 12 1 10 12 1 1 9 12 1 1 9 12 1 10 12 1 1 10 100 12 1 1 9 12 1 9 7 12 1 1 10 12 1 1 10 12 1 3 9 12 1 9 12 1 10 12 1 1 7 1 9 3 100 1 10 12 1 9 12 1 10 12 1 9 12 1 10 12 1 9 12 1 10 100 12 1 1 1 100 10 12 1 100 1 5 0 10 100 12 1 1 100 1 10 12 1 1 10 12 1 10 12 1 100 1 10 12 1 10 100 1 100 1 10 10 12 1 10 100 1 10 12 1 10 100 1 10 12 1 10 100 1 10 12 1 1 100 1 10 12 1 10 10 12 1 100 1 10 12 1 10 10 12 1 100 1 10 12 1 10 100 1 10 12 1 10 100 1 10 12 1 10 100 1 10 12 1 10 100 1 10 12 1 10 100 1 10 12 1 10 100 1 10 12 1 10 100 1 10 12 1 10 100 1 10 10 100 1 10 10 100 1 10 10 100 1 10 12 1 10 100 1 10 12 1 10 100 1 10 12 1 10 100 1 10 12 1 10 100 1 10 12 1 10 100 1 10 10 100 1 10 10 100 1 10 10 100 1 10 12 1 10 100 1 10 12 1 10 100 1 10 12 1 10 100 1 10 12 1 10 100 1 10 12 1 10 10 12 1 10 12 1 7 1 7 1 10 12 1 9 12 1 1 9 12 1 1 10 12 1 1 8 10 12 1 1 8 8 8 8 7 10 12 1 1 10 12 1 1 100 1 8 1 10 7 1 100 1 100 1 1 1 5 0 1 1 3 1 3 1 1 1 1 3 1 3 1 3 1 1 1 1 1 3 1 3 1 3 1 1 1 1 1 1 1 1 1 1 1 1 1 1 1 1 1 1 1 1 1 1 1 1 1 1 1 100 1 1 1 1 1 1 1 1 1 1 1 1 1 1 1 1 1 1 1 1 1 1 1 1 1 1 1 1 1 1 1 1 1 1 1 1 1 1 1 1 1 1 1 1 1 1 1 1 1 1 1 1 1 1 1 1 1 1 1 1 1 1 1 1 1 1 1 1 1 1 1 1 1 1 1 1 1 1 1 1 1 1 1 1 100 1 1 1 1 1 1 1 1 1 1 1 100 1 1 1 1 1 1 1 1 1 1 1 1 1 1 1 1 1 1 1 1 1 1 1 1 1 1 1 1 1 1 1 1 1 1 1 1 1 1 1 1 1 1 1 1 1 1 1 1 1 1 1 1 1 1 1 1 1 1 1 1 1 1 1 1 1 1 1 1 1 1 1 1 1 1 1 1 1 1 1 1 1 1 1 1 1 1 1 1 1 1 1 1 1 1 1 1 1 1 1 1 1 1 1 1 1 1 1 1 1 1 1 1 1 1 1 1 1 1 1 1 1 1 1 1 1 1 1 1 1 1 1 1 1 1 1 1 1 1 1 1 1 1 1 1 1 1 1 1 1 1 1 1 1 1 1 1 1 1 1 1 1 1 1 1 1 1 1 1 1 1 1 1 1 1 1 1 1 1 1 1 1 1 1 1 1 1 1 1 1 1 1 1 1 1 1 1 1 1 1 1 1 1 1 1 1 1 1 1 1 1 1 1 1 1 1 1 1 1 1 1 1 1 1 100 1 100 1 100 1 100 1 100 1 100 1 100 1 100 1 100 1 1 1 1 1 1 1 1 1 1 1 1 1 1 1 1 1 1 1 1 1 1 1 1 1 1 1 1 1 1 1 1 1 1 1 1 1 1 1 1 1 1 1 1 1 1 1 1 1 1 1 1 1 1 1 1 1 1
staticfield java/util/concurrent/ConcurrentHashMap serialPersistentFields [Ljava/io/ObjectStreamField; 3 [Ljava/io/ObjectStreamField;
staticfield java/util/concurrent/ConcurrentHashMap U Ljdk/internal/misc/Unsafe; jdk/internal/misc/Unsafe
staticfield java/util/concurrent/ConcurrentHashMap SIZECTL J 44
staticfield java/util/concurrent/ConcurrentHashMap TRANSFERINDEX J 56
staticfield java/util/concurrent/ConcurrentHashMap BASECOUNT J 48
staticfield java/util/concurrent/ConcurrentHashMap CELLSBUSY J 60
staticfield java/util/concurrent/ConcurrentHashMap CELLVALUE J 144
staticfield java/util/concurrent/ConcurrentHashMap ABASE J 16
staticfield java/util/concurrent/ConcurrentHashMap ASHIFT I 2
instanceKlass scala/collection/convert/Wrappers$MapWrapper
instanceKlass com/google/common/cache/LocalCache
instanceKlass java/util/concurrent/ConcurrentSkipListMap
instanceKlass java/util/TreeMap
instanceKlass java/util/Collections$SingletonMap
instanceKlass java/util/EnumMap
instanceKlass java/util/IdentityHashMap
instanceKlass java/util/WeakHashMap
instanceKlass java/util/Collections$EmptyMap
instanceKlass sun/util/PreHashedMap
instanceKlass java/util/HashMap
instanceKlass java/util/ImmutableCollections$AbstractImmutableMap
instanceKlass java/util/concurrent/ConcurrentHashMap
ciInstanceKlass java/util/AbstractMap 1 1 198 10 7 12 1 1 1 10 7 12 1 1 1 11 7 12 1 1 1 10 11 12 1 1 11 7 12 1 1 1 11 12 1 1 7 1 11 12 1 10 12 1 1 11 12 1 100 1 10 11 12 1 11 7 1 10 12 1 1 11 12 1 9 12 1 1 100 1 10 12 1 9 12 1 1 100 1 10 11 11 12 1 1 11 12 1 100 1 100 1 11 12 1 8 1 100 1 10 10 12 1 1 8 1 10 12 1 10 12 1 1 10 12 1 1 1 1 1 1 1 1 1 1 1 1 1 1 1 1 1 1 1 1 1 1 1 1 1 1 1 1 1 1 1 1 1 1 1 1 1 1 1 1 100 1 1 1 1 1 1 1 100 1 1 1 1 1 1 1 1 1 100 1 1 1 1 1 1 1 1 1 100 1 100 1 100 1 100 1 100 1 1 1 1 1 1 1 1
ciInstanceKlass java/util/concurrent/ConcurrentMap 1 1 201 11 100 12 1 1 1 10 100 12 1 1 11 12 1 1 11 100 12 1 1 1 11 100 12 1 1 1 11 12 1 1 100 1 11 12 1 11 12 1 100 1 11 100 12 1 1 1 18 12 1 11 12 1 1 11 100 12 1 1 11 12 1 1 11 100 12 1 11 12 1 1 11 12 1 1 100 1 100 1 1 1 1 1 1 1 1 1 1 1 1 1 1 1 1 1 1 1 1 1 1 1 1 1 1 1 1 1 1 1 1 1 1 1 1 1 1 1 1 1 1 1 1 1 1 1 1 1 1 1 1 1 1 1 1 1 1 1 1 16 15 11 12 15 10 100 12 1 1 1 1 1 100 1 100 1 1 1 100 1 8 1 1 12 10 1 8 1 1 1 8 1 8 1 1 8 1 1 1 8 1 1 1 8 1 1 8 1 8 1 1 1 8 1 1 8 1 1 1 8 1
ciInstanceKlass java/util/Collection 1 1 115 11 100 12 1 1 1 100 1 11 7 12 1 1 1 10 100 12 1 1 1 11 12 1 1 11 100 12 1 1 1 11 12 1 1 11 100 12 1 1 1 11 12 1 1 10 100 12 1 1 1 11 12 1 10 7 12 1 1 1 100 1 100 1 1 1 1 1 1 1 1 1 1 1 1 1 1 1 1 1 1 1 1 1 1 1 1 1 1 1 1 1 1 1 1 1 1 1 1 1 1 1 1 1 1 1 1 1 1 1 1 1 1 1 1
instanceKlass jdk/internal/loader/ClassLoaders$BootClassLoader
instanceKlass jdk/internal/loader/ClassLoaders$PlatformClassLoader
instanceKlass jdk/internal/loader/ClassLoaders$AppClassLoader
ciInstanceKlass jdk/internal/loader/BuiltinClassLoader 1 1 652 9 7 12 1 1 1 10 7 12 1 1 1 10 7 12 1 1 1 9 12 1 1 9 12 1 1 7 1 10 12 1 9 12 1 10 12 1 9 12 1 10 7 12 1 1 1 10 7 12 1 1 1 10 100 12 1 1 1 11 7 12 1 1 1 100 1 100 1 10 10 12 1 1 8 1 10 12 1 10 12 7 1 10 12 1 10 12 1 1 11 100 12 1 1 1 11 7 12 1 1 1 11 12 1 1 7 1 8 1 8 1 10 9 12 1 1 10 7 12 1 1 11 12 1 1 10 12 1 1 10 12 1 1 10 12 1 1 11 7 12 1 1 1 10 7 12 1 1 7 1 10 100 12 1 1 1 10 7 12 1 1 1 10 12 1 10 12 1 100 1 8 1 10 12 1 1 10 8 1 10 12 1 1 10 12 1 1 10 12 1 1 11 7 12 1 1 11 12 1 7 1 10 11 12 1 1 11 10 12 1 1 7 1 10 12 1 10 7 12 1 10 12 1 11 12 1 1 11 7 1 11 12 1 100 1 10 12 1 1 100 1 100 1 11 12 1 1 10 12 1 10 12 10 12 1 10 7 12 1 1 1 7 1 10 10 12 1 1 10 12 1 1 10 12 1 1 10 12 1 9 12 1 1 100 1 10 10 12 1 1 10 12 1 1 10 12 1 10 12 10 12 1 1 10 12 1 1 10 12 1 1 10 12 1 10 12 1 1 10 12 1 1 10 12 1 10 12 1 1 10 12 1 7 1 10 12 10 7 12 1 1 1 10 12 1 11 12 1 7 1 10 12 1 7 1 100 1 10 12 1 10 12 1 11 12 1 1 10 12 1 1 10 12 1 1 10 12 1 1 10 12 1 1 10 12 1 10 12 1 10 12 1 10 12 1 8 1 10 12 1 1 10 7 12 1 1 10 12 1 100 1 8 1 8 1 10 10 12 1 8 1 8 1 10 7 12 1 1 1 11 7 12 1 1 1 9 7 12 1 1 1 10 7 12 1 1 1 9 12 1 9 12 1 9 12 1 9 12 1 9 12 1 9 12 1 10 7 12 1 1 1 8 1 10 12 1 7 1 10 11 12 1 1 10 12 10 12 1 10 12 1 100 1 10 12 1 10 12 1 11 11 12 1 10 7 12 1 1 10 7 12 1 1 8 1 10 7 12 1 1 10 12 1 1 1 1 1 1 1 1 1 1 1 1 1 1 1 1 1 1 1 1 1 1 1 1 1 1 1 1 1 1 1 1 1 1 1 1 1 1 1 1 1 1 1 1 1 1 1 1 1 1 1 1 1 1 1 100 1 1 1 1 1 1 1 1 1 1 1 1 1 100 1 100 1 1 1 1 1 1 1 1 1 1 1 1 1 1 1 1 1 1 1 1 1 1 1 1 1 1 1 1 1 1 1 1 1 1 1 1 1 1 1 1 1 1 1 1 1 1 1 100 1 1 1 100 1 1 1 1 1
staticfield jdk/internal/loader/BuiltinClassLoader packageToModule Ljava/util/Map; java/util/concurrent/ConcurrentHashMap
staticfield jdk/internal/loader/BuiltinClassLoader $assertionsDisabled Z 1
ciInstanceKlass jdk/internal/loader/ClassLoaders$AppClassLoader 1 1 57 8 1 10 7 12 1 1 1 10 100 12 1 1 1 10 12 1 1 10 7 12 1 1 1 100 1 10 12 1 1 1 1 1 1 1 1 1 1 1 1 1 1 1 1 1 1 1 1 1 1 1 1 100 1 1 1
ciInstanceKlass jdk/internal/loader/ClassLoaders$PlatformClassLoader 1 1 42 8 1 10 7 12 1 1 1 10 7 12 1 1 1 100 1 10 12 1 100 1 1 1 1 1 1 1 1 1 1 1 1 1 1 100 1 1 1 100 1 1
ciInstanceKlass java/lang/ArithmeticException 1 1 26 10 100 12 1 1 1 10 12 1 100 1 1 1 1 5 0 1 1 1 1 1 1 1 1 1
instanceKlass com/firebase/util/validate/MaximumPayloadSizeException$
instanceKlass com/firebase/core/namespace/rules/tracker/RuleTrackerException
instanceKlass com/firebase/core/namespace/rules/util/ExpressionEvaluationException
instanceKlass com/firebase/core/namespace/rules/util/ExpressionValidationException
instanceKlass com/firebase/core/namespace/rules/util/RulesValidationException
instanceKlass com/firebase/core/namespace/rules/json/JSONParseException
instanceKlass java/lang/CloneNotSupportedException
instanceKlass com/firebase/core/namespace/package$ActorRestart
instanceKlass com/firebase/core/namespace/NamespaceActor$BatchingException$1
instanceKlass java/security/PrivilegedActionException
instanceKlass com/firebase/util/validate/MaximumPathLengthException
instanceKlass com/firebase/util/validate/MaximumDepthSizeException
instanceKlass com/firebase/util/protocol/InputValidationException
instanceKlass com/firebase/server/protocol/VisibleOperationFailureException
instanceKlass com/firebase/server/protocol/WrongServerException
instanceKlass com/firebase/core/namespace/FirebaseActorSystem$NamespaceActorShutdownInProgressException$
instanceKlass com/firebase/server/client/ChannelClosedException$
instanceKlass com/typesafe/config/impl/Tokenizer$ProblemException
instanceKlass com/typesafe/config/impl/AbstractConfigValue$NotPossibleToResolve
instanceKlass java/net/URISyntaxException
instanceKlass com/firebase/server/router/IdleTimeoutException
instanceKlass com/firebase/util/collections/ConcurrentSegmentBufferException
instanceKlass com/firebase/core/persistence/NamespaceAlreadyExistsException
instanceKlass sun/security/pkcs11/wrapper/PKCS11Exception
instanceKlass java/security/GeneralSecurityException
instanceKlass java/util/concurrent/TimeoutException
instanceKlass java/util/concurrent/ExecutionException
instanceKlass java/lang/InterruptedException
instanceKlass javax/management/JMException
instanceKlass java/text/ParseException
instanceKlass ch/qos/logback/core/boolex/EvaluationException
instanceKlass ch/qos/logback/core/spi/ScanException
instanceKlass ch/qos/logback/core/util/DynamicClassLoadingException
instanceKlass ch/qos/logback/core/util/IncompatibleClassException
instanceKlass ch/qos/logback/core/joran/spi/JoranException
instanceKlass java/io/IOException
instanceKlass java/lang/ReflectiveOperationException
instanceKlass java/lang/RuntimeException
ciInstanceKlass java/lang/Exception 1 1 40 10 7 12 1 1 1 10 12 1 10 12 1 10 12 1 10 12 1 100 1 1 1 1 5 0 1 1 1 1 1 1 1 1 1 1 1 1 1 1
instanceKlass com/firebase/core/namespace/SuspendedResult$SuspendedFailureUnhandled
instanceKlass com/firebase/util/misc/DynamicShutdownFlag$OperationCancelledExceptionImpl
instanceKlass com/firebase/core/namespace/rules/tree/RuleExpression$AutoTupleError
instanceKlass org/mozilla/javascript/Parser$ParserException
instanceKlass org/mozilla/javascript/RhinoException
instanceKlass com/firebase/core/persistence/CacheSizeExceededException
instanceKlass com/firebase/core/persistence/WriteDataExceededException
instanceKlass com/firebase/core/persistence/GenericPersistenceException
instanceKlass com/firebase/core/persistence/MetadataFailureException
instanceKlass com/firebase/core/namespace/SuspendedResult$SuspensionUnsupportedForEnvelopeException
instanceKlass com/firebase/core/namespace/SuspendedResult$SuspensionDisabledException
instanceKlass com/firebase/core/namespace/SuspendedResult$SuspendedWhileBatchingException
instanceKlass com/firebase/core/persistence/InvalidDocumentException
instanceKlass com/firebase/core/persistence/CorruptionException
instanceKlass java/lang/reflect/UndeclaredThrowableException
instanceKlass io/netty/handler/codec/CodecException
instanceKlass java/nio/BufferOverflowException
instanceKlass akka/serialization/DisabledJavaSerializer$JavaSerializationException
instanceKlass akka/AkkaException
instanceKlass java/time/DateTimeException
instanceKlass com/typesafe/config/ConfigException
instanceKlass com/google/common/cache/CacheLoader$InvalidCacheLoadException
instanceKlass com/google/common/util/concurrent/UncheckedExecutionException
instanceKlass com/fasterxml/jackson/module/paranamer/shaded/ParameterNamesNotFoundException
instanceKlass io/netty/handler/codec/http/websocketx/WebSocketHandshakeException
instanceKlass java/lang/reflect/InaccessibleObjectException
instanceKlass java/security/ProviderException
instanceKlass io/netty/channel/ChannelException
instanceKlass java/util/concurrent/RejectedExecutionException
instanceKlass ch/qos/logback/core/LogbackException
instanceKlass java/lang/IllegalStateException
instanceKlass java/lang/SecurityException
instanceKlass java/util/NoSuchElementException
instanceKlass java/lang/UnsupportedOperationException
instanceKlass scala/MatchError
instanceKlass java/lang/IllegalArgumentException
instanceKlass java/lang/IndexOutOfBoundsException
instanceKlass java/lang/ArithmeticException
instanceKlass java/lang/NullPointerException
instanceKlass java/lang/IllegalCallerException
instanceKlass java/lang/IllegalMonitorStateException
instanceKlass java/lang/ArrayStoreException
instanceKlass java/lang/ClassCastException
ciInstanceKlass java/lang/RuntimeException 1 1 40 10 7 12 1 1 1 10 12 1 10 12 1 10 12 1 10 12 1 100 1 1 1 1 5 0 1 1 1 1 1 1 1 1 1 1 1 1 1 1
ciInstanceKlass java/lang/ArrayIndexOutOfBoundsException 1 1 45 10 100 12 1 1 1 10 12 1 100 1 10 8 1 10 12 1 1 10 12 1 10 12 1 1 100 1 1 1 1 5 0 1 1 1 1 1 1 1 1 1 1 1 1
ciInstanceKlass java/lang/ArrayStoreException 1 1 26 10 100 12 1 1 1 10 12 1 100 1 1 1 1 5 0 1 1 1 1 1 1 1 1 1
ciInstanceKlass java/lang/ClassCastException 1 1 26 10 100 12 1 1 1 10 12 1 100 1 1 1 1 5 0 1 1 1 1 1 1 1 1 1
ciInstanceKlass java/lang/ClassNotFoundException 1 1 96 7 1 10 7 12 1 1 1 10 12 1 10 12 1 1 10 100 12 1 1 1 8 1 10 100 12 1 1 1 10 7 12 1 1 10 100 12 1 1 1 10 100 12 1 1 1 10 12 1 1 7 1 10 12 1 9 12 1 1 1 1 1 5 0 1 1 1 1 1 1 1 1 1 1 1 1 1 1 1 1 1 1 100 1 1 1 1 1 1 1 1 1 1 1 1
staticfield java/lang/ClassNotFoundException serialPersistentFields [Ljava/io/ObjectStreamField; 1 [Ljava/io/ObjectStreamField;
instanceKlass java/lang/reflect/InvocationTargetException
instanceKlass java/lang/InstantiationException
instanceKlass java/lang/IllegalAccessException
instanceKlass java/lang/NoSuchFieldException
instanceKlass java/lang/NoSuchMethodException
instanceKlass java/lang/ClassNotFoundException
ciInstanceKlass java/lang/ReflectiveOperationException 1 1 34 10 7 12 1 1 1 10 12 1 10 12 1 10 12 1 100 1 1 1 1 5 0 1 1 1 1 1 1 1 1 1 1 1
ciInstanceKlass java/lang/IllegalCallerException 0 0 35 10 100 12 1 1 1 10 12 1 10 12 1 10 12 1 100 1 1 1 1 5 0 1 1 1 1 1 1 1 1 1 1 1 1
ciInstanceKlass java/lang/IllegalMonitorStateException 1 1 26 10 100 12 1 1 1 10 12 1 100 1 1 1 1 5 0 1 1 1 1 1 1 1 1 1
ciInstanceKlass java/lang/BootstrapMethodError 0 0 45 10 100 12 1 1 1 10 12 1 10 12 1 10 100 12 1 1 1 10 100 12 1 1 1 1 1 1 5 0 1 1 1 1 1 1 1 1 1 1 1 100 1 1 1
instanceKlass java/lang/ThreadDeath
instanceKlass com/google/common/util/concurrent/ExecutionError
instanceKlass io/netty/util/Signal
instanceKlass scala/NotImplementedError
instanceKlass java/lang/AssertionError
instanceKlass java/lang/VirtualMachineError
instanceKlass java/lang/LinkageError
ciInstanceKlass java/lang/Error 1 1 58 10 7 12 1 1 1 9 12 1 1 10 100 12 1 1 1 10 100 12 1 1 1 10 12 1 10 12 1 10 12 1 10 12 1 100 1 1 1 1 5 0 1 1 1 1 1 1 1 1 100 1 1 1 1 1 1 1
instanceKlass java/lang/UnsatisfiedLinkError
instanceKlass java/lang/IncompatibleClassChangeError
instanceKlass java/lang/ExceptionInInitializerError
instanceKlass java/lang/BootstrapMethodError
instanceKlass java/lang/NoClassDefFoundError
ciInstanceKlass java/lang/LinkageError 1 1 31 10 7 12 1 1 1 10 12 1 10 12 1 100 1 1 1 1 5 0 1 1 1 1 1 1 1 1 1 1 1
ciInstanceKlass java/lang/NullPointerException 1 1 52 10 100 12 1 1 1 10 12 1 9 100 12 1 1 1 10 12 1 1 9 12 1 1 10 12 1 1 10 12 1 1 1 1 5 0 1 1 1 1 1 1 1 1 100 1 100 1 100 1 1 1
ciInstanceKlass java/lang/InternalError 1 1 34 10 100 12 1 1 1 10 12 1 10 12 1 10 12 1 100 1 1 1 1 5 0 1 1 1 1 1 1 1 1 1 1 1
instanceKlass java/lang/StackOverflowError
instanceKlass java/lang/OutOfMemoryError
instanceKlass java/lang/InternalError
ciInstanceKlass java/lang/VirtualMachineError 1 1 34 10 100 12 1 1 1 10 12 1 10 12 1 10 12 1 100 1 1 1 1 5 0 1 1 1 1 1 1 1 1 1 1 1
ciInstanceKlass java/lang/NoClassDefFoundError 0 0 26 10 100 12 1 1 1 10 12 1 100 1 1 1 1 5 0 1 1 1 1 1 1 1 1 1
instanceKlass io/netty/util/internal/OutOfDirectMemoryError
ciInstanceKlass java/lang/OutOfMemoryError 1 1 26 10 100 12 1 1 1 10 12 1 100 1 1 1 1 5 0 1 1 1 1 1 1 1 1 1
ciInstanceKlass java/lang/StackOverflowError 1 1 26 10 100 12 1 1 1 10 12 1 100 1 1 1 1 5 0 1 1 1 1 1 1 1 1 1
ciInstanceKlass java/lang/StackTraceElement 1 1 235 10 7 12 1 1 1 10 7 12 1 1 9 12 1 1 9 12 1 1 9 12 1 9 12 1 8 1 10 7 12 1 1 1 7 1 9 12 1 8 1 9 12 1 9 12 1 9 12 1 1 10 12 1 1 10 12 1 8 1 10 100 12 1 1 1 100 1 10 12 1 10 12 1 1 10 12 1 10 12 1 1 10 12 1 10 12 1 10 10 12 1 8 1 10 12 1 10 12 1 1 10 12 1 1 10 12 1 10 12 1 10 12 1 9 12 1 1 10 7 12 1 1 1 10 12 1 1 7 1 10 12 1 1 10 7 12 1 1 10 7 12 1 1 1 10 7 12 1 1 10 100 12 1 1 10 10 12 1 1 10 12 1 1 10 12 1 1 10 12 1 100 1 1 1 1 1 1 1 3 1 3 1 1 5 0 1 1 1 1 1 1 1 1 1 1 1 1 1 1 1 1 1 1 1 1 1 1 1 1 1 1 1 1 1 100 1 100 1 1 1 1 1 1 1 100 1 1 1 1 1 1 1 1 1
instanceKlass java/util/concurrent/locks/AbstractQueuedLongSynchronizer
instanceKlass java/util/concurrent/locks/AbstractQueuedSynchronizer
ciInstanceKlass java/util/concurrent/locks/AbstractOwnableSynchronizer 1 1 32 10 7 12 1 1 1 9 7 12 1 1 1 100 1 1 1 1 5 0 1 1 1 1 1 1 1 1 1 1 1 1
ciInstanceKlass jdk/internal/vm/Continuation 1 1 551 9 7 12 1 1 1 9 12 1 9 12 1 9 12 1 100 1 100 1 10 12 1 1 8 1 10 12 1 1 10 12 1 10 12 1 1 10 12 1 9 7 12 1 1 1 11 100 12 1 1 1 10 100 1 9 12 1 1 9 12 1 1 10 8 1 10 12 1 9 12 1 1 10 11 12 1 1 100 1 10 100 12 1 1 1 10 12 1 1 10 12 1 10 12 1 1 11 12 1 1 9 12 1 1 10 12 1 1 18 12 1 1 10 100 12 1 1 1 100 1 10 12 1 11 100 12 1 1 1 10 12 1 9 12 1 10 12 1 1 100 1 8 1 10 12 1 10 12 1 1 9 12 1 1 11 12 1 1 9 12 1 1 8 1 10 11 12 1 1 11 12 1 1 10 12 1 1 10 12 1 1 9 12 1 10 12 1 10 10 12 1 8 1 10 12 1 8 1 8 1 10 7 12 1 1 1 10 100 12 1 1 1 10 12 1 9 12 1 11 12 1 100 1 10 12 1 10 12 1 1 9 12 1 1 100 1 10 12 1 1 9 12 1 1 10 12 1 10 12 1 11 100 12 1 1 10 7 1 10 12 1 8 1 10 12 1 1 9 12 1 1 10 7 12 1 1 8 1 8 1 8 1 8 1 10 12 1 1 10 12 1 10 12 1 10 12 1 10 12 1 1 10 12 1 1 8 1 9 12 1 10 12 1 1 9 12 1 1 10 12 1 1 9 12 1 8 1 10 100 12 1 1 1 10 12 1 8 1 100 1 8 1 10 9 12 1 1 8 1 10 100 12 1 1 10 100 12 1 1 8 1 8 1 10 12 10 12 1 1 10 100 1 10 100 12 1 1 1 18 11 100 12 1 1 1 18 12 1 11 12 1 1 100 1 10 7 12 1 1 10 12 1 1 8 10 12 1 1 10 7 12 1 1 1 10 7 12 1 1 10 12 1 8 1 10 12 1 100 1 100 1 10 12 1 1 1 1 1 1 1 1 1 1 1 1 1 1 1 1 1 1 1 1 1 1 1 1 1 1 1 1 1 1 1 1 1 1 1 1 1 1 1 1 1 1 1 1 1 1 1 1 1 1 1 1 1 1 1 1 1 1 1 1 1 1 1 1 1 1 1 1 1 1 1 1 1 1 1 1 100 1 1 16 1 15 10 12 16 15 11 100 12 1 1 1 16 1 16 1 15 10 12 16 15 10 100 12 1 1 1 1 1 1 1 1 100 1 100 1 1
staticfield jdk/internal/vm/Continuation U Ljdk/internal/misc/Unsafe; jdk/internal/misc/Unsafe
staticfield jdk/internal/vm/Continuation MOUNTED_OFFSET J 13
staticfield jdk/internal/vm/Continuation PRESERVE_SCOPED_VALUE_CACHE Z 1
staticfield jdk/internal/vm/Continuation JLA Ljdk/internal/access/JavaLangAccess; java/lang/System$1
staticfield jdk/internal/vm/Continuation $assertionsDisabled Z 1
ciInstanceKlass jdk/internal/misc/UnsafeConstants 1 1 34 10 100 12 1 1 1 9 7 12 1 1 1 9 12 1 9 12 1 1 9 12 1 9 12 1 1 1 1 1 1 1 1 1
staticfield jdk/internal/misc/UnsafeConstants ADDRESS_SIZE0 I 8
staticfield jdk/internal/misc/UnsafeConstants PAGE_SIZE I 4096
staticfield jdk/internal/misc/UnsafeConstants BIG_ENDIAN Z 0
staticfield jdk/internal/misc/UnsafeConstants UNALIGNED_ACCESS Z 1
staticfield jdk/internal/misc/UnsafeConstants DATA_CACHE_LINE_FLUSH_SIZE I 0
ciInstanceKlass java/lang/invoke/MethodHandleImpl 1 1 1424 10 7 12 1 1 1 7 1 10 7 12 1 1 1 10 7 12 1 1 1 100 1 10 8 1 10 12 1 1 10 12 1 10 12 1 1 10 7 12 1 1 1 9 100 12 1 1 1 10 100 12 1 1 1 100 1 10 12 1 1 10 12 1 1 10 12 1 1 10 7 12 1 1 1 9 7 12 1 1 1 10 7 12 1 1 1 100 1 10 9 12 1 1 9 12 1 10 12 1 1 10 12 1 10 12 1 1 10 12 1 1 10 12 1 1 8 1 8 1 10 12 1 1 10 12 1 1 10 12 1 1 10 12 1 1 10 12 1 10 12 1 1 10 7 12 1 1 1 10 12 1 7 1 10 7 12 1 1 1 10 12 1 1 10 12 1 1 11 7 12 1 1 1 11 7 12 1 1 11 12 1 1 7 1 11 12 1 10 12 1 1 10 12 1 1 11 12 1 10 7 12 1 1 10 12 1 1 10 7 12 1 1 10 12 1 10 12 1 1 10 7 12 1 1 1 10 7 12 1 1 1 10 12 1 1 10 12 1 1 9 7 12 1 1 1 10 10 12 1 1 10 12 1 1 10 10 12 1 1 10 12 1 1 10 7 12 1 1 1 10 12 1 1 10 12 1 10 12 1 10 7 12 1 1 1 10 7 12 1 1 1 10 12 1 1 10 12 1 10 12 1 10 12 1 10 12 1 1 10 12 1 10 12 1 1 10 12 1 10 12 1 8 1 100 1 10 12 1 10 12 1 1 10 12 1 10 12 1 1 10 12 1 1 7 1 10 12 1 100 1 8 1 10 12 1 10 100 12 1 1 1 8 1 10 12 1 10 100 12 1 1 1 100 1 9 100 1 10 12 1 1 10 12 1 1 9 12 1 10 12 1 1 10 100 12 1 1 10 12 1 1 10 12 1 1 10 12 1 10 12 1 7 1 10 12 1 1 9 12 1 1 10 12 1 9 100 12 1 1 1 11 100 12 1 1 7 1 9 12 1 100 1 10 12 1 10 12 1 1 100 1 10 12 1 1 10 12 1 1 10 100 12 1 1 1 10 12 1 1 10 12 1 10 12 1 1 10 12 1 10 12 1 1 10 12 1 7 1 9 100 12 1 1 1 10 12 1 10 12 1 9 100 12 1 1 1 10 12 1 1 10 12 1 1 10 12 1 10 100 12 1 1 10 100 12 1 1 1 9 12 1 10 12 1 9 12 10 12 1 10 12 1 10 12 1 10 12 1 1 10 12 1 10 12 1 1 10 12 1 10 12 1 1 10 12 1 1 10 12 1 1 10 12 1 10 12 1 10 12 1 1 10 12 1 10 100 12 1 1 10 12 1 10 100 12 1 1 8 1 10 8 1 100 1 10 9 12 1 100 1 10 12 1 8 1 10 10 12 1 10 10 12 1 1 10 12 1 1 10 12 1 10 12 1 100 1 8 1 10 12 1 10 100 12 1 1 1 10 12 1 1 10 12 1 10 12 1 100 1 10 12 1 10 12 1 10 12 1 1 7 1 10 12 1 10 100 12 1 1 10 12 1 9 12 1 10 12 1 1 10 12 1 1 100 1 10 10 12 1 8 1 8 1 9 12 1 8 1 8 1 8 1 9 12 1 10 12 1 1 9 12 1 1 10 12 1 8 1 9 7 1 10 12 1 1 10 12 1 8 1 8 1 8 1 100 1 100 1 8 8 1 8 1 100 1 8 1 100 1 10 12 1 7 1 10 10 7 12 1 1 1 10 12 1 10 12 10 12 1 10 12 1 11 100 12 1 1 1 18 12 1 11 100 12 1 1 1 18 18 12 1 11 12 1 1 10 12 1 1 10 12 1 10 12 1 11 12 1 9 12 1 9 12 10 10 12 1 1 9 12 1 1 11 12 1 1 18 12 1 1 11 12 1 1 11 12 1 1 10 12 1 11 100 1 10 12 1 10 12 1 10 12 1 9 12 1 9 12 10 12 1 10 100 12 1 1 1 10 12 1 10 12 1 1 10 12 1 10 12 9 12 1 1 10 12 1 10 12 1 1 9 12 1 9 12 1 10 12 1 10 12 1 1 10 12 1 100 1 10 12 1 9 12 1 1 11 100 1 9 12 1 9 12 11 12 1 9 12 1 10 12 10 12 1 1 10 12 1 1 9 100 12 1 1 10 12 1 10 12 1 10 12 1 1 100 1 10 12 1 10 12 1 1 100 1 10 12 1 1 10 12 1 1 100 1 10 12 1 1 10 12 1 1 10 12 1 10 12 1 10 12 1 9 12 1 10 12 1 10 12 1 1 9 7 12 1 1 1 8 10 12 1 1 8 1 10 12 1 8 1 8 1 8 1 8 1 8 1 8 1 100 1 8 1 8 1 10 12 1 9 12 1 10 12 1 1 1 1 1 3 1 1 3 1 3 1 3 1 3 1 3 1 3 1 3 1 3 1 1 1 1 1 1 1 1 1 3 1 3 1 1 1 1 1 1 1 1 1 1 1 1 1 1 1 1 1 1 1 1 1 1 1 1 1 1 1 1 1 1 1 1 1 1 1 1 1 1 1 1 1 1 1 1 1 1 1 1 1 1 1 1 1 1 1 1 1 1 1 1 1 1 1 1 1 1 1 1 1 1 1 1 1 1 1 1 1 1 1 1 1 1 1 1 1 1 1 1 1 1 1 1 1 1 1 1 1 1 1 1 1 1 1 100 1 1 1 1 1 1 1 1 1 1 1 1 1 1 1 1 1 1 1 1 1 1 1 1 1 1 1 1 1 1 1 1 1 1 1 1 1 1 1 1 1 1 1 1 1 1 1 1 1 1 1 1 1 1 1 1 1 1 1 1 1 1 1 1 1 1 1 1 1 1 1 1 1 1 1 1 1 1 1 1 1 1 1 1 1 1 1 1 1 1 1 1 1 1 1 1 1 1 1 1 1 1 1 1 1 1 1 1 1 1 1 1 1 1 1 1 1 1 1 1 1 1 1 1 1 1 1 1 1 1 1 1 1 1 1 1 1 1 1 1 1 1 1 1 1 1 1 1 1 1 1 1 1 1 1 1 1 1 1 1 1 1 1 1 1 1 1 1 1 100 1 100 1 100 1 100 1 100 1 100 1 100 1 1 16 15 10 12 16 15 16 16 1 15 10 12 16 16 15 10 12 16 15 10 100 12 1 1 1 1 1 1 1 1 1 1 1 1 1 1 1 1 1 1 1 1 1 1 1 1
staticfield java/lang/invoke/MethodHandleImpl ARRAYS [Ljava/lang/invoke/MethodHandle; 256 [Ljava/lang/invoke/MethodHandle;
staticfield java/lang/invoke/MethodHandleImpl NFS [Ljava/lang/invoke/LambdaForm$NamedFunction; 7 [Ljava/lang/invoke/LambdaForm$NamedFunction;
staticfield java/lang/invoke/MethodHandleImpl HANDLES [Ljava/lang/invoke/MethodHandle; 9 [Ljava/lang/invoke/MethodHandle;
staticfield java/lang/invoke/MethodHandleImpl $assertionsDisabled Z 1
ciInstanceKlass java/lang/invoke/MethodHandleStatics 1 1 328 10 100 12 1 1 1 9 7 12 1 1 1 9 12 1 1 10 7 12 1 1 1 9 12 1 9 12 1 9 12 1 9 12 1 9 7 12 1 1 1 100 1 10 8 1 10 12 1 1 10 100 12 1 1 1 8 1 10 100 12 1 1 1 10 12 1 1 8 1 8 1 10 12 1 10 100 12 1 1 1 10 7 12 1 1 8 1 10 12 1 1 8 1 8 1 8 1 8 1 10 12 1 1 100 1 10 12 10 12 1 10 12 1 100 1 10 10 12 1 1 100 1 10 10 12 1 100 1 100 1 8 1 8 1 10 12 1 8 1 10 7 12 1 1 1 9 12 1 1 10 7 12 1 1 1 10 12 1 1 9 12 1 1 10 12 1 1 8 1 10 7 12 1 1 10 7 12 1 1 1 8 1 8 1 8 1 8 1 8 1 10 12 1 10 7 12 1 1 1 9 12 1 8 1 8 1 8 1 8 1 9 12 1 8 1 9 12 1 8 1 8 1 9 12 1 8 1 8 1 9 12 1 8 1 9 12 1 8 1 9 12 1 8 1 9 12 1 8 1 8 1 9 12 1 8 1 8 1 10 12 1 1 8 1 10 12 1 1 1 1 1 1 1 1 1 1 1 1 1 1 1 1 1 1 1 1 1 1 1 100 1 100 1 100 1 1 1 1 1 1 1 1 1 1 1 1 1 1 1 1 1 1 1 1 1 1 1 1 1 1 1 1 1 1 1 1 1
staticfield java/lang/invoke/MethodHandleStatics UNSAFE Ljdk/internal/misc/Unsafe; jdk/internal/misc/Unsafe
staticfield java/lang/invoke/MethodHandleStatics CLASSFILE_VERSION I 69
staticfield java/lang/invoke/MethodHandleStatics DEBUG_METHOD_HANDLE_NAMES Z 0
staticfield java/lang/invoke/MethodHandleStatics TRACE_INTERPRETER Z 0
staticfield java/lang/invoke/MethodHandleStatics TRACE_METHOD_LINKAGE Z 0
staticfield java/lang/invoke/MethodHandleStatics TRACE_RESOLVE Z 0
staticfield java/lang/invoke/MethodHandleStatics COMPILE_THRESHOLD I 0
staticfield java/lang/invoke/MethodHandleStatics LOG_LF_COMPILATION_FAILURE Z 0
staticfield java/lang/invoke/MethodHandleStatics DONT_INLINE_THRESHOLD I 30
staticfield java/lang/invoke/MethodHandleStatics PROFILE_LEVEL I 0
staticfield java/lang/invoke/MethodHandleStatics PROFILE_GWT Z 1
staticfield java/lang/invoke/MethodHandleStatics CUSTOMIZE_THRESHOLD I 127
staticfield java/lang/invoke/MethodHandleStatics VAR_HANDLE_GUARDS Z 1
staticfield java/lang/invoke/MethodHandleStatics MAX_ARITY I 255
staticfield java/lang/invoke/MethodHandleStatics VAR_HANDLE_IDENTITY_ADAPT Z 0
staticfield java/lang/invoke/MethodHandleStatics VAR_HANDLE_SEGMENT_FORCE_EXACT Z 0
staticfield java/lang/invoke/MethodHandleStatics DUMP_CLASS_FILES Ljdk/internal/util/ClassFileDumper; jdk/internal/util/ClassFileDumper
instanceKlass java/lang/invoke/BoundMethodHandle
instanceKlass java/lang/invoke/DelegatingMethodHandle
instanceKlass java/lang/invoke/DirectMethodHandle
ciInstanceKlass java/lang/invoke/MethodHandle 1 1 734 100 1 9 7 12 1 1 1 10 7 12 1 1 1 10 7 12 1 1 1 7 1 7 1 10 12 1 1 9 12 1 1 10 12 1 10 12 1 1 10 12 1 1 10 100 12 1 1 1 10 12 1 1 10 12 1 1 11 100 12 1 1 1 10 12 1 1 10 12 1 10 12 1 9 12 1 1 9 12 1 1 10 100 12 1 1 1 10 12 1 10 12 1 1 10 12 1 10 12 1 100 1 100 1 10 8 1 10 12 1 1 10 12 1 8 1 10 12 1 1 10 12 1 10 7 12 1 1 1 10 12 1 1 10 12 1 1 10 12 1 1 10 7 12 1 1 1 10 12 1 1 10 12 1 1 10 12 1 10 12 1 1 10 100 12 1 1 10 7 12 1 1 10 12 1 10 12 1 10 12 1 1 10 12 1 1 10 12 1 1 10 12 1 1 10 7 12 1 1 1 10 7 12 1 1 1 10 12 1 1 10 12 1 1 10 12 1 1 8 1 10 7 12 1 1 1 8 1 10 12 1 10 12 1 1 10 12 1 1 10 12 1 8 1 10 12 1 1 8 1 10 12 1 8 1 10 100 12 1 1 1 9 12 1 1 100 1 10 9 100 12 1 1 1 9 100 1 8 1 10 12 1 1 10 12 1 10 12 1 1 10 12 1 10 12 1 1 10 12 1 10 12 1 1 10 12 1 10 12 1 1 10 12 1 1 8 1 10 12 1 1 8 1 10 12 1 10 12 1 1 10 12 1 10 12 1 10 12 1 1 9 100 12 1 1 1 10 12 1 1 11 12 1 10 12 1 10 12 1 1 10 100 12 1 1 100 1 11 12 1 10 100 1 11 12 1 100 1 10 12 1 11 12 1 9 100 12 1 1 1 11 12 1 1 11 100 12 1 1 1 10 12 1 1 9 12 1 11 12 1 9 12 1 9 12 1 9 12 1 11 12 1 1 9 12 1 9 12 1 9 12 1 9 12 1 9 12 1 9 12 1 9 12 1 8 1 10 12 1 10 12 1 8 1 10 12 1 10 12 1 10 12 1 1 10 10 10 7 12 1 1 10 12 1 1 100 1 100 1 8 1 8 1 10 10 12 1 1 10 12 1 10 12 1 100 1 10 100 12 1 1 1 10 9 7 12 1 1 1 10 12 1 1 10 12 1 1 8 1 8 1 10 100 12 1 1 9 12 1 9 12 1 1 9 12 1 1 10 12 1 100 1 10 12 1 10 12 1 1 9 12 1 1 9 12 1 1 10 7 12 1 1 1 11 100 12 1 1 9 12 1 10 12 1 1 9 12 1 10 12 1 8 10 12 1 1 8 1 1 1 1 1 1 1 1 100 1 1 1 1 1 1 1 1 1 1 1 1 1 1 1 1 1 1 1 1 1 1 1 1 1 1 1 1 1 1 1 1 100 1 1 1 1 1 1 1 1 1 1 1 1 1 1 1 1 1 1 1 1 1 1 1 1 1 1 1 1 1 1 1 1 1 1 1 1 1 1 1 1 1 1 1 1 1 1 1 1 1 1 1 1 1 1 1 1 1 1 1 1 1 1 1 1 1 1 1 1 1 1 1 1 1 1 1 1 1 1 1 1 1 1 1 1 1 1 100 1 1 100 1 100 1 100 1 1 100 1 1 100 1 1 1 1
staticfield java/lang/invoke/MethodHandle FORM_OFFSET J 20
staticfield java/lang/invoke/MethodHandle UPDATE_OFFSET J 13
staticfield java/lang/invoke/MethodHandle $assertionsDisabled Z 1
ciInstanceKlass java/lang/invoke/MethodType 1 1 724 7 1 10 7 12 1 1 1 9 12 1 1 9 12 1 1 9 12 1 1 10 7 12 1 1 1 9 7 12 1 1 8 1 10 100 12 1 1 1 9 7 1 9 7 1 10 12 1 1 100 1 10 8 1 10 12 1 1 10 12 1 10 12 1 1 100 1 8 1 10 12 1 100 1 10 10 12 1 10 12 1 1 10 12 1 1 11 7 12 1 1 1 9 12 1 11 12 1 1 7 10 12 1 1 10 12 1 1 7 1 7 1 10 7 12 1 1 1 10 12 1 10 12 1 9 12 1 1 10 7 12 1 1 10 12 1 1 10 7 12 1 1 1 10 7 12 1 1 1 10 12 1 9 12 1 1 10 12 1 1 10 12 1 1 10 12 1 1 10 12 1 1 10 12 1 1 10 12 1 10 12 1 10 12 1 1 10 12 1 8 1 8 1 10 12 1 1 9 12 1 1 100 1 10 10 12 1 1 10 12 1 10 12 1 1 10 12 1 1 10 12 1 10 12 1 10 12 1 8 1 10 12 1 1 10 100 12 1 1 1 10 12 1 10 12 1 1 10 12 1 10 12 1 10 12 1 1 10 12 1 10 12 1 9 12 1 10 12 1 10 10 12 1 1 10 12 1 9 12 1 1 10 12 1 1 11 12 1 1 10 12 1 1 10 12 1 10 12 1 100 1 8 1 8 1 8 1 10 12 1 10 12 1 10 12 1 1 10 10 12 1 11 12 1 1 11 12 1 10 100 12 1 1 1 9 12 1 10 12 1 10 12 1 1 10 12 1 1 10 12 1 10 12 1 10 100 12 1 1 1 10 12 1 1 10 12 1 10 12 1 10 12 1 10 9 12 1 1 7 1 10 12 1 10 100 12 1 1 1 10 12 1 1 10 100 12 1 1 1 10 12 1 1 8 1 10 7 12 1 1 1 11 12 1 1 9 12 1 1 10 12 1 1 10 12 1 10 12 1 1 10 12 1 1 10 100 12 1 1 10 12 1 10 12 100 1 11 100 12 1 1 10 12 1 11 12 1 10 100 12 1 1 10 12 1 1 10 12 1 1 9 12 1 1 9 100 12 1 1 1 10 100 12 1 1 1 9 12 1 10 100 12 1 1 10 12 1 100 10 12 1 10 12 1 1 10 12 1 7 1 10 10 12 1 1 7 1 7 1 9 12 1 1 100 1 100 1 100 1 1 1 5 0 1 1 1 1 1 1 1 3 1 3 1 3 1 1 1 1 1 1 1 1 1 1 1 1 1 1 1 1 1 1 1 1 1 1 1 1 1 1 1 1 1 1 1 1 1 1 1 1 1 1 1 1 1 1 1 1 1 1 1 1 1 1 1 1 1 1 1 1 1 1 1 1 1 1 1 1 1 1 1 1 1 1 1 1 1 1 1 1 1 1 1 1 1 1 1 1 1 1 1 1 1 1 1 1 1 1 1 1 1 1 1 1 1 1 1 1 1 1 1 1 1 1 1 1 1 1 1 1 1 1 1 1 1 1 1 1 1 1 1 1 100 1 100 1 1 1 1 1 1 1 1 1 1 1 1 1 100 1 1 1 1 100 1 1 1 100 1 1 1 1 1 1 1 1 1 1 1 1 1 1 1 1 1 1 100 1 1 100 1 1
staticfield java/lang/invoke/MethodType internTable Ljdk/internal/util/ReferencedKeySet; jdk/internal/util/ReferencedKeySet
staticfield java/lang/invoke/MethodType NO_PTYPES [Ljava/lang/Class; 0 [Ljava/lang/Class;
staticfield java/lang/invoke/MethodType objectOnlyTypes [Ljava/lang/invoke/MethodType; 20 [Ljava/lang/invoke/MethodType;
staticfield java/lang/invoke/MethodType METHOD_HANDLE_ARRAY [Ljava/lang/Class; 1 [Ljava/lang/Class;
staticfield java/lang/invoke/MethodType serialPersistentFields [Ljava/io/ObjectStreamField; 0 [Ljava/io/ObjectStreamField;
staticfield java/lang/invoke/MethodType $assertionsDisabled Z 1
ciInstanceKlass java/lang/invoke/TypeDescriptor$OfMethod 1 0 43 100 1 100 1 100 1 1 1 1 1 1 1 1 1 1 1 1 1 1 1 1 1 1 1 1 1 1 1 1 1 1 1 1 1 1 1 1 1 1 100 1 1
instanceKlass com/fasterxml/jackson/annotation/JsonFormat$Feature
instanceKlass java/lang/annotation/ElementType
instanceKlass com/fasterxml/jackson/core/JsonEncoding
instanceKlass dk/brics/automaton/RegExp2$Kind
instanceKlass com/google/common/cache/RemovalCause
instanceKlass com/fasterxml/jackson/core/JsonToken
instanceKlass com/google/common/cache/LocalCache$NullEntry
instanceKlass io/netty/handler/codec/http/HttpObjectDecoder$State
instanceKlass java/lang/classfile/attribute/StackMapFrameInfo$SimpleVerificationTypeInfo
instanceKlass java/lang/reflect/ProxyGenerator$PrimitiveTypeInfo
instanceKlass java/lang/classfile/ClassFile$StackMapsOption
instanceKlass java/lang/reflect/AccessFlag$Location
instanceKlass java/lang/reflect/AccessFlag
instanceKlass java/lang/module/ModuleDescriptor$Modifier
instanceKlass java/lang/annotation/RetentionPolicy
instanceKlass io/netty/util/ResourceLeakDetector$Level
instanceKlass io/netty/channel/pool/FixedChannelPool$AcquireTimeoutAction
instanceKlass com/typesafe/config/impl/SimpleConfig$MemoryUnit
instanceKlass com/typesafe/config/impl/FromMapMode
instanceKlass java/lang/invoke/MethodHandleImpl$ArrayAccess
instanceKlass java/lang/StackStreamFactory$WalkerState
instanceKlass java/lang/StackWalker$ExtendedOption
instanceKlass java/lang/StackWalker$Option
instanceKlass java/time/zone/ZoneOffsetTransitionRule$TimeDefinition
instanceKlass java/time/DayOfWeek
instanceKlass java/time/Month
instanceKlass java/time/format/TextStyle
instanceKlass java/time/format/DateTimeFormatterBuilder$SettingsParser
instanceKlass java/time/format/ResolverStyle
instanceKlass java/time/format/SignStyle
instanceKlass java/time/temporal/JulianFields$Field
instanceKlass java/time/temporal/IsoFields$Unit
instanceKlass java/time/temporal/IsoFields$Field
instanceKlass java/time/temporal/ChronoUnit
instanceKlass java/time/temporal/ChronoField
instanceKlass com/typesafe/config/impl/ConfigIncludeKind
instanceKlass com/typesafe/config/ConfigValueType
instanceKlass com/typesafe/config/impl/TokenType
instanceKlass com/typesafe/config/impl/ResolveStatus
instanceKlass com/typesafe/config/impl/OriginType
instanceKlass com/typesafe/config/ConfigSyntax
instanceKlass com/google/common/cache/LocalCache$EntryFactory
instanceKlass com/google/common/cache/CacheBuilder$NullListener
instanceKlass com/google/common/cache/CacheBuilder$OneWeigher
instanceKlass com/google/common/cache/LocalCache$Strength
instanceKlass jdk/internal/logger/BootstrapLogger$LoggingBackend
instanceKlass java/util/stream/MatchOps$MatchKind
instanceKlass com/fasterxml/jackson/core/JsonParser$NumberType
instanceKlass com/fasterxml/jackson/databind/DeserializationFeature
instanceKlass com/fasterxml/jackson/databind/SerializationFeature
instanceKlass com/fasterxml/jackson/databind/MapperFeature
instanceKlass com/fasterxml/jackson/annotation/JsonFormat$Shape
instanceKlass com/fasterxml/jackson/annotation/JsonAutoDetect$Visibility
instanceKlass com/fasterxml/jackson/annotation/Nulls
instanceKlass com/fasterxml/jackson/annotation/JsonInclude$Include
instanceKlass com/fasterxml/jackson/core/JsonGenerator$Feature
instanceKlass com/fasterxml/jackson/core/JsonParser$Feature
instanceKlass com/fasterxml/jackson/core/JsonFactory$Feature
instanceKlass jdk/internal/util/OperatingSystem
instanceKlass java/net/StandardProtocolFamily
instanceKlass java/security/DrbgParameters$Capability
instanceKlass sun/security/util/KnownOIDs
instanceKlass java/security/Security$SecPropLoader$LoadingMode
instanceKlass sun/misc/Unsafe$MemoryAccessOption
instanceKlass java/util/stream/Collector$Characteristics
instanceKlass ch/qos/logback/core/spi/FilterReply
instanceKlass java/util/stream/StreamShape
instanceKlass sun/util/locale/provider/LocaleProviderAdapter$Type
instanceKlass java/util/Locale$Category
instanceKlass ch/qos/logback/core/joran/spi/ConsoleTarget
instanceKlass java/util/stream/StreamOpFlag$Type
instanceKlass java/util/stream/StreamOpFlag
instanceKlass java/util/regex/Pattern$Qtype
instanceKlass java/math/RoundingMode
instanceKlass java/lang/classfile/Opcode$Kind
instanceKlass java/lang/classfile/Opcode
instanceKlass java/lang/invoke/VarHandle$AccessType
instanceKlass java/lang/invoke/VarHandle$AccessMode
instanceKlass java/lang/invoke/MethodHandleImpl$Intrinsic
instanceKlass java/lang/classfile/AttributeMapper$AttributeStability
instanceKlass jdk/internal/classfile/impl/AbstractPoolEntry$Utf8EntryImpl$State
instanceKlass java/lang/classfile/TypeKind
instanceKlass java/lang/invoke/LambdaForm$BasicType
instanceKlass java/lang/invoke/LambdaForm$Kind
instanceKlass java/lang/constant/DirectMethodHandleDesc$Kind
instanceKlass sun/invoke/util/Wrapper
instanceKlass java/util/concurrent/TimeUnit
instanceKlass java/nio/file/LinkOption
instanceKlass sun/nio/fs/WindowsPathType
instanceKlass java/nio/file/StandardOpenOption
instanceKlass jdk/internal/vm/Continuation$Pinned
instanceKlass java/io/File$PathStatus
instanceKlass jdk/internal/module/ModuleBootstrap$IllegalNativeAccess
instanceKlass java/lang/reflect/ClassFileFormatVersion
instanceKlass java/lang/Thread$State
instanceKlass java/lang/module/ModuleDescriptor$Requires$Modifier
ciInstanceKlass java/lang/Enum 1 1 204 9 7 12 1 1 1 9 12 1 1 10 7 12 1 1 1 9 12 1 10 7 12 1 1 1 100 1 10 10 12 1 1 10 12 1 100 1 10 10 7 12 1 1 10 12 1 1 18 12 1 1 10 100 12 1 1 1 10 12 1 1 11 7 12 1 1 1 100 1 8 1 10 12 1 100 1 100 1 10 8 1 10 12 1 1 10 12 1 1 8 1 10 12 1 10 100 1 8 1 10 10 12 1 1 10 100 12 1 1 1 100 1 100 1 100 1 1 1 1 1 1 1 1 1 1 1 1 1 1 1 1 1 1 1 1 1 1 1 1 1 1 1 1 1 1 1 1 1 1 1 1 1 1 1 1 1 1 1 1 1 1 1 3 1 1 1 1 100 1 100 1 1 100 1 1 1 1 1 1 1 1 1 1 1 16 15 10 12 16 15 10 100 12 1 1 1 1 1 100 1 100 1 1
ciInstanceKlass java/lang/invoke/LambdaForm 1 1 1030 7 1 100 1 10 7 12 1 1 1 9 12 1 1 9 12 1 9 12 1 9 12 1 1 9 12 1 1 9 12 1 1 9 12 1 1 9 12 1 1 9 12 1 10 7 12 1 1 9 12 1 10 12 1 1 100 1 10 10 12 1 1 10 12 1 10 12 1 10 12 1 1 10 12 1 9 12 1 9 12 1 10 12 1 1 9 7 12 1 1 1 9 7 12 1 1 9 12 1 1 10 12 1 9 12 1 10 100 12 1 1 1 10 12 1 1 100 1 10 12 1 1 9 7 12 1 1 1 10 100 12 1 1 1 10 12 1 10 12 1 1 7 1 10 12 1 10 12 1 10 12 1 1 10 12 1 1 10 12 1 10 12 1 10 12 1 10 12 1 10 12 1 1 8 1 10 12 1 10 12 1 10 10 12 1 8 1 8 1 9 12 1 9 12 1 1 10 12 1 1 9 12 1 1 10 7 12 1 1 1 10 12 1 1 10 12 1 10 12 1 1 10 12 1 7 1 10 12 1 10 100 12 1 1 1 9 12 1 10 12 1 8 1 8 1 8 1 8 1 8 1 8 1 8 1 8 1 10 12 1 9 12 1 7 1 10 12 1 1 9 12 1 1 10 12 1 1 10 12 1 1 10 12 10 12 1 10 12 1 1 10 12 1 1 10 12 1 1 10 10 12 1 1 10 12 1 1 7 1 8 1 10 12 1 1 10 12 1 10 12 1 1 10 8 1 10 12 1 1 8 1 8 1 8 1 10 12 1 10 12 1 10 12 1 1 10 100 12 1 1 1 10 7 12 1 1 1 10 12 1 1 9 12 1 1 8 1 10 100 12 1 1 1 10 7 12 1 1 10 12 1 10 12 1 1 10 12 1 1 9 12 1 8 10 12 1 1 100 1 10 12 1 1 10 12 1 9 7 12 1 1 9 100 12 1 1 1 8 1 10 100 12 1 1 10 12 1 1 100 1 100 1 10 10 12 1 1 10 12 1 1 8 1 8 1 100 1 8 1 10 12 10 12 1 10 12 1 10 12 1 10 12 1 1 9 100 12 1 1 10 12 1 8 1 8 1 10 12 1 10 12 1 1 8 1 8 1 8 1 100 1 8 1 100 1 8 1 100 1 8 1 10 12 1 8 1 9 10 100 12 1 1 1 10 12 1 9 12 1 1 10 12 1 10 10 12 1 10 12 1 10 12 1 10 12 1 1 10 12 1 10 12 1 1 10 12 1 1 10 12 1 1 10 12 1 1 8 1 100 10 12 1 10 12 1 9 12 1 1 10 7 12 1 1 8 1 8 1 100 1 8 1 8 1 8 1 8 1 8 1 8 1 8 1 8 1 10 12 1 1 10 12 1 1 10 12 1 10 12 1 10 12 1 10 12 1 8 1 8 1 8 1 10 12 1 8 1 10 12 1 8 1 8 1 8 1 8 1 8 1 10 12 1 10 12 1 10 12 1 1 10 7 12 1 1 1 10 12 1 10 12 1 10 12 1 10 12 1 10 12 1 9 12 1 1 8 1 10 12 1 1 9 12 1 9 12 1 1 10 12 1 1 9 12 1 1 9 12 1 10 12 1 1 9 12 1 1 7 1 10 7 12 1 1 1 9 7 12 1 1 1 10 7 12 1 1 1 10 12 1 1 10 12 1 1 10 12 1 9 12 1 10 12 1 9 12 1 10 12 1 10 12 1 8 1 10 12 1 9 12 1 1 100 1 10 100 12 1 1 1 100 1 10 12 1 9 12 1 10 12 1 10 12 1 10 12 1 1 10 12 1 9 100 12 1 1 10 12 1 1 10 12 1 10 12 1 9 12 1 9 9 12 1 7 9 12 1 1 10 12 1 1 9 12 1 10 12 1 10 7 1 9 1 1 1 1 3 1 3 1 1 3 1 3 1 1 1 1 1 1 1 1 1 1 1 1 1 1 1 1 1 1 1 1 1 1 1 1 1 1 1 1 1 1 1 1 1 1 1 1 1 1 1 1 1 1 1 1 1 100 1 1 1 1 1 1 1 1 1 1 1 1 1 1 1 1 1 1 1 1 1 1 1 1 1 1 1 1 1 1 1 1 1 1 1 1 1 1 1 1 1 1 1 1 1 1 1 1 1 1 1 1 1 1 1 1 1 1 1 1 1 1 1 1 1 1 1 100 1 1 1 1 1 1 1 1 1 1 1 1 1 1 1 1 1 1 1 1 1 1 1 1 1 1 1 1 1 1 1 1 1 1 1 1 100 1 1 1 1 1 1 1 1 1 1 1 1 1 1 100 1 1 1 100 1 1 100 1 1 1 1 1 1 1 1 1 1 1 1
staticfield java/lang/invoke/LambdaForm DEFAULT_CUSTOMIZED Ljava/lang/invoke/MethodHandle; 
staticfield java/lang/invoke/LambdaForm DEFAULT_KIND Ljava/lang/invoke/LambdaForm$Kind; java/lang/invoke/LambdaForm$Kind
staticfield java/lang/invoke/LambdaForm COMPILE_THRESHOLD I 0
staticfield java/lang/invoke/LambdaForm INTERNED_ARGUMENTS [[Ljava/lang/invoke/LambdaForm$Name; 5 [[Ljava/lang/invoke/LambdaForm$Name;
staticfield java/lang/invoke/LambdaForm IMPL_NAMES Ljava/lang/invoke/MemberName$Factory; java/lang/invoke/MemberName$Factory
staticfield java/lang/invoke/LambdaForm LF_identity [Ljava/lang/invoke/LambdaForm; 6 [Ljava/lang/invoke/LambdaForm;
staticfield java/lang/invoke/LambdaForm NF_identity [Ljava/lang/invoke/LambdaForm$NamedFunction; 6 [Ljava/lang/invoke/LambdaForm$NamedFunction;
staticfield java/lang/invoke/LambdaForm LF_constant [Ljava/lang/invoke/LambdaForm; 5 [Ljava/lang/invoke/LambdaForm;
staticfield java/lang/invoke/LambdaForm createIdentityFormLock Ljava/lang/Object; java/lang/Object
staticfield java/lang/invoke/LambdaForm DEBUG_NAME_COUNTERS Ljava/util/HashMap; 
staticfield java/lang/invoke/LambdaForm DEBUG_NAMES Ljava/util/HashMap; 
staticfield java/lang/invoke/LambdaForm TRACE_INTERPRETER Z 0
staticfield java/lang/invoke/LambdaForm $assertionsDisabled Z 1
instanceKlass jdk/internal/reflect/DirectMethodHandleAccessor
ciInstanceKlass jdk/internal/reflect/MethodAccessorImpl 1 1 38 10 7 12 1 1 1 10 100 12 1 1 1 100 1 1 1 1 1 1 1 100 1 100 1 1 1 1 1 1 1 1 1 1 1 1 1 1
ciInstanceKlass jdk/internal/reflect/MethodAccessor 1 0 17 100 1 100 1 1 1 1 100 1 100 1 1 1 1 1 1
ciInstanceKlass jdk/internal/reflect/CallerSensitive 0 0 17 100 1 100 1 100 1 1 1 1 1 1 1 1 1 1 1
ciInstanceKlass jdk/internal/reflect/DirectConstructorHandleAccessor$NativeAccessor 1 1 44 10 7 12 1 1 1 9 7 12 1 1 1 10 12 1 1 1 1 1 1 1 1 1 1 1 1 1 1 1 1 1 100 1 100 1 1 1 1 1 100 1 1 1
ciInstanceKlass jdk/internal/reflect/ConstructorAccessor 1 0 16 100 1 100 1 1 1 1 100 1 100 1 100 1 1 1
instanceKlass jdk/internal/reflect/DirectConstructorHandleAccessor
instanceKlass jdk/internal/reflect/DirectConstructorHandleAccessor$NativeAccessor
ciInstanceKlass jdk/internal/reflect/ConstructorAccessorImpl 1 1 27 10 7 12 1 1 1 100 1 100 1 1 1 1 1 1 1 1 1 100 1 100 1 100 1 1 1
ciInstanceKlass jdk/internal/reflect/ConstantPool 1 1 142 10 100 12 1 1 1 9 7 12 1 1 1 10 12 1 1 10 12 1 1 10 12 1 10 12 1 1 10 12 1 1 10 12 1 10 12 1 1 10 12 1 10 12 1 1 10 12 1 10 12 1 10 12 1 10 12 1 1 10 12 1 1 10 12 1 1 10 12 1 1 10 12 1 10 12 1 1 10 100 12 1 1 1 8 11 7 12 1 1 1 10 7 12 1 1 1 1 1 1 1 1 1 1 1 1 1 1 1 1 1 1 1 1 1 1 1 1 1 1 1 1 1 1 1 1 1 1 1 1 1 1 1 1 1 1 1 1 1 1 1 1
instanceKlass java/lang/invoke/VolatileCallSite
instanceKlass java/lang/invoke/MutableCallSite
instanceKlass java/lang/invoke/ConstantCallSite
ciInstanceKlass java/lang/invoke/CallSite 1 1 297 10 7 12 1 1 1 10 7 12 1 1 1 9 12 1 1 10 7 12 1 1 1 10 12 1 100 1 10 12 1 1 10 12 1 1 9 100 12 1 1 1 10 100 12 1 1 10 12 1 1 100 1 100 1 10 10 100 12 1 1 1 10 12 1 1 8 1 10 12 1 10 12 1 1 10 12 1 10 12 1 1 10 12 1 1 10 10 100 12 1 1 10 12 1 1 9 12 1 9 100 12 1 1 1 8 1 10 7 12 1 1 1 10 12 1 1 100 1 10 12 1 1 9 12 1 8 1 100 1 10 12 1 10 12 1 100 1 8 1 10 10 12 1 10 12 1 1 100 1 10 12 1 1 10 12 1 10 12 1 10 12 1 1 10 12 1 1 9 12 1 1 8 10 12 1 1 9 12 1 1 100 1 10 10 12 1 10 100 12 1 1 1 10 12 1 1 10 12 1 1 10 12 1 10 7 12 1 1 1 100 1 8 1 10 10 12 10 12 1 1 100 1 100 1 100 1 8 1 10 12 1 10 7 12 1 1 1 1 1 1 1 1 1 1 1 1 1 1 1 1 1 1 1 1 1 1 1 1 1 1 1 1 1 1 1 1 1 1 1 1 1 1 1 1 1 1 1 1 1 1 1 1 1 1 1 1 1 1 1 1 100 1 100 1 1 1
staticfield java/lang/invoke/CallSite $assertionsDisabled Z 1
ciInstanceKlass java/lang/invoke/ConstantCallSite 1 1 65 10 7 12 1 1 1 9 7 12 1 1 1 9 12 1 1 10 7 12 1 1 1 10 12 1 100 1 10 12 9 12 1 1 100 1 10 10 12 1 1 10 12 1 1 1 1 1 1 1 1 1 1 1 1 1 100 1 1 1 1 1 1 1 1
staticfield java/lang/invoke/ConstantCallSite UNSAFE Ljdk/internal/misc/Unsafe; jdk/internal/misc/Unsafe
instanceKlass java/lang/invoke/DirectMethodHandle$StaticAccessor
instanceKlass java/lang/invoke/DirectMethodHandle$Interface
instanceKlass java/lang/invoke/DirectMethodHandle$Accessor
instanceKlass java/lang/invoke/DirectMethodHandle$Constructor
ciInstanceKlass java/lang/invoke/DirectMethodHandle 1 1 929 7 1 100 1 7 1 7 1 10 7 12 1 1 1 10 7 12 1 1 1 100 1 10 12 1 10 12 1 1 10 7 12 1 1 10 12 1 1 10 12 1 10 12 1 7 1 10 12 1 1 10 12 1 1 10 12 1 10 12 1 1 10 7 12 1 1 1 10 12 1 9 7 12 1 1 1 100 1 10 9 12 1 1 9 12 1 10 12 1 10 12 1 10 12 1 1 10 12 1 10 12 1 10 12 1 10 7 12 1 1 1 10 12 1 10 12 1 1 8 1 10 12 1 1 100 1 10 12 1 7 1 10 10 12 1 10 12 1 10 12 1 10 7 12 1 1 1 10 12 1 1 7 1 10 12 1 10 12 1 7 1 10 12 1 10 12 1 1 10 12 1 1 10 12 8 10 7 12 1 1 1 10 12 1 10 12 1 10 12 1 1 10 12 1 9 7 12 1 1 1 7 1 10 12 1 10 7 12 1 1 1 10 12 1 10 12 1 1 9 12 1 1 7 1 10 8 1 10 12 1 1 10 12 1 1 8 1 10 12 1 10 12 1 10 10 12 1 10 12 1 10 12 1 10 12 1 10 12 1 1 10 12 1 10 12 1 10 12 1 1 10 10 7 12 1 1 1 10 12 1 10 12 1 1 10 12 1 10 12 1 1 8 1 9 7 12 1 1 1 8 1 9 12 1 9 12 1 8 1 9 12 1 9 12 1 8 1 9 12 1 9 12 1 8 1 10 12 1 10 12 1 1 10 7 12 1 1 1 10 12 1 10 12 1 1 9 12 1 1 7 1 10 12 1 1 100 1 10 7 12 1 1 1 10 12 1 1 10 12 1 1 7 1 10 12 1 1 10 12 1 10 12 1 1 7 1 10 12 1 1 10 12 1 10 12 1 10 12 1 1 10 12 1 9 12 1 1 10 7 1 9 12 1 10 12 1 7 1 7 1 7 1 10 7 12 1 1 1 9 12 1 1 10 7 12 1 1 1 10 7 12 1 1 10 12 10 12 1 100 1 10 12 1 10 12 1 1 8 1 9 12 1 9 12 1 10 12 1 1 9 12 1 1 10 7 12 1 1 1 9 12 1 1 9 12 1 1 10 12 1 10 12 1 10 12 1 10 12 1 1 10 12 1 9 12 1 9 12 1 10 12 1 10 12 1 10 12 1 10 12 1 1 10 12 1 1 9 12 1 1 10 12 1 1 9 7 12 1 1 1 9 12 1 9 12 1 9 12 1 9 12 1 9 12 1 9 12 1 9 12 1 9 12 1 9 12 1 9 12 1 9 12 1 9 12 1 9 12 1 9 12 1 9 12 1 9 12 1 9 12 1 9 12 1 9 12 1 9 12 1 9 12 1 9 12 1 9 12 1 9 12 1 100 1 10 12 1 8 1 8 1 8 1 8 1 8 1 8 1 8 1 8 1 8 1 10 12 1 10 12 1 8 1 8 1 8 1 9 12 1 1 9 12 1 1 10 12 1 10 12 1 1 10 12 1 1 9 7 1 10 12 1 10 12 10 12 1 10 12 1 10 12 1 10 8 1 8 1 8 1 8 1 10 12 1 1 9 12 1 1 10 12 1 10 100 12 1 1 1 8 9 12 1 1 10 12 1 1 8 1 8 8 9 12 1 8 1 8 8 8 8 8 1 8 10 12 1 7 1 10 12 1 8 1 8 1 10 12 1 10 12 1 10 12 1 9 12 1 10 12 1 1 7 1 1 1 1 3 1 3 1 3 1 3 1 3 1 3 1 3 1 3 1 1 1 1 1 1 1 1 1 1 3 1 3 1 3 1 1 3 1 3 1 1 1 1 1 1 1 1 1 1 1 1 1 1 1 1 1 1 1 1 1 1 1 1 1 1 1 1 1 1 1 1 1 1 1 1 1 1 1 1 1 1 1 1 1 1 1 1 1 1 1 1 1 1 1 1 1 1 1 1 1 1 100 1 1 1 1 1 1 1 1 1 100 1 1 1 1 1 1 1 1 1 1 1 1 1 1 1 1 1 1 1 1 1 1 1 1 1 1 1 1 1 1 1 1 1 1 1 1 1 1 1 1 1 1 1 1 1 1 1 1 1 1 1 1 1
staticfield java/lang/invoke/DirectMethodHandle IMPL_NAMES Ljava/lang/invoke/MemberName$Factory; java/lang/invoke/MemberName$Factory
staticfield java/lang/invoke/DirectMethodHandle FT_UNCHECKED_REF I 8
staticfield java/lang/invoke/DirectMethodHandle FT_CHECKED_REF I 9
staticfield java/lang/invoke/DirectMethodHandle ACCESSOR_FORMS [Ljava/lang/invoke/LambdaForm; 120 [Ljava/lang/invoke/LambdaForm;
staticfield java/lang/invoke/DirectMethodHandle ALL_WRAPPERS [Lsun/invoke/util/Wrapper; 10 [Lsun/invoke/util/Wrapper;
staticfield java/lang/invoke/DirectMethodHandle NFS [Ljava/lang/invoke/LambdaForm$NamedFunction; 12 [Ljava/lang/invoke/LambdaForm$NamedFunction;
staticfield java/lang/invoke/DirectMethodHandle OBJ_OBJ_TYPE Ljava/lang/invoke/MethodType; java/lang/invoke/MethodType
staticfield java/lang/invoke/DirectMethodHandle LONG_OBJ_TYPE Ljava/lang/invoke/MethodType; java/lang/invoke/MethodType
staticfield java/lang/invoke/DirectMethodHandle $assertionsDisabled Z 1
ciInstanceKlass java/lang/invoke/MutableCallSite 0 0 61 10 100 12 1 1 1 10 12 1 9 100 12 1 1 1 10 12 1 10 12 1 1 9 100 12 1 1 1 10 100 12 1 1 1 10 100 12 1 1 1 1 1 1 1 1 1 1 1 1 1 1 1 1 1 1 1 1 100 1 1
ciInstanceKlass java/lang/invoke/VolatileCallSite 0 0 37 10 100 12 1 1 1 10 12 1 10 100 12 1 1 1 10 12 1 10 12 1 1 1 1 1 1 1 1 1 1 1 1 1 1 1 1
instanceKlass java/lang/invoke/VarHandleLongs$FieldInstanceReadOnly
instanceKlass java/lang/invoke/VarHandleReferences$FieldInstanceReadOnly
instanceKlass java/lang/invoke/VarHandleBooleans$FieldInstanceReadOnly
instanceKlass java/lang/invoke/VarHandleReferences$Array
instanceKlass java/lang/invoke/VarHandleByteArrayAsDoubles$ByteArrayViewVarHandle
instanceKlass java/lang/invoke/VarHandleByteArrayAsLongs$ByteArrayViewVarHandle
instanceKlass java/lang/invoke/VarHandleByteArrayAsFloats$ByteArrayViewVarHandle
instanceKlass java/lang/invoke/VarHandleByteArrayAsInts$ByteArrayViewVarHandle
instanceKlass java/lang/invoke/VarHandleByteArrayAsChars$ByteArrayViewVarHandle
instanceKlass java/lang/invoke/VarHandleByteArrayAsShorts$ByteArrayViewVarHandle
instanceKlass java/lang/invoke/VarHandleInts$FieldInstanceReadOnly
ciInstanceKlass java/lang/invoke/VarHandle 1 1 474 10 7 12 1 1 1 10 7 12 1 1 9 12 1 1 9 12 1 1 10 12 1 1 8 1 10 12 1 1 10 7 12 1 1 1 10 12 1 1 10 100 12 1 1 1 9 100 12 1 1 1 10 12 1 1 10 100 12 1 1 1 10 12 1 1 9 12 1 10 12 1 9 12 1 1 10 100 12 1 1 10 12 1 9 100 12 1 1 1 9 12 1 1 10 12 1 1 100 1 100 1 10 8 1 10 12 1 1 10 12 1 8 1 10 12 1 10 12 1 9 12 1 1 9 12 1 10 12 1 10 12 1 1 10 12 1 10 10 100 12 1 1 1 10 12 1 1 10 12 1 1 10 100 12 1 1 1 10 100 12 1 1 1 10 100 12 1 1 1 9 12 1 1 9 10 12 1 10 12 1 1 10 12 1 1 10 12 1 10 100 12 1 1 1 9 12 1 1 10 12 1 1 9 12 1 10 12 1 10 12 1 10 100 12 1 1 100 1 10 9 7 12 1 1 1 9 12 1 1 10 7 12 1 1 1 10 12 1 10 12 1 10 12 1 10 12 1 10 12 1 10 12 1 1 8 10 12 1 1 7 1 10 12 1 1 100 1 1 1 1 1 1 1 1 1 1 1 1 1 1 1 1 1 1 1 1 1 1 1 1 1 1 1 1 1 1 1 1 1 1 1 1 1 1 1 1 1 1 1 1 1 1 1 1 1 1 1 1 1 1 1 1 1 1 1 1 1 1 1 1 1 100 1 1 1 1 1 1 1 1 100 1 1 1 1 1 1 1 1 1 1 1 1 100 1 100 1 1 100 1 100 1 100 1 100 1 100 1 100 1 100 1 100 1 100 1 100 1 100 1 100 1 100 1 100 1 100 1 100 1 100 1 100 1 100 1 100 1 100 1 100 1 100 1 100 1 100 1 100 1 100 1 100 1 100 1 100 1 100 1 100 1 100 1 100 1 100 1 100 1 1 1 1 1 1 100 1 1 1 100 1 1 100 1 100 1 100 1 100 1 100 1 100 1 1 1 1 100 1 100 1 100 1 100 1 100 1 100 1 100 1 100 1
staticfield java/lang/invoke/VarHandle VFORM_OFFSET J 16
staticfield java/lang/invoke/VarHandle $assertionsDisabled Z 1
ciMethod java/lang/invoke/VarHandle asDirect ()Ljava/lang/invoke/VarHandle; 0 0 1 0 -1
ciMethod java/lang/invoke/VarHandle checkAccessModeThenIsDirect (Ljava/lang/invoke/VarHandle$AccessDescriptor;)Z 1024 0 22176 0 -1
ciMethod java/lang/invoke/VarHandle accessModeType (I)Ljava/lang/invoke/MethodType; 0 0 6419 0 -1
ciMethod java/lang/invoke/VarHandle throwWrongMethodTypeException (Ljava/lang/invoke/VarHandle$AccessDescriptor;)V 0 0 1 0 -1
ciMethod java/lang/invoke/VarHandle getMethodHandle (I)Ljava/lang/invoke/MethodHandle; 0 0 1 0 -1
ciInstanceKlass java/lang/invoke/MemberName 1 1 730 7 1 7 1 100 1 9 12 1 1 10 7 12 1 1 1 9 12 1 1 10 12 1 1 10 12 1 1 10 12 1 1 10 12 1 10 12 1 1 10 7 12 1 1 1 10 12 1 9 7 12 1 1 10 12 1 100 1 100 1 10 12 1 8 1 10 12 1 1 10 12 1 10 12 1 1 10 12 1 9 12 1 1 8 1 10 100 12 1 1 1 7 1 10 10 12 1 1 7 1 7 1 10 12 1 9 12 1 1 100 1 8 1 10 12 1 10 12 1 10 12 1 10 12 1 10 12 1 1 10 12 1 10 12 1 10 12 1 1 8 1 8 1 10 12 1 8 1 9 12 1 1 3 10 12 1 10 12 1 10 12 1 10 10 7 12 1 1 1 10 12 1 10 12 1 10 12 1 10 12 1 7 1 8 10 12 1 1 10 12 1 1 8 1 9 100 1 8 9 100 1 10 12 1 1 10 12 1 10 12 1 8 1 10 12 1 1 10 12 1 10 12 1 10 12 1 10 12 1 1 100 1 10 12 1 1 10 12 1 8 1 10 12 1 10 12 1 8 1 10 12 1 1 10 12 1 1 100 1 10 12 1 1 10 12 8 1 8 1 100 1 10 12 1 10 100 12 1 1 1 100 1 10 12 10 12 1 10 12 1 10 12 1 10 12 1 10 10 12 1 10 12 1 10 12 1 3 10 12 1 3 10 12 1 3 3 3 3 3 3 10 12 1 3 9 12 1 10 12 1 1 3 10 12 1 10 10 7 12 1 1 1 10 12 1 1 10 7 12 1 1 10 10 12 1 10 12 1 1 10 12 1 10 10 12 1 1 10 12 1 10 12 1 10 12 1 100 1 10 10 10 12 100 1 10 10 10 12 1 1 10 12 1 1 10 10 12 1 8 10 7 1 10 12 1 10 7 1 10 12 1 10 12 1 10 12 1 10 10 12 1 10 12 1 1 10 12 1 1 10 12 1 10 12 1 10 12 1 100 1 10 12 1 1 100 1 8 1 10 7 1 10 12 1 10 12 10 12 1 1 10 12 1 10 12 1 8 1 8 1 8 1 8 1 10 12 1 10 12 1 10 7 12 1 1 1 8 1 8 1 10 12 1 8 1 10 10 10 12 1 10 12 1 8 1 8 1 10 10 12 1 8 1 10 100 12 1 1 1 8 1 100 1 10 12 1 10 12 1 1 10 12 1 8 1 8 1 8 1 8 1 100 1 10 8 1 8 1 8 1 8 1 10 12 1 100 1 100 1 100 1 10 100 1 10 100 1 10 100 12 1 1 1 9 7 12 1 1 1 100 1 100 1 1 1 1 1 1 1 3 1 3 1 3 1 3 1 3 1 3 1 1 1 1 1 1 1 1 3 1 3 1 1 1 1 1 1 1 1 1 1 1 1 1 1 1 1 1 1 1 1 1 1 1 1 100 1 1 1 1 1 1 1 1 1 1 1 1 1 1 1 1 1 1 1 1 1 1 1 1 1 1 1 1 1 1 1 1 1 1 1 1 1 1 1 1 1 1 1 1 1 1 1 1 1 1 1 1 1 1 1 1 1 1 1 1 1 1 1 1 1 1 1 1 1 1 1 1 1 1 1 1 100 1 1 1 1 1 1 1 1 1 1 1 1 1 1 1 1
staticfield java/lang/invoke/MemberName $assertionsDisabled Z 1
ciInstanceKlass java/lang/invoke/ResolvedMethodName 1 1 25 10 100 12 1 1 1 9 7 12 1 1 1 1 1 1 1 1 1 1 1 1 1 1 1
ciInstanceKlass java/lang/invoke/MethodHandleNatives 1 1 689 100 1 10 7 12 1 1 1 9 7 12 1 1 1 10 12 1 1 100 1 10 10 12 1 1 10 12 1 10 12 1 8 1 8 1 8 1 8 1 8 1 8 1 8 1 8 1 8 1 8 1 10 12 1 1 7 1 10 7 12 1 1 1 10 100 12 1 1 1 7 1 10 10 12 1 1 8 1 10 12 1 8 1 10 12 1 1 8 1 10 12 1 1 9 100 12 1 1 1 8 1 10 100 12 1 1 1 100 1 10 12 100 1 100 1 8 1 7 1 10 10 12 1 7 1 9 7 12 1 1 10 12 1 1 10 12 1 10 7 12 1 1 1 10 12 1 1 9 12 1 8 1 10 12 1 1 10 12 1 8 1 10 12 1 1 7 1 10 12 1 10 7 12 1 1 1 10 12 1 10 12 1 1 10 12 1 1 8 1 10 12 1 1 8 1 10 12 1 8 1 8 1 8 1 100 1 10 12 1 8 1 10 100 12 1 1 1 10 12 1 1 10 100 12 1 1 10 10 12 1 1 10 12 1 10 100 12 1 1 1 100 1 8 1 10 100 12 1 1 1 7 1 8 1 10 12 1 8 1 8 1 8 1 8 1 8 1 10 12 1 1 10 12 1 1 10 12 1 10 12 1 1 10 12 1 1 7 1 10 12 1 100 1 100 1 10 12 1 10 12 1 8 1 8 1 10 10 12 1 1 10 12 1 1 8 1 10 100 12 1 1 8 1 8 1 10 12 1 1 10 7 12 1 1 1 100 1 10 12 1 1 7 1 9 12 1 1 10 7 12 1 1 1 10 10 12 1 9 12 1 10 12 1 9 12 1 9 12 1 10 12 1 1 10 12 1 10 12 1 1 7 1 7 1 10 12 1 1 10 12 1 10 12 1 1 10 7 12 1 1 1 10 12 1 8 1 10 12 1 10 12 1 10 12 1 1 10 12 1 10 7 12 1 1 1 10 12 1 1 100 1 8 1 10 9 7 12 1 1 1 10 12 1 1 10 12 1 1 100 1 10 12 1 1 10 12 1 1 100 1 100 1 10 10 100 1 100 1 10 100 1 10 10 12 1 1 10 100 1 10 12 1 10 12 1 1 10 12 1 1 10 12 1 1 10 12 1 10 12 1 1 10 8 1 10 12 1 10 12 1 10 12 1 10 12 1 10 12 1 1 10 12 1 10 12 1 10 12 1 10 10 7 12 1 1 10 12 1 1 1 1 1 1 1 1 1 1 1 1 1 100 1 1 1 1 1 1 1 1 1 1 1 1 1 1 1 1 1 1 1 1 1 1 1 1 1 1 1 1 1 1 1 1 1 1 1 1 1 1 1 1 1 1 1 1 1 1 1 1 1 1 1 1 1 1 1 1 1 1 1 1 1 1 1 100 1 1 1 1 1 1 1 1 1 1 1 1 1 1 1 1 1 1 1 1 1 1 1 1 1 1 1 1 1 1 1 1 1 1 1 100 1 1 1 1 1 1 1 1 1 1 1 1 1 1 1 1 1 1 1 1 1 1 1 1 1 1 1 1 1 1 1 1 1 1 100 1 1
staticfield java/lang/invoke/MethodHandleNatives $assertionsDisabled Z 1
ciInstanceKlass jdk/internal/foreign/abi/NativeEntryPoint 0 0 223 10 100 12 1 1 1 9 100 12 1 1 1 9 12 1 1 100 1 8 1 10 12 1 10 12 1 1 100 1 10 100 12 1 1 1 10 12 1 9 12 1 1 18 12 1 1 10 100 12 1 1 1 9 100 12 1 1 1 8 1 10 12 1 1 8 1 8 1 8 1 8 1 10 100 12 1 1 1 100 1 10 10 12 1 1 8 1 10 12 1 8 1 10 12 1 10 12 1 1 10 12 1 1 100 1 8 1 10 12 1 10 12 1 1 100 1 8 1 10 10 12 1 9 12 1 1 18 12 1 1 10 100 12 1 1 1 10 12 1 1 10 12 1 10 100 12 1 1 1 10 1 1 1 1 1 1 1 1 1 1 1 1 1 1 1 1 1 1 1 1 1 1 1 1 1 1 1 1 1 1 1 1 1 1 1 1 1 1 1 1 1 1 1 1 16 1 15 10 12 16 1 16 15 10 12 15 10 100 12 1 1 1 1 1 100 1 1 100 1 100 1 1
ciInstanceKlass jdk/internal/foreign/abi/ABIDescriptor 0 0 55 10 100 12 1 1 1 9 100 12 1 1 1 9 12 1 1 9 12 1 9 12 1 9 12 1 1 9 12 1 9 12 1 1 9 12 1 9 12 1 9 12 1 9 12 1 1 1 1 1 1 1 1 1 1
ciInstanceKlass jdk/internal/foreign/abi/VMStorage 0 0 111 10 100 12 1 1 1 9 100 12 1 1 1 9 12 1 1 9 12 1 1 9 12 1 1 100 1 10 8 1 10 12 1 1 10 12 1 10 12 1 1 10 12 1 100 1 10 100 12 1 1 1 10 100 12 1 1 10 100 12 1 1 10 100 12 1 1 1 18 12 1 1 1 1 1 1 1 1 1 1 1 1 1 1 1 1 1 1 1 1 1 1 8 1 15 15 15 15 15 10 100 12 1 1 1 1 100 1 100 1 1
ciInstanceKlass jdk/internal/foreign/abi/UpcallLinker$CallRegs 0 0 66 10 100 12 1 1 1 9 100 12 1 1 1 9 12 1 18 12 1 1 18 12 1 1 18 12 1 1 1 1 1 1 1 1 1 1 1 1 1 1 1 1 1 1 100 1 1 1 8 1 15 15 15 10 100 12 1 1 1 1 1 100 1 100 1 1
instanceKlass java/lang/StackFrameInfo
ciInstanceKlass java/lang/ClassFrameInfo 1 1 126 10 7 12 1 1 1 9 7 12 1 1 1 7 1 3 9 12 1 1 9 12 1 1 100 1 9 12 1 1 3 11 100 12 1 1 1 11 12 1 10 12 1 1 10 12 1 1 10 12 1 100 1 10 10 12 1 1 8 1 8 1 10 12 100 1 10 10 12 1 1 8 1 10 12 1 8 1 10 12 8 1 10 12 1 10 7 12 1 1 1 100 1 1 1 1 1 1 1 1 1 1 1 1 1 1 1 1 1 1 1 1 1 1 1 1 1 1 1 100 1 1 1 1 1 1
staticfield java/lang/ClassFrameInfo JLIA Ljdk/internal/access/JavaLangInvokeAccess; java/lang/invoke/MethodHandleImpl$1
ciInstanceKlass java/lang/StackWalker$StackFrame 1 1 41 100 1 10 12 1 1 100 1 100 1 1 1 1 1 1 1 1 1 1 1 1 1 1 1 1 1 1 1 1 1 1 1 1 1 1 1 100 1 1 1
ciInstanceKlass java/lang/StackWalker 1 1 236 9 7 12 1 1 1 10 7 12 1 1 1 7 1 10 7 12 1 1 1 10 12 1 1 11 7 12 1 1 1 10 12 1 1 10 12 1 1 100 1 8 1 10 12 1 10 12 1 10 12 1 10 7 12 1 1 9 12 1 1 9 12 1 1 9 12 1 1 9 12 1 1 10 12 1 1 9 12 1 1 9 12 1 1 9 12 1 1 9 12 1 1 10 12 1 1 10 7 12 1 1 1 10 7 12 1 1 1 18 12 1 1 100 1 8 1 10 8 1 10 12 1 1 10 100 12 1 1 1 10 12 1 1 10 12 1 11 12 1 1 9 7 12 1 1 11 100 12 1 1 1 10 12 1 1 1 1 1 1 1 1 1 1 1 1 1 1 1 1 1 1 1 1 1 1 1 1 1 1 1 1 1 1 1 1 1 1 1 1 1 1 1 1 1 1 1 1 1 1 1 1 1 1 1 1 1 1 1 100 1 1 16 15 10 12 16 1 15 10 100 12 1 1 1 1 1 1 1 1 1 100 1 100 1 1
staticfield java/lang/StackWalker DEFAULT_EMPTY_OPTION Ljava/util/EnumSet; java/util/RegularEnumSet
staticfield java/lang/StackWalker DEFAULT_WALKER Ljava/lang/StackWalker; java/lang/StackWalker
instanceKlass java/lang/LiveStackFrameInfo
ciInstanceKlass java/lang/StackFrameInfo 1 1 150 10 7 12 1 1 1 9 7 12 1 1 1 9 12 1 1 11 7 12 1 1 1 10 12 1 1 10 7 12 1 1 1 9 12 1 1 10 12 1 1 9 12 1 1 100 1 10 12 10 12 1 9 12 1 100 1 100 1 10 12 1 1 11 12 1 1 10 12 1 10 12 1 10 12 1 1 9 12 1 1 10 12 1 1 10 100 12 1 1 10 12 1 1 9 12 1 10 100 12 1 1 1 9 12 1 1 10 100 1 10 12 1 9 12 1 1 10 12 1 1 10 12 1 1 1 1 1 1 1 1 1 1 1 1 1 1 1 1 100 1 100 1 1 1 1 1 1 1 1
staticfield java/lang/StackFrameInfo $assertionsDisabled Z 1
ciInstanceKlass java/lang/LiveStackFrameInfo 0 0 97 10 100 12 1 1 1 9 100 12 1 1 1 9 12 1 9 12 1 9 12 1 9 12 1 1 100 1 10 12 1 1 10 12 1 8 1 10 12 1 1 8 1 8 1 8 1 10 100 1 10 12 1 100 1 10 12 1 100 1 100 1 1 1 3 1 3 1 1 1 1 1 1 1 1 1 1 1 1 1 1 1 1 1 1 1 1 1 1 1 1 1 1 1 100 1 1
ciInstanceKlass java/lang/LiveStackFrame 0 0 112 100 1 10 100 12 1 1 1 11 100 12 1 1 1 11 12 1 9 100 12 1 1 1 10 100 12 1 1 1 10 100 12 1 1 1 11 12 1 10 12 1 100 1 100 1 1 1 1 1 1 1 1 1 1 1 1 1 1 1 1 1 1 1 1 1 1 1 1 1 100 1 1 1 1 1 1 1 100 1 8 1 1 12 10 1 1 1 8 1 1 1 8 1 1 1 8 1 1 1 8 1 1 8 1 1 1 8 1 1 8 1
instanceKlass java/lang/StackStreamFactory$StackFrameTraverser
ciInstanceKlass java/lang/StackStreamFactory$AbstractStackWalker 1 1 364 7 1 100 1 3 10 7 12 1 1 1 10 7 12 1 1 10 7 12 1 1 1 9 12 1 1 9 12 1 1 9 12 1 1 9 12 1 9 12 1 10 7 12 1 1 1 10 12 1 1 10 100 12 1 1 9 12 1 1 9 12 1 1 10 12 1 1 9 12 1 1 10 7 12 1 1 1 10 12 1 1 9 12 1 1 9 100 12 1 1 1 100 1 10 8 1 10 12 1 1 10 12 1 8 1 10 12 1 1 10 100 12 1 1 1 100 1 8 1 10 12 1 8 1 10 12 10 7 12 1 1 9 12 1 1 8 1 5 0 8 1 8 1 9 12 1 1 10 12 1 1 18 12 1 1 10 100 12 1 1 1 10 12 1 1 10 12 1 10 12 1 9 7 12 1 1 1 10 12 1 1 9 12 1 10 12 1 10 12 1 10 12 1 10 12 1 10 12 1 10 12 1 1 8 1 10 12 1 10 12 1 10 12 1 10 12 1 1 8 1 10 12 1 1 10 12 1 1 10 12 1 1 10 12 1 10 12 1 10 12 1 9 12 1 8 1 10 12 1 8 1 10 12 1 10 12 1 1 10 12 1 10 12 1 10 12 1 1 10 12 1 10 12 1 10 12 1 10 12 1 10 12 1 10 12 1 1 10 12 1 10 12 1 10 12 1 10 12 1 8 1 1 1 1 1 1 1 1 1 1 1 1 1 100 1 1 1 1 1 1 100 1 1 1 1 100 1 1 1 1 1 1 1 1 1 1 1 1 1 1 1 1 1 1 16 15 15 10 100 12 1 1 1 1 1 1 1 1 100 1 100 1 1
ciInstanceKlass jdk/internal/module/Modules 1 1 481 10 100 12 1 1 1 9 7 12 1 1 1 11 7 12 1 1 1 11 12 1 1 11 12 1 1 11 12 1 1 11 12 1 11 12 1 11 12 1 11 12 1 11 12 1 11 12 1 1 10 100 12 1 1 1 10 12 1 1 10 100 12 1 1 10 100 12 1 1 1 10 100 12 1 1 10 12 1 1 11 12 1 9 12 1 1 11 100 12 1 1 1 10 12 1 1 10 10 12 1 10 100 1 9 12 1 1 10 7 12 1 1 10 12 1 1 10 100 12 1 1 1 100 1 11 100 12 1 1 1 10 100 12 1 1 1 11 100 12 1 1 10 12 1 1 10 100 12 1 1 10 100 12 1 1 1 10 12 1 1 10 12 1 1 11 12 1 1 18 12 1 1 11 100 12 1 1 10 100 12 1 1 1 11 100 12 1 1 1 100 1 11 12 1 1 11 100 12 1 1 1 11 12 1 1 10 12 1 1 10 100 12 1 1 18 12 1 1 11 12 1 1 18 12 1 1 11 12 1 1 10 12 1 18 18 10 12 1 1 9 12 1 1 11 100 12 1 1 1 100 1 10 11 12 1 11 12 1 1 10 100 1 10 12 1 1 10 100 12 1 1 10 12 1 1 11 12 10 12 1 1 100 1 10 18 12 1 10 12 1 1 100 1 8 1 10 12 1 10 100 12 1 1 18 12 1 11 11 12 10 12 1 10 10 100 1 18 12 1 10 10 10 7 12 1 1 10 7 12 1 1 1 10 12 1 1 1 1 1 1 1 1 1 1 1 1 1 1 1 1 1 1 1 1 1 1 1 1 1 1 1 1 1 1 1 1 1 1 1 1 1 1 1 1 1 1 1 1 1 1 1 1 1 1 1 1 1 1 1 1 1 1 1 1 1 1 1 1 100 1 1 1 1 1 1 1 1 1 1 1 1 1 1 1 1 1 1 1 1 1 1 1 16 15 10 12 1 16 1 16 1 15 10 12 1 16 1 16 1 15 10 12 16 1 15 10 16 1 15 10 12 16 1 16 15 10 12 16 15 10 12 16 15 10 12 15 10 100 12 1 1 1 1 1 1 100 1 100 1 1
staticfield jdk/internal/module/Modules JLA Ljdk/internal/access/JavaLangAccess; java/lang/System$1
staticfield jdk/internal/module/Modules JLMA Ljdk/internal/access/JavaLangModuleAccess; java/lang/module/ModuleDescriptor$1
staticfield jdk/internal/module/Modules $assertionsDisabled Z 1
ciInstanceKlass jdk/internal/loader/ClassLoaders 1 1 185 10 100 12 1 1 1 10 7 12 1 1 1 10 12 1 1 10 7 12 1 1 1 9 7 12 1 1 1 9 12 1 1 9 12 1 1 7 1 11 100 12 1 1 1 100 1 11 12 1 1 11 12 1 1 10 100 12 1 1 1 10 100 12 1 1 1 100 1 100 1 10 7 12 1 1 1 9 12 1 1 8 1 10 7 12 1 1 1 10 12 1 1 7 1 10 12 1 10 12 1 1 7 1 10 12 1 1 10 12 1 1 10 12 1 7 1 10 12 10 12 1 8 1 10 7 12 1 1 8 1 8 1 10 12 1 7 1 10 10 12 1 10 12 1 1 1 1 1 1 1 1 1 1 1 1 1 1 1 1 1 1 1 1 100 1 1 1 1 1 1 1 1 1 1 1 1 1 1 1 1 1 1 1 1
staticfield jdk/internal/loader/ClassLoaders JLA Ljdk/internal/access/JavaLangAccess; java/lang/System$1
staticfield jdk/internal/loader/ClassLoaders BOOT_LOADER Ljdk/internal/loader/ClassLoaders$BootClassLoader; jdk/internal/loader/ClassLoaders$BootClassLoader
staticfield jdk/internal/loader/ClassLoaders PLATFORM_LOADER Ljdk/internal/loader/ClassLoaders$PlatformClassLoader; jdk/internal/loader/ClassLoaders$PlatformClassLoader
staticfield jdk/internal/loader/ClassLoaders APP_LOADER Ljdk/internal/loader/ClassLoaders$AppClassLoader; jdk/internal/loader/ClassLoaders$AppClassLoader
ciInstanceKlass java/util/ArrayList 1 1 514 10 7 12 1 1 1 7 1 9 7 12 1 1 1 9 12 1 100 1 100 1 10 8 1 10 12 1 1 10 12 1 10 12 1 1 10 12 1 9 12 1 11 7 12 1 1 1 9 12 1 1 11 12 1 1 7 10 7 12 1 1 1 9 12 1 10 12 1 10 12 1 1 10 7 12 1 1 1 10 7 12 1 1 1 10 12 1 1 10 12 1 1 10 12 1 1 10 12 1 10 12 1 1 100 1 100 1 10 12 1 10 10 7 12 1 1 1 10 7 12 1 1 10 12 1 100 1 10 10 12 10 12 1 1 10 12 1 1 10 12 1 10 12 10 12 1 1 7 1 10 12 1 1 10 12 1 1 10 12 1 100 1 10 11 12 1 1 11 100 12 1 1 1 11 12 1 10 12 1 10 12 1 10 12 1 1 100 1 10 12 1 1 10 10 12 1 1 10 12 1 8 1 8 1 8 1 8 1 10 12 1 1 10 12 1 1 11 12 1 100 1 10 100 12 1 1 10 12 1 10 12 1 1 10 100 12 1 1 10 12 1 10 100 12 1 1 1 11 100 12 1 1 1 10 12 1 100 1 8 1 10 7 1 10 12 1 7 1 10 12 1 10 12 1 1 7 1 10 12 1 10 12 1 1 11 7 12 1 1 7 1 10 12 1 10 12 1 1 11 100 12 1 1 10 12 1 1 10 12 1 1 10 12 1 1 10 12 1 1 11 100 12 1 1 10 12 1 1 10 12 1 1 100 1 100 1 100 1 1 1 1 5 0 1 3 1 1 1 1 1 1 1 1 1 1 1 1 1 1 1 1 1 1 1 1 1 1 1 1 1 1 1 1 1 1 1 1 1 1 1 1 1 1 1 1 1 1 1 1 1 1 1 1 1 1 1 1 1 1 1 1 1 1 1 1 1 1 1 1 1 1 1 1 1 1 1 1 1 1 1 1 1 1 1 1 1 1 1 1 1 1 1 1 1 1 1 1 1 1 1 1 1 1 1 1 1 1 1 1 100 1 1 1 1 100 1 1 1 1 1 1 1 1 1 1 1 1 1 1 1 1 1 1 1 1 1 1 1 1 1 1 1 1 1 100 1 1 1 1 1 1 1 1 1 1 1 1 1 1 1 1 1 1 1 100 1 100 1 1 1 1 1 1
staticfield java/util/ArrayList EMPTY_ELEMENTDATA [Ljava/lang/Object; 0 [Ljava/lang/Object;
staticfield java/util/ArrayList DEFAULTCAPACITY_EMPTY_ELEMENTDATA [Ljava/lang/Object; 0 [Ljava/lang/Object;
ciInstanceKlass java/util/List 1 1 251 10 100 12 1 1 1 11 100 12 1 1 1 11 100 12 1 1 1 11 12 1 1 11 100 12 1 1 11 12 1 1 11 12 1 1 10 100 12 1 1 1 100 1 100 1 10 12 1 1 100 1 10 100 12 1 1 1 11 12 1 1 11 12 1 11 12 1 100 1 10 12 1 11 12 1 1 11 12 1 1 11 12 1 10 100 12 1 1 1 9 7 12 1 1 1 7 1 10 12 10 12 1 7 1 10 12 1 1 10 12 1 10 12 1 1 11 12 1 1 100 1 1 1 1 1 1 1 1 1 1 1 1 1 1 1 1 1 1 1 1 1 1 1 1 1 1 1 1 1 1 1 1 1 1 1 1 1 1 1 1 1 1 1 1 100 1 100 1 1 1 1 1 1 1 1 1 1 1 1 1 1 1 1 1 1 1 1 1 1 1 1 1 1 1 1 1 1 1 1 1 1 1 1 1 1 1 1 1 1 1 1 1 1 1 1 1 1 1 1 1 1 1 1 1 1 1 1 1 1 1 1 1 1 1 1 1 1 1 1 1 1 1 1 100 1 1 100 1 1 1
ciInstanceKlass java/util/SequencedCollection 1 1 104 100 1 10 12 1 1 11 100 12 1 1 1 11 100 12 1 1 1 11 12 1 1 11 12 1 100 1 100 1 1 1 1 1 1 1 1 1 1 1 1 1 1 1 1 1 1 1 1 1 1 1 1 1 1 1 1 1 100 1 8 1 12 10 1 1 8 1 1 1 8 1 1 8 1 1 1 8 1 1 8 1 1 1 8 1 1 8 1 8 1 1 8 1 1 1 8 1 1 8 1 1 8 1
ciInstanceKlass java/lang/Iterable 1 1 62 10 7 12 1 1 1 11 7 12 1 1 1 11 7 12 1 1 1 11 12 1 1 11 7 12 1 1 1 10 100 12 1 1 1 100 1 1 1 1 1 1 1 1 1 1 1 1 1 1 1 1 1 1 1 1 1 1 1 1 1 1
ciInstanceKlass java/util/RandomAccess 1 0 7 100 1 100 1 1 1
instanceKlass com/google/common/collect/ImmutableCollection
instanceKlass java/util/concurrent/ConcurrentLinkedDeque
instanceKlass java/util/IdentityHashMap$Values
instanceKlass java/util/LinkedHashMap$LinkedValues
instanceKlass java/util/HashMap$Values
instanceKlass java/util/AbstractQueue
instanceKlass java/util/ArrayDeque
instanceKlass java/util/AbstractSet
instanceKlass java/util/ImmutableCollections$AbstractImmutableCollection
instanceKlass java/util/AbstractList
ciInstanceKlass java/util/AbstractCollection 1 1 160 10 7 12 1 1 1 10 7 12 1 1 1 10 12 1 1 11 7 12 1 1 1 11 12 1 1 10 12 1 1 10 100 12 1 1 1 10 12 1 1 10 12 1 1 10 7 12 1 1 10 100 12 1 1 1 7 1 10 100 12 1 1 1 10 100 12 1 1 1 100 1 10 11 12 1 11 7 1 10 12 1 10 12 1 10 100 12 1 1 1 11 8 1 100 1 10 10 12 1 1 8 1 10 12 1 10 12 1 1 1 1 1 1 1 1 1 1 1 1 1 1 1 1 1 1 1 1 1 1 1 1 1 1 1 1 1 1 1 1 1 1 1 1 1 1 1 1 1 1 1 1 1 1 1 1 1 1 1 1
instanceKlass io/netty/handler/codec/CodecOutputList
instanceKlass scala/collection/convert/Wrappers$MutableBufferWrapper
instanceKlass java/util/Vector
instanceKlass java/util/AbstractSequentialList
instanceKlass sun/security/jca/ProviderList$2
instanceKlass java/util/Collections$SingletonList
instanceKlass java/util/Arrays$ArrayList
instanceKlass java/util/ArrayList$SubList
instanceKlass java/util/Collections$EmptyList
instanceKlass java/util/ArrayList
ciInstanceKlass java/util/AbstractList 1 1 218 10 7 12 1 1 1 9 7 12 1 1 1 10 12 1 1 10 12 1 1 100 1 10 10 12 1 1 11 7 12 1 1 1 11 12 1 1 11 12 1 10 7 12 1 1 1 10 12 1 11 12 1 11 12 1 11 12 1 10 12 1 1 10 12 1 1 11 100 12 1 1 1 11 100 1 11 7 1 10 12 1 7 1 10 12 1 10 12 1 1 100 1 100 1 10 12 1 100 1 10 100 1 100 1 10 8 1 10 12 1 1 10 12 1 10 12 1 1 10 12 1 8 1 100 1 8 1 8 1 8 1 10 7 1 11 10 10 12 1 11 12 1 10 12 1 1 8 1 8 1 1 1 1 1 1 1 1 1 1 1 1 1 1 1 1 1 1 1 1 1 1 1 1 1 1 1 1 1 1 1 1 1 1 1 1 1 1 1 1 1 1 1 1 1 1 1 1 1 1 1 1 1 1 1 1 1 1 100 1 100 1 1 1 1 1 1 1
ciInstanceKlass java/lang/annotation/Annotation 1 0 17 100 1 100 1 1 1 1 1 1 1 1 1 1 1 1 1
ciInstanceKlass java/util/concurrent/Future 1 1 100 11 100 12 1 1 1 100 1 8 1 10 12 1 1 11 12 1 1 10 100 12 1 1 1 10 12 1 1 100 1 100 1 8 1 100 1 8 1 11 12 1 8 1 10 12 1 1 9 100 12 1 1 1 9 12 1 9 12 1 9 12 1 100 1 1 1 1 1 1 1 100 1 1 1 1 1 1 1 1 1 1 1 1 1 1 1 1 1 100 1 1 1 1 1 1 1 1 1 1
ciInstanceKlass java/util/concurrent/Executor 1 0 9 100 1 100 1 1 1 1 1
ciInstanceKlass java/util/concurrent/ScheduledExecutorService 1 0 72 100 1 100 1 100 1 1 1 1 1 1 1 1 1 1 1 1 1 1 100 1 8 1 1 12 10 1 1 1 8 1 1 1 8 1 1 8 1 1 1 8 1 1 8 1 1 8 1 1 1 8 1 1 8 1 1 1 8 1 1 8 1 1 1 8 1 1 1 8 1 1
ciInstanceKlass java/util/concurrent/ExecutorService 1 1 91 11 100 12 1 1 1 11 12 1 1 9 100 12 1 1 1 11 12 1 1 100 1 11 12 1 1 10 100 12 1 1 1 10 12 1 100 1 100 1 100 1 1 1 1 1 1 1 1 1 1 1 1 1 1 1 1 1 1 1 100 1 1 1 100 1 1 1 1 1 1 1 1 1 1 1 1 1 1 1 1 1 100 1 8 1 1 12 10 1 1
instanceKlass java/util/concurrent/ForkJoinPool
instanceKlass io/netty/util/concurrent/AbstractEventExecutor
instanceKlass java/util/concurrent/ThreadPoolExecutor
ciInstanceKlass java/util/concurrent/AbstractExecutorService 1 1 279 10 7 12 1 1 1 100 1 10 12 1 10 12 1 8 1 10 100 12 1 1 1 10 7 12 1 1 1 10 12 1 1 10 12 1 8 1 11 100 12 1 1 1 100 1 8 1 10 12 1 100 1 10 12 1 100 1 10 12 1 10 100 12 1 1 1 11 12 1 1 11 100 12 1 1 1 100 1 10 12 1 1 10 12 1 1 10 12 1 1 9 100 12 1 1 1 10 12 1 100 1 10 10 12 1 11 100 12 1 1 10 12 1 1 100 1 100 1 10 12 1 10 10 12 1 1 9 12 1 1 100 1 10 10 12 1 1 11 12 1 1 10 10 12 1 11 12 1 100 1 100 1 8 1 100 1 11 12 1 10 12 1 11 12 1 1 10 7 12 1 1 100 1 1 1 1 1 1 1 1 1 1 1 1 1 1 1 1 1 1 1 1 1 1 1 1 1 1 1 1 1 1 1 1 1 1 1 1 1 1 1 1 1 1 1 1 1 1 1 1 1 1 1 1 1 1 1 1 100 1 1 1 1 1 1 1 1 1 1 1 1 1 1 1 100 1 1 1 1 1 1 1 1 1 1 1 1 100 1 8 10 1 1 8 1 1 8 1 1 8 1 1 1 8 1 1 1 8
staticfield java/util/concurrent/AbstractExecutorService $assertionsDisabled Z 1
ciInstanceKlass java/lang/invoke/VarHandle$AccessDescriptor 1 1 61 10 7 12 1 1 1 9 7 12 1 1 1 10 7 12 1 1 1 9 12 1 7 1 7 1 10 12 1 1 9 12 1 10 12 1 1 9 12 1 9 12 1 1 9 12 1 1 1 1 1 1 1 1 1 1 1 1 1 1 1
ciInstanceKlass java/lang/invoke/VarForm 1 1 247 100 1 10 7 12 1 1 1 9 7 12 1 1 1 7 1 9 7 12 1 1 1 9 7 1 7 1 9 12 1 1 9 12 1 1 10 12 1 1 7 1 10 7 12 1 1 1 9 12 1 9 12 1 1 10 12 1 1 100 1 10 12 1 7 1 10 12 1 1 10 12 1 1 10 12 1 1 9 12 1 1 10 12 1 1 9 12 1 10 12 1 1 9 12 1 9 7 12 1 1 10 12 1 1 9 12 1 9 12 1 9 7 1 100 1 10 10 12 1 1 8 1 10 12 1 10 12 1 1 10 12 1 1 10 12 1 1 100 1 10 12 1 1 10 12 1 10 12 1 9 12 1 7 1 10 12 1 1 9 100 12 1 1 1 10 100 12 1 1 1 9 7 12 1 1 1 10 12 1 1 10 12 1 1 10 12 1 1 1 1 1 1 1 1 1 1 1 1 1 1 1 1 1 1 1 100 1 1 1 1 1 1 1 1 1 1 1 1 1 1 1 1 1 1 1 1 1 100 1 1 1 1 100 1 1 1 1 1 100 1 1 1 1 100 1 1
staticfield java/lang/invoke/VarForm $assertionsDisabled Z 1
ciMethod java/lang/invoke/VarForm getMemberName (I)Ljava/lang/invoke/MemberName; 1024 0 22222 0 -1
ciMethod java/lang/invoke/VarForm resolveMemberName (I)Ljava/lang/invoke/MemberName; 42 0 21 0 -1
ciMethod java/lang/invoke/VarForm getMethodType_V (I)Ljava/lang/invoke/MethodType; 0 0 1 0 -1
ciInstanceKlass java/lang/invoke/VarHandleGuards 1 1 1051 10 100 12 1 1 1 10 7 12 1 1 1 9 12 1 1 9 7 12 1 1 1 9 7 12 1 1 1 9 12 1 1 9 12 1 10 12 1 1 10 7 12 1 1 1 9 12 1 1 10 7 12 1 1 1 10 12 1 1 9 12 1 10 12 1 1 10 12 1 1 10 12 1 1 10 12 1 10 12 1 10 12 1 10 12 1 10 12 1 10 12 1 10 12 1 10 12 1 10 12 1 10 12 1 10 12 1 10 12 1 10 12 1 10 12 1 10 12 1 10 12 1 10 12 1 10 12 1 10 12 1 10 12 1 10 12 1 10 12 1 10 12 1 10 12 1 10 12 1 10 12 1 10 12 1 10 12 1 10 12 1 10 12 1 10 12 1 10 12 1 10 12 1 10 12 1 10 12 1 10 12 1 10 12 1 10 12 1 10 12 1 10 12 1 10 12 1 10 12 1 10 12 1 10 12 1 10 12 1 10 12 1 10 12 1 10 12 1 10 12 1 10 12 1 1 10 12 1 10 12 1 10 12 1 10 12 1 10 12 1 10 12 1 10 12 1 10 12 1 10 12 1 10 12 1 10 12 1 10 12 1 10 12 1 10 12 1 10 12 1 10 12 1 10 12 1 10 12 1 10 12 1 10 12 1 10 12 1 10 12 1 10 12 1 10 12 1 10 12 1 10 12 1 10 12 1 10 12 1 10 12 1 10 12 1 10 12 1 10 12 1 10 12 1 10 12 1 10 12 1 10 12 1 10 12 1 10 12 1 10 12 1 10 12 1 10 12 1 10 12 1 10 12 1 10 12 1 10 12 1 10 12 1 10 12 1 10 12 1 10 12 1 10 12 1 10 12 1 10 12 1 10 12 1 10 12 1 10 12 1 10 12 1 10 12 1 10 12 1 10 12 1 10 12 1 10 12 1 10 12 1 10 12 1 10 12 1 10 12 1 10 12 1 10 12 1 10 12 1 10 12 1 10 12 1 10 12 1 10 12 1 10 12 1 10 12 1 10 12 1 10 12 1 10 12 1 10 12 1 10 12 1 10 12 1 10 12 1 10 12 1 10 12 1 10 12 1 10 12 1 10 12 1 10 12 1 10 12 1 10 12 1 10 12 1 10 12 1 10 12 1 10 12 1 10 12 1 10 12 1 10 12 1 10 12 1 10 12 1 10 12 1 10 12 1 10 12 1 10 12 1 10 12 1 10 12 1 10 12 1 10 12 1 10 12 1 10 12 1 10 12 1 10 12 1 10 12 1 10 12 1 10 12 1 10 12 1 10 12 1 10 12 1 10 12 1 10 12 1 10 12 1 10 12 1 10 12 1 10 12 1 10 12 1 10 12 1 10 12 1 10 12 1 10 12 1 10 12 1 10 12 1 10 12 1 10 12 1 10 12 1 10 12 1 10 12 1 10 12 1 10 12 1 10 12 1 10 12 1 10 12 1 10 12 1 10 12 1 10 12 1 10 12 1 10 12 1 10 12 1 10 12 1 10 12 1 10 12 1 10 12 1 10 12 1 10 12 1 10 12 1 10 12 1 10 12 1 10 12 1 10 12 1 10 12 1 10 12 1 10 12 1 10 12 1 10 12 1 10 12 1 10 12 1 10 12 1 10 12 1 10 12 1 10 12 1 10 12 1 10 12 1 10 12 1 10 12 1 10 12 1 10 12 1 10 12 1 10 12 1 10 12 1 10 12 1 10 12 1 10 12 1 10 12 1 10 12 1 10 12 1 10 12 1 100 1 1 1 1 1 1 1 1 1 1 1 1 1 1 1 1 1 1 1 1 1 100 1 1 1 1 1 1 1 1 1 1 1 1 1 1 1 1 1 1 1 1 1 1 1 1 1 1 1 1 1 1 1 1 1 1 1 1 1 1 1 1 1 1 1 1 1 1 1 1 1 1 1 1 1 1 1 1 1 1 1 1 1 1 1 1 1 1 1 1 1 1 1 1 1 1 1 1 1 1 1 1 1 1 1 1 1 1 1 1 1 1 1 1 1 1 1 1 1 1 1 1 1 1 1 1 1 1 1 1 1 1 1 1 1 1 1 1 1 1 1 1 1 1 1 1 1 1 1 1 1 1 1 1 1 1 1 1 1 1 1 1 1 1 1 1 1 1 1 1 1 1 1 1 1 1 1 1 1 1 1 1 1 1 1 1 1 1 1 1 1 1 1 1 1 1 1 1 1 1 1 1 1 1 1 1 1 1 1 1 1 1 1 1 1 1 1 1 1 1 1 1 1 1 1 1 1 1 1 1 1 1 1 1 1 1 1 1 1 1 1 1 1 1 1 1 1 1 1 1 1 1 1 1 1 1 1 1 1 1 1 1 1 1 1 1 1 1 1 1 100 1 100 1 1
ciMethod java/lang/invoke/VarHandleGuards guard_LI_L (Ljava/lang/invoke/VarHandle;Ljava/lang/Object;ILjava/lang/invoke/VarHandle$AccessDescriptor;)Ljava/lang/Object; 768 0 5530 0 -1
ciMethod java/lang/invoke/VarHandleGuards guard_LIL_V (Ljava/lang/invoke/VarHandle;Ljava/lang/Object;ILjava/lang/Object;Ljava/lang/invoke/VarHandle$AccessDescriptor;)V 92 0 172 0 -1
ciInstanceKlass java/lang/invoke/VarHandleReferences$Array 1 1 260 10 7 12 1 1 1 9 12 1 1 10 7 12 1 1 9 12 1 1 9 12 1 9 12 1 1 10 7 12 1 1 1 9 12 1 10 12 1 1 10 12 1 1 10 100 12 1 1 10 12 1 10 12 1 1 100 1 10 100 12 1 1 1 10 12 1 1 9 7 12 1 1 10 100 12 1 1 1 10 7 12 1 1 10 12 1 1 10 12 1 1 100 1 100 1 10 12 1 7 1 9 7 12 1 1 1 9 7 12 1 1 1 10 12 1 1 10 7 12 1 1 1 10 12 1 1 10 12 1 1 10 12 1 10 12 1 10 12 1 10 12 1 10 12 1 1 10 12 1 1 10 12 1 10 12 1 10 12 1 10 12 1 10 12 1 10 12 1 10 12 1 1 10 12 1 10 12 1 10 12 1 1 10 12 1 7 1 10 12 1 1 1 1 1 1 1 1 1 1 1 1 1 1 1 1 1 1 1 1 1 1 1 1 1 1 1 1 1 1 1 1 1 1 1 1 1 1 1 1 1 1 1 1 1 1 1 1 1 1 1 1 1 1 1 1 1 1 1 1 1 1 1 1 100 1 1 1 1 1
staticfield java/lang/invoke/VarHandleReferences$Array FORM Ljava/lang/invoke/VarForm; java/lang/invoke/VarForm
ciMethod java/lang/invoke/VarHandleReferences$Array getVolatile (Ljava/lang/invoke/VarHandle;Ljava/lang/Object;I)Ljava/lang/Object; 512 0 5394 0 -1
ciMethod java/lang/invoke/VarHandleReferences$Array setRelease (Ljava/lang/invoke/VarHandle;Ljava/lang/Object;ILjava/lang/Object;)V 88 0 170 0 -1
ciMethod java/lang/invoke/VarHandleReferences$Array reflectiveTypeCheck ([Ljava/lang/Object;Ljava/lang/Object;)Ljava/lang/Object; 0 0 1 0 -1
ciMethod java/lang/invoke/VarHandleReferences$Array runtimeTypeCheck (Ljava/lang/invoke/VarHandleReferences$Array;[Ljava/lang/Object;Ljava/lang/Object;)Ljava/lang/Object; 116 0 184 0 -1
ciInstanceKlass java/util/Queue 1 0 68 100 1 100 1 100 1 1 1 1 1 1 1 1 1 1 1 1 1 1 1 1 100 1 8 1 1 12 10 1 8 1 1 1 8 1 1 1 8 1 1 1 8 1 1 1 8 1 1 8 1 1 1 8 1 1 8 1 1 1 8 1 1 8 1 1 8 1
ciMethod java/util/Queue poll ()Ljava/lang/Object; 0 0 1 0 -1
ciInstanceKlass java/lang/invoke/VarHandleByteArrayAsInts$ArrayHandle 1 1 126 100 1 10 7 12 1 1 1 9 12 1 1 10 7 12 1 1 10 12 1 1 9 12 1 1 7 1 9 7 12 1 1 1 7 1 10 7 12 1 1 1 9 7 12 1 1 1 10 12 1 1 9 7 12 1 1 1 10 12 1 1 9 7 12 1 1 1 10 12 1 1 10 12 1 1 10 12 1 1 10 12 1 7 1 10 12 1 1 1 1 1 1 1 1 1 1 1 1 1 1 1 1 1 1 1 1 1 1 1 1 1 1 1 1 1 1 1 1 1 1 1 1 100 1 1
staticfield java/lang/invoke/VarHandleByteArrayAsInts$ArrayHandle FORM Ljava/lang/invoke/VarForm; java/lang/invoke/VarForm
ciInstanceKlass java/util/concurrent/atomic/AtomicLong 1 1 185 10 7 12 1 1 1 9 7 12 1 1 1 9 12 1 1 9 12 1 10 7 12 1 1 1 10 12 1 10 12 1 1 10 12 1 1 10 12 1 10 12 1 5 0 10 12 1 1 11 100 12 1 1 1 10 12 1 1 11 100 12 1 1 10 100 12 1 1 1 10 12 1 1 10 12 1 10 12 1 10 12 1 10 12 1 10 12 1 1 10 12 1 10 12 1 10 12 1 10 12 1 10 12 1 10 12 1 1 8 10 12 1 1 100 1 1 1 5 0 1 1 1 1 1 1 1 1 1 1 1 1 1 1 1 1 1 1 1 1 1 1 1 1 1 1 1 1 1 1 1 1 1 1 1 1 1 1 1 1 1 1 1 1 1 1 1 1 1 1 1 1 1 1 1 1 1 1 1 1 1 1 1 1 1
staticfield java/util/concurrent/atomic/AtomicLong U Ljdk/internal/misc/Unsafe; jdk/internal/misc/Unsafe
staticfield java/util/concurrent/atomic/AtomicLong VALUE J 16
ciMethod java/util/concurrent/atomic/AtomicLong get ()J 392 0 196 0 0
ciMethod java/util/concurrent/atomic/AtomicLong set (J)V 64 0 95 0 0
ciInstanceKlass java/util/concurrent/atomic/AtomicReferenceArray 1 1 255 10 7 12 1 1 1 9 7 12 1 1 1 7 10 100 12 1 1 1 9 12 1 1 10 7 12 1 1 1 10 12 1 1 10 12 1 10 12 1 1 10 12 1 1 10 12 1 10 12 1 1 11 100 12 1 1 1 10 12 1 1 11 100 12 1 1 8 1 100 1 10 10 12 1 1 10 12 1 10 12 1 1 10 100 12 1 1 1 8 10 100 12 1 1 10 12 1 1 10 100 12 1 1 1 100 1 8 1 10 12 1 10 100 12 1 1 1 10 100 12 1 1 1 10 12 1 1 10 12 1 1 10 12 10 12 1 10 12 1 10 12 1 10 12 1 10 12 1 1 10 12 1 10 12 1 10 12 1 10 12 1 10 12 1 10 7 12 1 1 1 100 1 1 1 1 5 0 1 1 1 1 1 1 1 1 1 1 1 1 1 1 1 1 1 1 1 1 1 1 1 1 1 1 1 1 1 1 1 1 1 1 1 1 1 1 1 1 1 1 1 1 1 1 1 1 1 1 1 1 1 1 1 1 1 1 1 1 1 1 1 100 1 100 1 1 1 1 1 1 1 1 1 1 1
staticfield java/util/concurrent/atomic/AtomicReferenceArray AA Ljava/lang/invoke/VarHandle; java/lang/invoke/VarHandleReferences$Array
ciMethod java/util/concurrent/atomic/AtomicReferenceArray get (I)Ljava/lang/Object; 512 0 5389 0 0
ciMethod java/util/concurrent/atomic/AtomicReferenceArray lazySet (ILjava/lang/Object;)V 88 0 170 0 0
ciMethod java/lang/invoke/MethodHandle asType (Ljava/lang/invoke/MethodType;)Ljava/lang/invoke/MethodHandle; 16 0 522 0 -1
ciMethod jdk/internal/misc/Unsafe putReferenceRelease (Ljava/lang/Object;JLjava/lang/Object;)V 666 0 1756 0 -1
ciMethod jdk/internal/misc/Unsafe putLongVolatile (Ljava/lang/Object;JJ)V 190 0 95 0 -1
ciMethod jdk/internal/misc/Unsafe getReferenceVolatile (Ljava/lang/Object;J)Ljava/lang/Object; 256 0 128 0 -1
ciMethod java/lang/Object getClass ()Ljava/lang/Class; 256 0 128 0 -1
instanceKlass java/nio/ReadOnlyBufferException
instanceKlass com/google/common/cache/CacheLoader$UnsupportedLoadingOperationException
ciInstanceKlass java/lang/UnsupportedOperationException 1 1 34 10 7 12 1 1 1 10 12 1 10 12 1 10 12 1 100 1 1 1 1 5 0 1 1 1 1 1 1 1 1 1 1 1
ciInstanceKlass java/lang/AssertionError 0 0 79 10 100 12 1 1 1 10 12 1 10 100 12 1 1 1 10 100 1 100 1 10 12 1 1 10 12 1 10 12 1 10 12 1 10 12 1 10 12 1 10 12 1 10 12 1 1 1 1 5 0 1 1 1 1 1 1 1 1 1 1 100 1 1 1 1 1 1 1 1 1 1 1 1 1 1 1 1 1
instanceKlass akka/util/StablePriorityQueue
instanceKlass akka/util/BoundedBlockingQueue
instanceKlass java/util/concurrent/PriorityBlockingQueue
instanceKlass java/util/concurrent/ScheduledThreadPoolExecutor$DelayedWorkQueue
instanceKlass com/google/common/cache/LocalCache$AccessQueue
instanceKlass com/google/common/cache/LocalCache$2
instanceKlass java/util/concurrent/ConcurrentLinkedQueue
instanceKlass io/netty/util/internal/shaded/org/jctools/queues/atomic/BaseMpscLinkedAtomicArrayQueuePad1
instanceKlass io/netty/util/internal/shaded/org/jctools/queues/BaseMpscLinkedArrayQueuePad1
instanceKlass java/util/PriorityQueue
instanceKlass io/netty/util/internal/shaded/org/jctools/queues/atomic/BaseLinkedAtomicQueue
instanceKlass io/netty/util/internal/shaded/org/jctools/queues/BaseLinkedQueuePad0
instanceKlass io/netty/util/internal/shaded/org/jctools/queues/atomic/AtomicReferenceArrayQueue
instanceKlass io/netty/util/internal/shaded/org/jctools/queues/ConcurrentCircularArrayQueueL0Pad
instanceKlass java/util/concurrent/LinkedBlockingQueue
ciInstanceKlass java/util/AbstractQueue 1 1 96 10 7 12 1 1 1 10 7 12 1 1 1 100 1 8 1 10 12 1 10 12 1 1 100 1 10 10 12 1 100 1 10 100 1 10 11 100 12 1 1 1 11 100 12 1 1 1 11 12 1 10 12 1 100 1 1 1 1 1 1 1 1 1 1 1 1 1 1 1 1 100 1 1 1 1 1 1 1 1 1 1 1 1 1 1 1 1 100 1 8 10 1 8 1 8
ciInstanceKlass java/util/concurrent/Delayed 1 0 13 100 1 100 1 100 1 1 1 1 1 1 1
ciInstanceKlass java/util/concurrent/ScheduledFuture 1 0 45 100 1 100 1 100 1 100 1 1 1 1 1 1 100 1 8 1 1 12 10 1 1 1 8 1 1 1 8 1 1 1 8 1 1 8 1 1 1 8 1 1 1 8 1
ciInstanceKlass java/util/concurrent/RunnableFuture 1 0 39 100 1 100 1 100 1 100 1 1 1 1 1 1 1 1 100 1 8 1 1 12 10 1 1 1 8 1 1 8 1 1 1 8 1 1 1 8 1
ciInstanceKlass io/netty/util/concurrent/EventExecutorGroup 1 0 104 100 100 100 100 1 1 1 1 1 1 1 1 1 1 1 1 1 1 1 1 1 1 1 1 1 1 1 1 1 1 1 1 1 1 1 1 1 1 1 1 1 1 1 1 1 1 1 1 1 1 100 1 8 1 1 12 10 1 1 8 1 1 8 1 1 8 1 8 1 1 1 8 1 1 8 1 1 8 1 1 8 1 1 8 1 1 8 1 1 1 8 1 1 8 1 1 1 8 1 1 8 1 1
ciInstanceKlass io/netty/channel/EventLoopGroup 1 0 121 100 100 100 1 1 1 1 1 1 1 1 1 1 1 100 1 8 1 1 12 10 1 1 1 8 1 1 1 8 1 1 8 1 1 1 8 1 1 8 1 1 1 8 1 1 8 1 1 8 1 1 1 8 1 1 1 8 1 1 8 1 1 1 8 1 1 8 1 1 1 8 1 1 8 1 1 1 8 1 1 8 1 1 8 1 1 8 1 1 8 1 1 8 1 1 1 8 1 1 8 1 1 1 8 1 1 8 1 1 1 8 1 1 8 1 1 8 1 1 8
ciInstanceKlass io/netty/util/internal/shaded/org/jctools/queues/QueueProgressIndicators 1 0 10 100 100 1 1 1 1 1 1 1
ciInstanceKlass io/netty/util/internal/shaded/org/jctools/queues/MessagePassingQueue 1 0 57 3 100 100 100 100 100 100 1 1 1 1 1 1 1 1 1 1 1 1 1 1 1 1 1 1 1 1 1 1 1 1 1 1 1 1 1 1 1 1 1 1 1 1 1 1 1 1 1 1 1 1 1 1 1 1 1
ciInstanceKlass io/netty/util/concurrent/ScheduledFuture 1 0 95 100 100 100 100 1 1 1 1 1 1 1 1 1 100 1 8 1 1 12 10 1 1 1 8 1 1 1 8 1 1 1 8 1 1 8 1 1 8 1 1 8 1 1 8 1 8 1 8 1 1 1 8 1 1 8 1 1 1 8 1 1 8 1 1 8 1 1 1 8 1 1 8 1 1 1 8 1 1 1 8 1 8 1 1 8 1 1 8 1 1 1 8 1 1
instanceKlass io/netty/util/concurrent/SingleThreadEventExecutor
instanceKlass io/netty/util/concurrent/GlobalEventExecutor
ciInstanceKlass io/netty/util/concurrent/AbstractScheduledEventExecutor 1 1 269 8 8 8 8 8 8 100 7 7 7 100 7 7 100 7 100 100 100 100 100 100 7 7 100 7 7 5 0 9 9 10 10 10 10 10 10 10 10 10 10 10 10 10 10 10 10 10 10 10 10 10 10 10 10 10 10 10 10 10 10 10 11 11 11 11 11 11 11 11 12 12 12 12 12 12 12 12 12 12 12 12 12 12 12 12 12 12 12 12 12 12 12 12 12 12 12 12 12 12 12 12 12 12 12 12 12 1 1 1 1 1 1 1 1 1 1 1 1 1 1 1 1 1 1 1 1 1 1 1 1 1 1 1 1 1 1 1 1 1 1 1 1 1 1 1 1 1 1 1 1 1 1 1 1 1 1 1 1 1 1 1 1 1 1 1 1 1 1 1 1 1 1 1 1 1 1 1 1 1 1 1 1 1 1 1 1 1 1 1 1 1 1 1 1 1 1 1 1 1 1 1 1 1 1 1 1 1 1 1 1 1 1 1 1 1 1 1 1 1 1 1 1 1 1 1 1 1 1 1 1 1 1 1 1 1 1 100 1 8 10 1 1 1 8 1 1 8 1 8 1 1 8 1 1 1 8 1 1 1 8 1 1 8 1 1 1 8 1
staticfield io/netty/util/concurrent/AbstractScheduledEventExecutor $assertionsDisabled Z 1
instanceKlass io/netty/util/concurrent/AbstractScheduledEventExecutor
ciInstanceKlass io/netty/util/concurrent/AbstractEventExecutor 1 1 222 7 100 100 100 100 100 100 100 7 100 7 100 7 100 5 0 5 0 9 9 10 10 10 10 10 10 10 10 10 10 10 10 10 10 10 10 10 10 10 10 10 10 10 10 11 12 12 12 12 12 12 12 12 12 12 12 12 12 12 12 12 12 12 12 12 12 12 12 12 12 1 1 1 1 1 1 1 1 1 1 1 1 1 1 1 1 1 1 1 1 1 1 1 1 1 1 1 1 1 1 1 1 1 1 1 1 1 1 1 1 1 1 1 1 1 1 1 1 1 1 1 1 1 1 1 1 1 1 1 1 1 1 1 1 1 1 1 1 1 1 1 1 1 1 1 1 1 1 1 1 1 1 1 1 1 1 1 1 1 1 1 1 1 1 1 1 1 1 1 1 1 1 1 1 1 1 1 1 1 1 1 1 1 1 1 1 1 1 1 100 1 8 1 12 10 1 1 1 8 1 8 1 8 1 1 8 1 1 8 1 1 8 1 1 1 8 1 1 8 1 1
ciInstanceKlass io/netty/util/concurrent/EventExecutor 1 0 132 100 100 100 1 1 1 1 1 1 1 1 1 1 1 1 1 1 1 1 1 1 1 1 1 1 1 1 1 1 100 1 8 1 1 12 10 1 1 1 8 1 1 1 8 1 1 1 8 1 1 8 1 1 1 8 1 1 8 1 1 8 1 1 1 8 1 1 1 8 1 1 8 1 1 1 8 1 1 8 1 1 8 1 1 8 1 1 1 8 1 1 8 1 1 8 1 1 8 1 1 8 1 1 8 1 1 1 8 1 1 8 1 1 1 8 1 1 8 1 1 1 8 1 1 8 1 1 8 1 1 8
ciInstanceKlass io/netty/util/concurrent/Future 1 0 58 100 100 100 100 1 1 1 1 1 1 1 1 1 1 1 1 1 1 1 1 1 1 1 1 1 1 1 1 1 1 1 1 1 1 1 1 1 1 1 1 100 1 8 1 1 12 10 1 1 1 8 1 8 1 1 8 1
ciInstanceKlass io/netty/util/concurrent/Promise 1 0 106 100 100 100 100 1 1 1 1 1 1 1 1 1 1 1 1 1 1 1 1 1 1 1 1 1 1 1 1 1 1 1 1 1 1 1 1 1 1 1 1 1 100 1 8 1 1 12 10 1 1 1 8 1 1 1 8 1 1 8 1 1 8 1 1 8 1 8 1 8 1 8 1 8 1 1 8 1 8 1 1 8 1 8 1 8 1 1 8 1 1 8 1 1 1 8 1 1 1 8 1 8 1 1 8 1
ciInstanceKlass io/netty/util/concurrent/ScheduledFutureTask 1 1 238 8 8 8 8 7 7 7 100 7 100 7 100 100 7 100 7 7 7 7 7 100 7 9 9 9 9 9 9 9 9 9 10 10 10 10 10 10 10 10 10 10 10 10 10 10 10 10 10 10 10 10 10 10 10 10 10 10 10 10 10 10 11 11 11 11 12 12 12 12 12 12 12 12 12 12 12 12 12 12 12 12 12 12 12 12 12 12 12 12 12 12 12 12 12 12 12 12 12 12 12 12 12 12 12 1 1 1 1 1 1 1 1 1 1 1 1 1 1 1 1 1 1 1 1 1 1 1 1 1 1 1 1 1 1 1 1 1 1 1 1 1 1 1 1 1 1 1 1 1 1 1 1 1 1 1 1 1 1 1 1 1 1 1 1 1 1 1 1 1 1 1 1 1 1 1 1 1 1 1 1 1 1 1 1 1 1 1 1 1 1 1 1 1 1 1 1 1 1 1 1 1 1 1 1 1 1 1 1 1 1 1 1 1 1 1 1 1 1 1 1 1 1 1 1 1 1 1 1 1 1 1 1 1 1 1 1 1
staticfield io/netty/util/concurrent/ScheduledFutureTask nextTaskId Ljava/util/concurrent/atomic/AtomicLong; java/util/concurrent/atomic/AtomicLong
staticfield io/netty/util/concurrent/ScheduledFutureTask START_TIME J 211490787303200
staticfield io/netty/util/concurrent/ScheduledFutureTask $assertionsDisabled Z 1
ciInstanceKlass io/netty/util/concurrent/OrderedEventExecutor 1 0 143 100 100 100 1 1 1 1 1 1 100 1 8 1 1 12 10 1 1 1 8 1 1 1 8 1 1 1 8 1 1 8 1 1 1 8 1 1 1 8 1 1 1 8 1 1 1 8 1 1 1 8 1 1 1 8 1 1 8 1 1 8 1 1 1 8 1 1 8 1 1 8 1 1 1 8 1 1 8 1 1 1 8 1 1 8 1 1 1 8 1 1 1 8 1 1 1 8 1 1 1 8 1 1 8 1 1 1 8 1 1 8 1 1 8 1 1 8 1 1 8 1 1 8 1 1 8 1 1 8 1 8 1 1 1 8 1 1 8 1 1 8 1
instanceKlass io/netty/channel/SingleThreadEventLoop
ciInstanceKlass io/netty/util/concurrent/SingleThreadEventExecutor 1 1 591 3 3 3 3 3 3 8 8 8 8 8 8 8 8 8 8 8 8 8 8 8 8 8 8 8 8 7 7 100 7 100 7 100 7 7 7 7 100 100 7 7 7 100 7 100 7 100 100 100 7 100 7 100 100 7 7 100 100 100 7 100 7 100 100 100 100 100 7 7 7 100 7 5 0 5 0 9 9 9 9 9 9 9 9 9 9 9 9 9 9 9 9 9 9 9 9 9 9 9 9 10 10 10 10 10 10 10 10 10 10 10 10 10 10 10 10 10 10 10 10 10 10 10 10 10 10 10 10 10 10 10 10 10 10 10 10 10 10 10 10 10 10 10 10 10 10 10 10 10 10 10 10 10 10 10 10 10 10 10 10 10 10 10 10 10 10 10 10 11 11 11 11 11 11 11 11 11 11 11 11 11 11 11 11 11 11 11 11 11 12 12 12 12 12 12 12 12 12 12 12 12 12 12 12 12 12 12 12 12 12 12 12 12 12 12 12 12 12 12 12 12 12 12 12 12 12 12 12 12 12 12 12 12 12 12 12 12 12 12 12 12 12 12 12 12 12 12 12 12 12 12 12 12 12 12 12 12 12 12 12 12 12 12 12 12 12 12 12 12 12 12 12 12 12 12 12 12 12 12 12 12 12 12 12 12 12 12 1 1 1 1 1 1 1 1 1 1 1 1 1 1 1 1 1 1 1 1 1 1 1 1 1 1 1 1 1 1 1 1 1 1 1 1 1 1 1 1 1 1 1 1 1 1 1 1 1 1 1 1 1 1 1 1 1 1 1 1 1 1 1 1 1 1 1 1 1 1 1 1 1 1 1 1 1 1 1 1 1 1 1 1 1 1 1 1 1 1 1 1 1 1 1 1 1 1 1 1 1 1 1 1 1 1 1 1 1 1 1 1 1 1 1 1 1 1 1 1 1 1 1 1 1 1 1 1 1 1 1 1 1 1 1 1 1 1 1 1 1 1 1 1 1 1 1 1 1 1 1 1 1 1 1 1 1 1 1 1 1 1 1 1 1 1 1 1 1 1 1 1 1 1 1 1 1 1 1 1 1 1 1 1 1 1 1 1 1 1 1 1 1 1 1 1 1 1 1 1 1 1 1 1 1 1 1 1 1 1 1 1 1 1 1 1 1 1 1 1 1 1 1 1 1 1 1 1 1 1 1 1 1 1 1 1 1 1 1 1 1 1 1 1 1 1 1 1 1 1 1 1 1 1 1 1 1 1 1 1 1 1 1 1 1 1 1 1 1 1 1 1 1 1 1 1 1 1 1 1 1 1 1 1 1 1 1 1 1 1 1 1 1 1 1 1 1 1 1 1 1 1 1
staticfield io/netty/util/concurrent/SingleThreadEventExecutor DEFAULT_MAX_PENDING_EXECUTOR_TASKS I 2147483647
staticfield io/netty/util/concurrent/SingleThreadEventExecutor logger Lio/netty/util/internal/logging/InternalLogger; io/netty/util/internal/logging/Slf4JLogger
staticfield io/netty/util/concurrent/SingleThreadEventExecutor WAKEUP_TASK Ljava/lang/Runnable; io/netty/util/concurrent/SingleThreadEventExecutor$1
staticfield io/netty/util/concurrent/SingleThreadEventExecutor STATE_UPDATER Ljava/util/concurrent/atomic/AtomicIntegerFieldUpdater; java/util/concurrent/atomic/AtomicIntegerFieldUpdater$AtomicIntegerFieldUpdaterImpl
staticfield io/netty/util/concurrent/SingleThreadEventExecutor SCHEDULE_PURGE_INTERVAL J 1000000000
staticfield io/netty/util/concurrent/SingleThreadEventExecutor $assertionsDisabled Z 1
ciInstanceKlass io/netty/channel/EventLoop 1 0 156 100 100 100 100 1 1 1 1 1 1 1 1 1 100 1 8 1 1 12 10 1 1 1 8 1 1 1 8 1 1 8 1 1 1 8 1 1 1 8 1 1 1 8 1 1 8 1 1 1 8 1 1 8 1 1 8 1 1 1 8 1 1 8 1 1 1 8 1 1 8 1 1 1 8 1 1 1 8 1 1 1 8 1 1 1 8 1 1 8 1 1 1 8 1 1 8 1 1 8 1 1 8 1 1 8 1 1 8 1 1 8 1 1 8 1 1 8 1 8 1 1 1 8 1 1 8 1 1 8 1 1 8 1 1 8 1 1 1 8 1 8 1 1 1 8 1 1 1 8 1 1 1 8 1 1
instanceKlass io/netty/channel/nio/NioEventLoop
ciInstanceKlass io/netty/channel/SingleThreadEventLoop 1 1 119 3 8 8 8 7 7 100 7 7 100 7 7 100 7 7 7 100 100 9 10 10 10 10 10 10 10 10 10 10 10 10 11 11 12 12 12 12 12 12 12 12 12 12 12 12 12 12 12 1 1 1 1 1 1 1 1 1 1 1 1 1 1 1 1 1 1 1 1 1 1 1 1 1 1 1 1 1 1 1 1 1 1 1 1 1 1 1 1 1 1 1 1 1 1 1 1 1 1 1 1 1 1 1 1 1 1 1 1 1 1 1 1 1 1 1 1 1 1
staticfield io/netty/channel/SingleThreadEventLoop DEFAULT_MAX_PENDING_TASKS I 2147483647
ciInstanceKlass io/netty/channel/nio/NioEventLoop 1 1 727 3 3 3 8 8 8 8 8 8 8 8 8 8 8 8 8 8 8 8 8 8 8 8 8 8 8 8 8 8 8 8 8 8 8 8 8 100 100 7 7 7 7 7 7 7 7 7 7 100 7 100 100 7 100 100 100 7 7 7 7 100 100 7 7 100 100 100 100 100 7 100 100 100 7 7 7 100 100 7 7 100 7 7 100 100 7 100 7 100 7 7 5 0 5 0 5 0 9 9 9 9 9 9 9 9 9 9 9 9 9 9 9 9 9 9 9 9 9 10 10 10 10 10 10 10 10 10 10 10 10 10 10 10 10 10 10 10 10 10 10 10 10 10 10 10 10 10 10 10 10 10 10 10 10 10 10 10 10 10 10 10 10 10 10 10 10 10 10 10 10 10 10 10 10 10 10 10 10 10 10 10 10 10 10 10 10 10 10 10 10 10 10 10 10 10 10 10 10 10 10 10 10 10 10 10 10 10 11 11 11 11 11 11 11 11 11 11 11 11 11 11 11 11 11 11 11 11 11 11 11 11 11 11 11 11 11 12 12 12 12 12 12 12 12 12 12 12 12 12 12 12 12 12 12 12 12 12 12 12 12 12 12 12 12 12 12 12 12 12 12 12 12 12 12 12 12 12 12 12 12 12 12 12 12 12 12 12 12 12 12 12 12 12 12 12 12 12 12 12 12 12 12 12 12 12 12 12 12 12 12 12 12 12 12 12 12 12 12 12 12 12 12 12 12 12 12 12 12 12 12 12 12 12 12 12 12 12 12 12 12 12 12 12 12 12 12 12 12 12 12 12 12 12 12 12 12 12 12 12 12 12 12 12 1 1 1 1 1 1 1 1 1 1 1 1 1 1 1 1 1 1 1 1 1 1 1 1 1 1 1 1 1 1 1 1 1 1 1 1 1 1 1 1 1 1 1 1 1 1 1 1 1 1 1 1 1 1 1 1 1 1 1 1 1 1 1 1 1 1 1 1 1 1 1 1 1 1 1 1 1 1 1 1 1 1 1 1 1 1 1 1 1 1 1 1 1 1 1 1 1 1 1 1 1 1 1 1 1 1 1 1 1 1 1 1 1 1 1 1 1 1 1 1 1 1 1 1 1 1 1 1 1 1 1 1 1 1 1 1 1 1 1 1 1 1 1 1 1 1 1 1 1 1 1 1 1 1 1 1 1 1 1 1 1 1 1 1 1 1 1 1 1 1 1 1 1 1 1 1 1 1 1 1 1 1 1 1 1 1 1 1 1 1 1 1 1 1 1 1 1 1 1 1 1 1 1 1 1 1 1 1 1 1 1 1 1 1 1 1 1 1 1 1 1 1 1 1 1 1 1 1 1 1 1 1 1 1 1 1 1 1 1 1 1 1 1 1 1 1 1 1 1 1 1 1 1 1 1 1 1 1 1 1 1 1 1 1 1 1 1 1 1 1 1 1 1 1 1 1 1 1 1 1 1 1 1 1 1 1 1 1 1 1 1 1 1 1 1 1 1 1 1 1 1 1 1 1 1 1 1 1 1 1 1 1 1 1 1 1 1 1 1 1 1 1 1 1 1 1 1 1 1 1 1 1 1 1 1 1 1 1 1 1 1 1 1 1 1 1 1 1 1 1 1 1 1 1 1 1 1 1 1 1 1 1 1
staticfield io/netty/channel/nio/NioEventLoop logger Lio/netty/util/internal/logging/InternalLogger; io/netty/util/internal/logging/Slf4JLogger
staticfield io/netty/channel/nio/NioEventLoop DISABLE_KEYSET_OPTIMIZATION Z 0
staticfield io/netty/channel/nio/NioEventLoop SELECTOR_AUTO_REBUILD_THRESHOLD I 512
ciInstanceKlass io/netty/util/concurrent/SingleThreadEventExecutor$1 1 1 23 100 100 7 100 10 12 1 1 1 1 1 1 1 1 1 1 1 1 1 1 1 1
instanceKlass io/netty/util/internal/shaded/org/jctools/queues/atomic/BaseMpscLinkedAtomicArrayQueueProducerFields
ciInstanceKlass io/netty/util/internal/shaded/org/jctools/queues/atomic/BaseMpscLinkedAtomicArrayQueuePad1 1 1 52 100 7 10 12 1 1 1 1 1 1 1 1 1 1 1 1 1 1 1 1 1 1 1 1 1 1 1 1 1 1 1 1 1 1 1 1 100 1 8 1 12 10 1 1 1 8 1 1 8 1 1
instanceKlass io/netty/util/internal/shaded/org/jctools/queues/atomic/BaseMpscLinkedAtomicArrayQueuePad2
ciInstanceKlass io/netty/util/internal/shaded/org/jctools/queues/atomic/BaseMpscLinkedAtomicArrayQueueProducerFields 1 1 38 7 100 10 12 1 1 1 1 1 1 1 1 1 1 1 1 1 1 1 1 1 1 100 1 8 1 12 10 1 1 1 8 1 1 8 1 1
instanceKlass io/netty/util/internal/shaded/org/jctools/queues/atomic/BaseMpscLinkedAtomicArrayQueueConsumerFields
ciInstanceKlass io/netty/util/internal/shaded/org/jctools/queues/atomic/BaseMpscLinkedAtomicArrayQueuePad2 1 1 52 100 7 10 12 1 1 1 1 1 1 1 1 1 1 1 1 1 1 1 1 1 1 1 1 1 1 1 1 1 1 1 1 1 1 1 1 100 1 8 1 12 10 1 1 1 8 1 1 8 1 1
instanceKlass io/netty/util/internal/shaded/org/jctools/queues/atomic/BaseMpscLinkedAtomicArrayQueuePad3
ciInstanceKlass io/netty/util/internal/shaded/org/jctools/queues/atomic/BaseMpscLinkedAtomicArrayQueueConsumerFields 1 1 43 100 7 10 12 1 1 1 1 1 1 1 1 1 1 1 1 1 1 1 1 1 1 1 1 1 1 1 100 1 8 1 12 10 1 1 1 8 1 1 8 1 1
instanceKlass io/netty/util/internal/shaded/org/jctools/queues/atomic/BaseMpscLinkedAtomicArrayQueueColdProducerFields
ciInstanceKlass io/netty/util/internal/shaded/org/jctools/queues/atomic/BaseMpscLinkedAtomicArrayQueuePad3 1 1 53 7 100 10 12 1 1 1 1 1 1 1 1 1 1 1 1 1 1 1 1 1 1 1 1 1 1 1 1 1 1 1 1 1 1 1 1 1 100 1 8 1 12 10 1 1 1 8 1 1 8 1 1
instanceKlass io/netty/util/internal/shaded/org/jctools/queues/atomic/BaseMpscLinkedAtomicArrayQueue
ciInstanceKlass io/netty/util/internal/shaded/org/jctools/queues/atomic/BaseMpscLinkedAtomicArrayQueueColdProducerFields 1 1 43 100 7 10 12 1 1 1 1 1 1 1 1 1 1 1 1 1 1 1 1 1 1 1 1 1 1 1 100 1 8 1 12 10 1 1 1 8 1 1 8 1 1
instanceKlass io/netty/util/internal/shaded/org/jctools/queues/atomic/MpscUnboundedAtomicArrayQueue
instanceKlass io/netty/util/internal/shaded/org/jctools/queues/atomic/MpscChunkedAtomicArrayQueueColdProducerFields
ciInstanceKlass io/netty/util/internal/shaded/org/jctools/queues/atomic/BaseMpscLinkedAtomicArrayQueue 1 1 338 3 8 8 8 100 100 100 100 100 100 7 7 7 7 7 100 100 100 100 7 100 7 7 5 0 5 0 5 0 9 9 9 9 9 9 9 9 9 9 10 10 10 10 10 10 10 10 10 10 10 10 10 10 10 10 10 10 10 10 10 10 10 10 10 10 10 10 10 10 10 10 10 10 10 10 10 10 10 10 10 10 10 10 11 11 11 11 12 12 12 12 12 12 12 12 12 12 12 12 12 12 12 12 12 12 12 12 12 12 12 12 12 12 12 12 12 12 12 12 12 12 12 12 12 12 12 12 12 12 12 12 12 12 12 12 12 12 12 12 12 12 1 1 1 1 1 1 1 1 1 1 1 1 1 1 1 1 1 1 1 1 1 1 1 1 1 1 1 1 1 1 1 1 1 1 1 1 1 1 1 1 1 1 1 1 1 1 1 1 1 1 1 1 1 1 1 1 1 1 1 1 1 1 1 1 1 1 1 1 1 1 1 1 1 1 1 1 1 1 1 1 1 1 1 1 1 1 1 1 1 1 1 1 1 1 1 1 1 1 1 1 1 1 1 1 1 1 1 1 1 1 1 1 1 1 1 1 1 1 1 1 1 1 1 1 1 1 1 1 1 1 1 1 1 1 1 1 1 1 1 1 1 1 1 1 1 1 1 1 1 1 1 1 1 1 1 1 1 1 1 1 1 1 1 1 1 1 1 1 1 1 1 1 1 1 1 1 1 1 1 1 1 1 1 1 1 1 1 1 1 1 1 1 1 1 1 1
staticfield io/netty/util/internal/shaded/org/jctools/queues/atomic/BaseMpscLinkedAtomicArrayQueue RECOMMENDED_OFFER_BATCH I 32
staticfield io/netty/util/internal/shaded/org/jctools/queues/atomic/BaseMpscLinkedAtomicArrayQueue JUMP Ljava/lang/Object; java/lang/Object
ciInstanceKlass io/netty/util/internal/shaded/org/jctools/queues/atomic/MpscUnboundedAtomicArrayQueue 1 1 98 100 100 100 100 7 100 100 5 0 5 0 9 10 10 10 10 12 12 12 12 12 1 1 1 1 1 1 1 1 1 1 1 1 1 1 1 1 1 1 1 1 1 1 1 1 1 1 1 1 1 1 1 1 1 1 1 1 1 1 1 1 1 1 1 1 1 1 1 1 1 1 1 1 1 1 1 1 1 1 1 1 1 1 1 1 1 1 1 1 1 1 1 1 1 1 1 1
ciInstanceKlass  @bci com/firebase/server/client/SingleHostChannelPool numAcquiredChannels ()Lscala/concurrent/Future; 48 <appendix> member <vmtarget> ; 1 1 28 1 7 1 1 1 1 1 1 1 7 1 12 10 12 9 12 9 1 1 7 1 12 10 1 100 1 1
ciMethodData java/lang/invoke/VarHandle checkAccessModeThenIsDirect (Ljava/lang/invoke/VarHandle$AccessDescriptor;)Z 2 21664 orig 80 0 0 0 0 0 0 0 0 0 0 0 0 0 0 0 0 0 0 0 0 0 0 0 0 0 0 0 0 0 0 0 0 0 0 0 0 0 0 0 0 0 0 0 0 0 0 0 0 0 0 0 0 0 0 0 0 0 0 0 0 0 0 0 0 0 0 0 0 0 0 0 0 0 0 0 0 0 0 0 0 data 30 0x40007 0x3b8c 0xa0 0x1913 0xc0005 0x0 0x1e68fa406c8 0x1913 0x0 0x0 0x130007 0x1913 0x50 0x0 0x180005 0x0 0x0 0x0 0x0 0x0 0x0 0x0 0x0 0x0 0x0 0x0 0x9 0x2 0xffffffffffffffff 0x0 oops 1 6 java/lang/invoke/VarHandleByteArrayAsInts$ArrayHandle methods 0
ciMethodData java/lang/invoke/VarForm getMemberName (I)Ljava/lang/invoke/MemberName; 2 21710 orig 80 0 0 0 0 0 0 0 0 0 0 0 0 0 0 0 0 0 0 0 0 0 0 0 0 0 0 0 0 0 0 0 0 0 0 0 0 0 0 0 0 0 0 0 0 0 0 0 0 0 0 0 0 0 0 0 0 0 0 0 0 0 0 0 0 0 0 0 0 0 0 0 0 0 0 0 0 0 0 0 0 data 34 0x80007 0x54bd 0xc0 0x13 0xd0005 0x0 0x1e68fa3dfa8 0x13 0x0 0x0 0x120007 0x13 0x70 0x0 0x1a0002 0x0 0x1d0005 0x0 0x0 0x0 0x0 0x0 0x200002 0x0 0x0 0x0 0x0 0x0 0x0 0x0 0x9 0x2 0x0 0x0 oops 1 6 java/lang/invoke/VarForm methods 0
ciMethod io/netty/util/concurrent/AbstractEventExecutor inEventLoop ()Z 516 0 381 0 -1
ciMethod io/netty/util/concurrent/SingleThreadEventExecutor pollTask ()Ljava/lang/Runnable; 512 0 5376 0 -1
ciMethod io/netty/util/internal/shaded/org/jctools/queues/atomic/BaseMpscLinkedAtomicArrayQueue modifiedCalcElementOffset (JJ)I 512 0 5441 0 0
ciMethod io/netty/util/internal/shaded/org/jctools/queues/atomic/BaseMpscLinkedAtomicArrayQueue poll ()Ljava/lang/Object; 768 0 5350 0 0
ciMethod io/netty/util/internal/shaded/org/jctools/queues/atomic/BaseMpscLinkedAtomicArrayQueue getNextBuffer (Ljava/util/concurrent/atomic/AtomicReferenceArray;J)Ljava/util/concurrent/atomic/AtomicReferenceArray; 0 0 1 0 -1
ciMethod io/netty/util/internal/shaded/org/jctools/queues/atomic/BaseMpscLinkedAtomicArrayQueue newBufferPoll (Ljava/util/concurrent/atomic/AtomicReferenceArray;J)Ljava/lang/Object; 0 0 1 0 -1
ciMethod io/netty/util/internal/shaded/org/jctools/queues/atomic/BaseMpscLinkedAtomicArrayQueue lvProducerIndex ()J 514 0 10682 0 0
ciMethod io/netty/util/internal/shaded/org/jctools/queues/atomic/BaseMpscLinkedAtomicArrayQueue soConsumerIndex (J)V 44 0 85 0 0
ciMethodData io/netty/util/internal/shaded/org/jctools/queues/atomic/BaseMpscLinkedAtomicArrayQueue lvProducerIndex ()J 2 10425 orig 80 0 0 0 0 0 0 0 0 0 0 0 0 0 0 0 0 0 0 0 0 0 0 0 0 0 0 0 0 0 0 0 0 0 0 0 0 0 0 0 0 0 0 0 0 0 0 0 0 0 0 0 0 0 0 0 0 0 0 0 0 0 0 0 0 0 0 0 0 0 0 0 0 0 0 0 0 0 0 0 0 data 15 0x40005 0x0 0x1e694bd5fc8 0x28cf 0x0 0x0 0x0 0x0 0x0 0x0 0x0 0x0 0x9 0x1 0x0 oops 1 2 java/util/concurrent/atomic/AtomicLong methods 0
ciMethodData java/lang/invoke/VarHandleGuards guard_LI_L (Ljava/lang/invoke/VarHandle;Ljava/lang/Object;ILjava/lang/invoke/VarHandle$AccessDescriptor;)Ljava/lang/Object; 2 5146 orig 80 0 0 0 0 0 0 0 0 0 0 0 0 0 0 0 0 0 0 0 0 0 0 0 0 0 0 0 0 0 0 0 0 0 0 0 0 0 0 0 0 0 0 0 0 0 0 0 0 0 0 0 0 0 0 0 0 0 0 0 0 0 0 0 0 0 0 0 0 0 0 0 0 0 0 0 0 0 0 0 0 data 99 0x2000b 0x0 0x1e68fa3b410 0x140b 0x0 0x0 0x2 0x1 0x1e68fa3b0c0 0x90007 0x0 0x110 0x1419 0x1c0007 0x0 0xf0 0x141a 0x2a000b 0x0 0x1e68fa3dfa8 0x141c 0x0 0x0 0x1 0x1e68f5d4ca8 0x2d000a 0x141d 0x5 0x0 0x1e68fa3b410 0x1 0x1e68fa3ae38 0x3 0x38000b 0x0 0x1e68f5d2cb0 0x141f 0x0 0x0 0x3 0x1 0x3 0x3 0x41000b 0x0 0x0 0x0 0x0 0x0 0x1 0x0 0x4c000b 0x0 0x0 0x0 0x0 0x0 0x3 0x1 0x1e68f5d4f50 0x0 0x50000b 0x0 0x0 0x0 0x0 0x0 0x1 0x0 0x55000b 0x0 0x0 0x0 0x0 0x0 0x5 0x1 0x0 0x2 0x0 0x0 0x0 0x0 0x0 0x0 0x0 0x0 0x9 0x4 0x0 0x0 0x0 0x0 0xc 0x4 0x0 0x1e68fa3b410 0x1 0x1e68fa3ae38 oops 10 2 java/lang/invoke/VarHandleReferences$Array 8 java/lang/invoke/VarHandle$AccessDescriptor 19 java/lang/invoke/VarForm 24 java/lang/invoke/MemberName 29 java/lang/invoke/VarHandleReferences$Array 31 [Ljava/lang/Object; 35 java/lang/Class 59 java/lang/invoke/MethodType 96 java/lang/invoke/VarHandleReferences$Array 98 [Ljava/lang/Object; methods 0
ciMethodData java/util/concurrent/atomic/AtomicReferenceArray get (I)Ljava/lang/Object; 2 5133 orig 80 0 0 0 0 0 0 0 0 0 0 0 0 0 0 0 0 0 0 0 0 0 0 0 0 0 0 0 0 0 0 0 0 0 0 0 0 0 0 0 0 0 0 0 0 0 0 0 0 0 0 0 0 0 0 0 0 0 0 0 0 0 0 0 0 0 0 0 0 0 0 0 0 0 0 0 0 0 0 0 0 data 20 0x8000b 0x1409 0x0 0x0 0x0 0x0 0x3 0x1 0x1e68fa3ae38 0x3 0x0 0x0 0x0 0x0 0x0 0x0 0x9 0x2 0x0 0x0 oops 1 8 [Ljava/lang/Object; methods 0
ciMethodData java/lang/invoke/VarHandleReferences$Array getVolatile (Ljava/lang/invoke/VarHandle;Ljava/lang/Object;I)Ljava/lang/Object; 2 5138 orig 80 0 0 0 0 0 0 0 0 0 0 0 0 0 0 0 0 0 0 0 0 0 0 0 0 0 0 0 0 0 0 0 0 0 0 0 0 0 0 0 0 0 0 0 0 0 0 0 0 0 0 0 0 0 0 0 0 0 0 0 0 0 0 0 0 0 0 0 0 0 0 0 0 0 0 0 0 0 0 0 0 data 40 0x10004 0x0 0x0 0x0 0x0 0x0 0xa0005 0x0 0x1e68f5d2cb0 0x1402 0x0 0x0 0xd0004 0x0 0x0 0x0 0x0 0x0 0x1e0002 0x140e 0x2d000b 0x0 0x0 0x0 0x0 0x0 0x2 0x1 0x0 0x0 0x0 0x0 0x0 0x0 0x0 0x9 0x3 0x0 0x0 0x0 oops 1 8 java/lang/Class methods 0
ciMethodData java/util/concurrent/atomic/AtomicReferenceArray lazySet (ILjava/lang/Object;)V 1 126 orig 80 0 0 0 0 0 0 0 0 0 0 0 0 0 0 0 0 0 0 0 0 0 0 0 0 0 0 0 0 0 0 0 0 0 0 0 0 0 0 0 0 0 0 0 0 0 0 0 0 0 0 0 0 0 0 0 0 0 0 0 0 0 0 0 0 0 0 0 0 0 0 0 0 0 0 0 0 0 0 0 0 data 22 0x9000b 0x7e 0x0 0x0 0x0 0x0 0x4 0x1 0x1e68fa3ae38 0x3 0x2 0x0 0x0 0x0 0x0 0x0 0x0 0x9 0x3 0x0 0x0 0x0 oops 1 8 [Ljava/lang/Object; methods 0
ciMethodData java/lang/invoke/VarHandleGuards guard_LIL_V (Ljava/lang/invoke/VarHandle;Ljava/lang/Object;ILjava/lang/Object;Ljava/lang/invoke/VarHandle$AccessDescriptor;)V 1 126 orig 80 0 0 0 0 0 0 0 0 0 0 0 0 0 0 0 0 0 0 0 0 0 0 0 0 0 0 0 0 0 0 0 0 0 0 0 0 0 0 0 0 0 0 0 0 0 0 0 0 0 0 0 0 0 0 0 0 0 0 0 0 0 0 0 0 0 0 0 0 0 0 0 0 0 0 0 0 0 0 0 0 data 126 0x3000b 0x0 0x1e68fa3b410 0x7e 0x0 0x0 0x2 0x1 0x1e68fa3b0c0 0xa0007 0x0 0xd0 0x7e 0x1f0007 0x0 0xb0 0x7e 0x2f000b 0x3f 0x1e68fa3dfa8 0x3f 0x0 0x0 0x1 0x1e68f5d4ca8 0x32000a 0x7e 0x4 0x0 0x1e68fa3b410 0x1 0x1e68fa3ae38 0x350003 0x7e 0x250 0x3a0007 0x0 0x110 0x0 0x46000b 0x0 0x0 0x0 0x0 0x0 0x1 0x0 0x4e0007 0x0 0xb0 0x0 0x5e000b 0x0 0x0 0x0 0x0 0x0 0x1 0x0 0x61000a 0x0 0x4 0x0 0x0 0x1 0x0 0x640003 0x0 0x140 0x6d000b 0x0 0x0 0x0 0x0 0x0 0x1 0x0 0x79000b 0x0 0x0 0x0 0x0 0x0 0x3 0x1 0x0 0x0 0x7d000b 0x0 0x0 0x0 0x0 0x0 0x1 0x0 0x83000b 0x0 0x0 0x0 0x0 0x0 0x4 0x1 0x0 0x2 0x0 0x0 0x0 0x0 0x0 0x0 0x0 0x0 0x9 0x5 0x0 0x0 0x0 0x0 0x0 0xc 0x4 0x0 0x1e68fa3b410 0x1 0x1e68fa3ae38 oops 8 2 java/lang/invoke/VarHandleReferences$Array 8 java/lang/invoke/VarHandle$AccessDescriptor 19 java/lang/invoke/VarForm 24 java/lang/invoke/MemberName 29 java/lang/invoke/VarHandleReferences$Array 31 [Ljava/lang/Object; 123 java/lang/invoke/VarHandleReferences$Array 125 [Ljava/lang/Object; methods 0
ciMethodData java/lang/invoke/VarHandleReferences$Array setRelease (Ljava/lang/invoke/VarHandle;Ljava/lang/Object;ILjava/lang/Object;)V 1 126 orig 80 0 0 0 0 0 0 0 0 0 0 0 0 0 0 0 0 0 0 0 0 0 0 0 0 0 0 0 0 0 0 0 0 0 0 0 0 0 0 0 0 0 0 0 0 0 0 0 0 0 0 0 0 0 0 0 0 0 0 0 0 0 0 0 0 0 0 0 0 0 0 0 0 0 0 0 0 0 0 0 0 data 45 0x10004 0x0 0x1e68fa3b410 0x3f 0x0 0x0 0xc0005 0x3f 0x1e68f5d2cb0 0x3f 0x0 0x0 0xf0004 0x0 0x1e68fa3ae38 0x3f 0x0 0x0 0x200002 0x7e 0x360002 0x7e 0x39000b 0x3f 0x1e68f5d5768 0x3f 0x0 0x0 0x4 0x1 0x1e68fa3ae38 0x4 0x3 0x0 0x0 0x0 0x0 0x0 0x0 0x9 0x4 0x0 0x0 0x0 0x0 oops 5 2 java/lang/invoke/VarHandleReferences$Array 8 java/lang/Class 14 [Ljava/lang/Object; 24 jdk/internal/misc/Unsafe 30 [Ljava/lang/Object; methods 0
ciMethodData java/lang/invoke/VarHandleReferences$Array runtimeTypeCheck (Ljava/lang/invoke/VarHandleReferences$Array;[Ljava/lang/Object;Ljava/lang/Object;)Ljava/lang/Object; 1 126 orig 80 0 0 0 0 0 0 0 0 0 0 0 0 0 0 0 0 0 0 0 0 0 0 0 0 0 0 0 0 0 0 0 0 0 0 0 0 0 0 0 0 0 0 0 0 0 0 0 0 0 0 0 0 0 0 0 0 0 0 0 0 0 0 0 0 0 0 0 0 0 0 0 0 0 0 0 0 0 0 0 0 data 29 0x50005 0x3f 0x1e68fa3ae38 0x3f 0x0 0x0 0x80007 0x0 0x50 0x7e 0x100005 0x3f 0x1e68f5d2cb0 0x3f 0x0 0x0 0x160002 0x0 0x0 0x0 0x0 0x0 0x0 0x0 0x9 0x3 0x0 0x0 0x0 oops 2 2 [Ljava/lang/Object; 12 java/lang/Class methods 0
ciMethodData java/lang/invoke/VarHandleReferences$Array reflectiveTypeCheck ([Ljava/lang/Object;Ljava/lang/Object;)Ljava/lang/Object; 1 0 orig 80 0 0 0 0 0 0 0 0 0 0 0 0 0 0 0 0 0 0 0 0 0 0 0 0 0 0 0 0 0 0 0 0 0 0 0 0 0 0 0 0 0 0 0 0 0 0 0 0 0 0 0 0 0 0 0 0 0 0 0 0 0 0 0 0 0 0 0 0 0 0 0 0 0 0 0 0 0 0 0 0 data 31 0x10005 0x0 0x0 0x0 0x0 0x0 0x40005 0x0 0x0 0x0 0x0 0x0 0x80005 0x0 0x0 0x0 0x0 0x0 0x110002 0x0 0x0 0x0 0x0 0x0 0x0 0x0 0x9 0x2 0x0 0x0 0xc0001 oops 0 methods 0
ciMethodData io/netty/util/internal/shaded/org/jctools/queues/atomic/BaseMpscLinkedAtomicArrayQueue soConsumerIndex (J)V 1 63 orig 80 0 0 0 0 0 0 0 0 0 0 0 0 0 0 0 0 0 0 0 0 0 0 0 0 0 0 0 0 0 0 0 0 0 0 0 0 0 0 0 0 0 0 0 0 0 0 0 0 0 0 0 0 0 0 0 0 0 0 0 0 0 0 0 0 0 0 0 0 0 0 0 0 0 0 0 0 0 0 0 0 data 17 0x50005 0x0 0x1e694bd5fc8 0x3f 0x0 0x0 0x0 0x0 0x0 0x0 0x0 0x0 0x9 0x3 0x0 0x0 0x0 oops 1 2 java/util/concurrent/atomic/AtomicLong methods 0
ciMethodData io/netty/util/internal/shaded/org/jctools/queues/atomic/BaseMpscLinkedAtomicArrayQueue poll ()Ljava/lang/Object; 2 4966 orig 80 0 0 0 0 0 0 0 0 0 0 0 0 0 0 0 0 0 0 0 0 0 0 0 0 0 0 0 0 0 0 0 0 0 0 0 0 0 0 0 0 0 0 0 0 0 0 0 0 0 0 0 0 0 0 0 0 0 0 0 0 0 0 0 0 0 0 0 0 0 0 0 0 0 0 0 0 0 0 0 0 data 62 0x90005 0x1 0x1e694bd5fc8 0x1367 0x0 0x0 0x160002 0x1368 0x1e0005 0x1 0x1e694bd5d88 0x1366 0x0 0x0 0x250007 0x3f 0xb8 0x1332 0x2a0002 0x1335 0x2e0007 0x1315 0x88 0x0 0x340005 0x0 0x0 0x0 0x0 0x0 0x3b0007 0x0 0xffffffffffffffd0 0x0 0x3e0003 0x0 0x18 0x480007 0x3f 0x40 0x0 0x4f0002 0x0 0x580002 0x0 0x600005 0x0 0x1e694bd5d88 0x3f 0x0 0x0 0x690002 0x3f 0x0 0x0 0x0 0x0 0x0 0x0 0x9 0x1 0x0 oops 3 2 java/util/concurrent/atomic/AtomicLong 10 java/util/concurrent/atomic/AtomicReferenceArray 47 java/util/concurrent/atomic/AtomicReferenceArray methods 0
ciMethodData io/netty/util/internal/shaded/org/jctools/queues/atomic/BaseMpscLinkedAtomicArrayQueue modifiedCalcElementOffset (JJ)I 2 5185 orig 80 0 0 0 0 0 0 0 0 0 0 0 0 0 0 0 0 0 0 0 0 0 0 0 0 0 0 0 0 0 0 0 0 0 0 0 0 0 0 0 0 0 0 0 0 0 0 0 0 0 0 0 0 0 0 0 0 0 0 0 0 0 0 0 0 0 0 0 0 0 0 0 0 0 0 0 0 0 0 0 0 data 7 0x0 0x9 0x4 0x0 0x0 0x0 0x0 oops 0 methods 0
ciMethodData io/netty/util/concurrent/SingleThreadEventExecutor pollTask ()Ljava/lang/Runnable; 2 5120 orig 80 0 0 0 0 0 0 0 0 0 0 0 0 0 0 0 0 0 0 0 0 0 0 0 0 0 0 0 0 0 0 0 0 0 0 0 0 0 0 0 0 0 0 0 0 0 0 0 0 0 0 0 0 0 0 0 0 0 0 0 0 0 0 0 0 0 0 0 0 0 0 0 0 0 0 0 0 0 0 0 0 data 44 0x30007 0x13ed 0x80 0x0 0x70005 0x0 0x0 0x0 0x0 0x0 0xa0007 0x0 0x30 0x0 0x110002 0x0 0x190005 0x0 0x1e6f2c89508 0x13eb 0x0 0x0 0x1e0104 0x15 0x1e6f2c895b0 0x15 0x1e6f2c89658 0x15 0x260007 0x1403 0x38 0x0 0x290003 0x0 0xffffffffffffff80 0x0 0x0 0x0 0x0 0x0 0x0 0x9 0x1 0x0 oops 3 18 io/netty/util/internal/shaded/org/jctools/queues/atomic/MpscUnboundedAtomicArrayQueue 24 io/netty/util/concurrent/ScheduledFutureTask 26  @bci com/firebase/server/client/SingleHostChannelPool numAcquiredChannels ()Lscala/concurrent/Future; 48 <appendix> member <vmtarget> ; methods 0
compile io/netty/util/concurrent/SingleThreadEventExecutor pollTask ()Ljava/lang/Runnable; -1 4 inline 20 0 -1 0 io/netty/util/concurrent/SingleThreadEventExecutor pollTask ()Ljava/lang/Runnable; 1 25 0 io/netty/util/internal/shaded/org/jctools/queues/atomic/BaseMpscLinkedAtomicArrayQueue poll ()Ljava/lang/Object; 2 9 0 java/util/concurrent/atomic/AtomicLong get ()J 2 22 0 io/netty/util/internal/shaded/org/jctools/queues/atomic/BaseMpscLinkedAtomicArrayQueue modifiedCalcElementOffset (JJ)I 2 30 0 java/util/concurrent/atomic/AtomicReferenceArray get (I)Ljava/lang/Object; 3 8 0 java/lang/invoke/VarHandleGuards guard_LI_L (Ljava/lang/invoke/VarHandle;Ljava/lang/Object;ILjava/lang/invoke/VarHandle$AccessDescriptor;)Ljava/lang/Object; 4 2 0 java/lang/invoke/VarHandle checkAccessModeThenIsDirect (Ljava/lang/invoke/VarHandle$AccessDescriptor;)Z 4 42 0 java/lang/invoke/VarForm getMemberName (I)Ljava/lang/invoke/MemberName; 4 45 0 java/lang/invoke/VarHandleReferences$Array getVolatile (Ljava/lang/invoke/VarHandle;Ljava/lang/Object;I)Ljava/lang/Object; 2 42 0 io/netty/util/internal/shaded/org/jctools/queues/atomic/BaseMpscLinkedAtomicArrayQueue lvProducerIndex ()J 3 4 0 java/util/concurrent/atomic/AtomicLong get ()J 2 96 0 java/util/concurrent/atomic/AtomicReferenceArray lazySet (ILjava/lang/Object;)V 3 9 0 java/lang/invoke/VarHandleGuards guard_LIL_V (Ljava/lang/invoke/VarHandle;Ljava/lang/Object;ILjava/lang/Object;Ljava/lang/invoke/VarHandle$AccessDescriptor;)V 4 3 0 java/lang/invoke/VarHandle checkAccessModeThenIsDirect (Ljava/lang/invoke/VarHandle$AccessDescriptor;)Z 4 47 0 java/lang/invoke/VarForm getMemberName (I)Ljava/lang/invoke/MemberName; 4 50 0 java/lang/invoke/VarHandleReferences$Array setRelease (Ljava/lang/invoke/VarHandle;Ljava/lang/Object;ILjava/lang/Object;)V 5 54 0 java/lang/invoke/VarHandleReferences$Array runtimeTypeCheck (Ljava/lang/invoke/VarHandleReferences$Array;[Ljava/lang/Object;Ljava/lang/Object;)Ljava/lang/Object; 6 22 0 java/lang/invoke/VarHandleReferences$Array reflectiveTypeCheck ([Ljava/lang/Object;Ljava/lang/Object;)Ljava/lang/Object; 7 4 0 java/lang/Class getComponentType ()Ljava/lang/Class; 2 105 0 io/netty/util/internal/shaded/org/jctools/queues/atomic/BaseMpscLinkedAtomicArrayQueue soConsumerIndex (J)V
